/opt/stack/tempest/.tox/tempest/lib/python3.12/site-packages/setuptools/__init__.py:92: _DeprecatedInstaller: setuptools.installer and fetch_build_eggs are deprecated.
!!

        ********************************************************************************
        Requirements should be satisfied by a PEP 517 installer.
        If you are using pip, you can try `pip install --use-pep517`.

        This deprecation is overdue, please update your project and remove deprecated
        calls to avoid build errors in the future.
        ********************************************************************************

!!
  dist.fetch_build_eggs(dist.setup_requires)
/opt/stack/tempest/.tox/tempest/lib/python3.12/site-packages/setuptools/_distutils/cmd.py:90: SetuptoolsDeprecationWarning: setup.py install is deprecated.
!!

        ********************************************************************************
        Please avoid running ``setup.py`` directly.
        Instead, use pypa/build, pypa/installer or other
        standards-based tools.

        This deprecation is overdue, please update your project and remove deprecated
        calls to avoid build errors in the future.

        See https://blog.ganssle.io/articles/2021/10/setup-py-deprecated.html for details.
        ********************************************************************************

!!
  self.initialize_options()
/opt/stack/tempest/.tox/tempest/lib/python3.12/site-packages/pbr/setupcfg.py:833: UserWarning: Unknown distribution option: 'tests_require'
  warnings.warn(msg)
/opt/stack/tempest/.tox/tempest/lib/python3.12/site-packages/setuptools/config/_apply_pyprojecttoml.py:82: SetuptoolsDeprecationWarning: `project.license` as a TOML table is deprecated
!!

        ********************************************************************************
        Please use a simple string containing a SPDX expression for `project.license`. You can also use `project.license-files`. (Both options available on setuptools>=77.0.0).

        By 2027-Feb-18, you need to update your project and remove deprecated calls
        or your builds will no longer be supported.

        See https://packaging.python.org/en/latest/guides/writing-pyproject-toml/#license for details.
        ********************************************************************************

!!
  corresp(dist, value, root_dir)
integrated-storage develop-inst-nodeps: /opt/stack/tempest
integrated-storage installed: attrs==26.1.0,autopage==0.6.0,bcrypt==5.0.0,certifi==2026.7.22,cffi==2.1.1,charset-normalizer==3.5.0,cliff==4.16.0,cmd2==4.2.0,cryptography==43.0.3,debtcollector==3.1.0,defusedxml==0.7.1,fasteners==0.20,fixtures==4.3.2,idna==3.18,invoke==3.0.3,iso8601==2.1.0,jsonschema==4.26.0,jsonschema-specifications==2025.9.1,markdown-it-py==4.2.0,mdurl==0.1.2,msgpack==1.2.1,netaddr==1.3.0,oslo.concurrency==7.6.1,oslo.config==10.7.0,oslo.context==6.5.0,oslo.i18n==6.9.0,oslo.log==8.3.1,oslo.serialization==5.11.0,oslo.utils==10.2.0,packaging==26.3,paramiko==4.0.0,pbr==7.0.3,prettytable==3.18.0,prompt_toolkit==3.0.53,psutil==7.2.2,pycparser==3.0,Pygments==2.20.0,PyNaCl==1.6.2,pyparsing==3.3.2,pyperclip==1.11.0,python-dateutil==2.9.0.post0,python-subunit==1.4.6,PyYAML==6.0.3,referencing==0.37.0,requests==2.34.2,rfc3986==2.0.0,rich==15.0.0,rich-argparse==1.8.0,rpds-py==2026.6.3,setuptools==84.0.0,six==1.17.0,stestr==4.2.1,stevedore==5.9.1,-e git+https://opendev.org/openstack/tempest.git@6d858a41e571787dfb6649829b24d0207e043580#egg=tempest,testscenarios==0.6.2,testtools==2.9.1,tomlkit==0.15.1,typing_extensions==4.16.0,urllib3==2.7.0,voluptuous==0.16.0,wcwidth==0.8.2,wrapt==2.3.0
integrated-storage run-test-pre: PYTHONHASHSEED='637203356'
integrated-storage run-test: commands[0] | find . -type f -name '*.pyc' -delete
integrated-storage run-test: commands[1] | tempest run --regex '(?!.*\[.*\bslow\b.*\])(^tempest\.api)' --exclude-list ./tools/tempest-integrated-gate-storage-exclude-list.txt
{1} setUpClass (tempest.api.compute.admin.test_volumes_negative.UpdateMultiattachVolumeNegativeTest) ... SKIPPED: Volume multi-attach is not available.
{6} setUpClass (tempest.api.compute.admin.test_servers_on_multinodes.UnshelveToHostMultiNodesTest) ... SKIPPED: Less than 2 compute nodes, skipping multi-nodes test.
{7} setUpClass (tempest.api.compute.admin.test_live_migration_negative.LiveMigrationNegativeTest) ... SKIPPED: Live migration is not enabled
{10} tempest.api.compute.flavors.test_flavors.FlavorsV2TestJSON.test_get_flavor [0.408038s] ... ok
{10} tempest.api.compute.flavors.test_flavors.FlavorsV2TestJSON.test_list_flavors [0.086778s] ... ok
{10} tempest.api.compute.flavors.test_flavors.FlavorsV2TestJSON.test_list_flavors_detailed_filter_by_min_disk [0.068064s] ... ok
{10} tempest.api.compute.flavors.test_flavors.FlavorsV2TestJSON.test_list_flavors_detailed_filter_by_min_ram [0.091597s] ... ok
{10} tempest.api.compute.flavors.test_flavors.FlavorsV2TestJSON.test_list_flavors_detailed_limit_results [0.050904s] ... ok
{10} tempest.api.compute.flavors.test_flavors.FlavorsV2TestJSON.test_list_flavors_detailed_using_marker [0.075664s] ... ok
{10} tempest.api.compute.flavors.test_flavors.FlavorsV2TestJSON.test_list_flavors_filter_by_min_disk [0.061513s] ... ok
{10} tempest.api.compute.flavors.test_flavors.FlavorsV2TestJSON.test_list_flavors_filter_by_min_ram [0.069278s] ... ok
{10} tempest.api.compute.flavors.test_flavors.FlavorsV2TestJSON.test_list_flavors_limit_results [0.037311s] ... ok
{10} tempest.api.compute.flavors.test_flavors.FlavorsV2TestJSON.test_list_flavors_using_marker [0.082237s] ... ok
{10} tempest.api.compute.flavors.test_flavors.FlavorsV2TestJSON.test_list_flavors_with_detail [0.064501s] ... ok
{3} tempest.api.compute.admin.test_keypairs_v210.KeyPairsV210TestJSON.test_admin_manage_keypairs_for_other_users [0.691911s] ... ok
{16} tempest.api.compute.admin.test_hypervisor.HypervisorAdminTestJSON.test_get_hypervisor_list [0.412609s] ... ok
{0} tempest.api.compute.admin.test_flavors_extra_specs_negative.FlavorsExtraSpecsNegativeTestJSON.test_flavor_get_nonexistent_key [0.337670s] ... ok
{5} tempest.api.compute.admin.test_hypervisor.HypervisorAdminV228Test.test_get_list_hypervisor_details [0.605807s] ... ok
{4} setUpClass (tempest.api.compute.admin.test_auto_allocate_network.AutoAllocateNetworkTest) ... SKIPPED: Found shared networks: [{'id': 'fdd81b4c-2b38-4c47-9873-49f03f2a9205', 'name': 'shared', 'tenant_id': 'e89a2f4d0859499d92829cd73e9d3314', 'project_id': 'e89a2f4d0859499d92829cd73e9d3314', 'admin_state_up': True, 'mtu': 1442, 'status': 'ACTIVE', 'subnets': ['91a118df-eafd-4c4b-a826-3564b12a32cb'], 'shared': True, 'availability_zone_hints': [], 'availability_zones': [], 'ipv4_address_scope': None, 'ipv6_address_scope': None, 'router:external': False, 'qinq': False, 'vlan_transparent': False, 'description': '', 'port_security_enabled': True, 'tags': [], 'created_at': '2026-09-07T02:24:33Z', 'updated_at': '2026-09-07T02:24:36Z', 'revision_number': 2}]
{34} tempest.api.compute.admin.test_availability_zone_negative.AZAdminNegativeTestJSON.test_get_availability_zone_list_detail_with_non_admin_user [0.326257s] ... ok
{38} tempest.api.compute.admin.test_instance_usage_audit_log.InstanceUsageAuditLogTestJSON.test_get_instance_usage_audit_log [0.270983s] ... ok
{16} tempest.api.compute.admin.test_hypervisor.HypervisorAdminTestJSON.test_get_hypervisor_list_details [0.253130s] ... ok
{14} tempest.api.compute.admin.test_hosts_negative.HostsAdminNegativeTestJSON.test_list_hosts_with_non_admin_user [0.354289s] ... ok
{17} tempest.api.compute.admin.test_flavors.FlavorsAdminTestJSON.test_create_flavor_using_string_ram [0.738379s] ... ok
{22} tempest.api.compute.admin.test_hypervisor_negative.HypervisorAdminNegativeUnderV252Test.test_search_hypervisor_with_non_admin_user [0.738592s] ... ok
{24} tempest.api.compute.admin.test_hosts.HostsAdminTestJSON.test_list_hosts [0.520751s] ... ok
{33} tempest.api.compute.admin.test_simple_tenant_usage_negative.TenantUsagesNegativeTestJSON.test_get_usage_tenant_with_empty_tenant_id [0.361546s] ... ok
{0} tempest.api.compute.admin.test_flavors_extra_specs_negative.FlavorsExtraSpecsNegativeTestJSON.test_flavor_non_admin_set_keys [0.389488s] ... ok
{38} tempest.api.compute.admin.test_instance_usage_audit_log.InstanceUsageAuditLogTestJSON.test_list_instance_usage_audit_logs [0.260592s] ... ok
{14} tempest.api.compute.admin.test_hosts_negative.HostsAdminNegativeTestJSON.test_reboot_host_with_non_admin_user [0.276841s] ... ok
{37} tempest.api.compute.admin.test_instance_usage_audit_log_negative.InstanceUsageAuditLogNegativeTestJSON.test_get_instance_usage_audit_logs_with_invalid_time [0.366929s] ... ok
{36} tempest.api.compute.admin.test_availability_zone.AZAdminV2TestJSON.test_get_availability_zone_list [0.384923s] ... ok
{22} tempest.api.compute.admin.test_hypervisor_negative.HypervisorAdminNegativeUnderV252Test.test_search_nonexistent_hypervisor [0.309141s] ... ok
{33} tempest.api.compute.admin.test_simple_tenant_usage_negative.TenantUsagesNegativeTestJSON.test_get_usage_tenant_with_invalid_date [0.283005s] ... ok
{11} tempest.api.compute.admin.test_hypervisor.HypervisorAdminV253TestBase.test_list_show_detail_hypervisors [1.198335s] ... ok
{24} tempest.api.compute.admin.test_hosts.HostsAdminTestJSON.test_list_hosts_with_a_blank_zone [0.327880s] ... ok
{32} tempest.api.compute.admin.test_hypervisor.HypervisorAdminUnderV252Test.test_get_hypervisor_show_servers [0.723539s] ... ok
{9} tempest.api.compute.admin.test_quotas.QuotaClassesAdminTestJSON.test_update_default_quotas [1.362831s] ... ok
{14} tempest.api.compute.admin.test_hosts_negative.HostsAdminNegativeTestJSON.test_reboot_nonexistent_host [0.266587s] ... ok
{16} tempest.api.compute.admin.test_hypervisor.HypervisorAdminTestJSON.test_get_hypervisor_show_details [0.569191s] ... ok
{33} tempest.api.compute.admin.test_simple_tenant_usage_negative.TenantUsagesNegativeTestJSON.test_list_usage_all_tenants_with_non_admin_user [0.452125s] ... ok
{24} tempest.api.compute.admin.test_hosts.HostsAdminTestJSON.test_list_hosts_with_nonexistent_zone [0.453033s] ... ok
{0} tempest.api.compute.admin.test_flavors_extra_specs_negative.FlavorsExtraSpecsNegativeTestJSON.test_flavor_non_admin_unset_keys [0.656476s] ... ok
{14} tempest.api.compute.admin.test_hosts_negative.HostsAdminNegativeTestJSON.test_show_host_detail_with_non_admin_user [0.386212s] ... ok
{39} tempest.api.compute.admin.test_services.ServicesAdminTestJSON.test_get_service_by_host_name [0.920280s] ... ok
{36} tempest.api.compute.admin.test_availability_zone.AZAdminV2TestJSON.test_get_availability_zone_list_detail [0.592041s] ... ok
{16} tempest.api.compute.admin.test_hypervisor.HypervisorAdminTestJSON.test_get_hypervisor_stats [0.396812s] ... ok
{22} tempest.api.compute.admin.test_hypervisor_negative.HypervisorAdminNegativeUnderV252Test.test_show_servers_with_non_admin_user [0.658391s] ... ok
{37} tempest.api.compute.admin.test_instance_usage_audit_log_negative.InstanceUsageAuditLogNegativeTestJSON.test_instance_usage_audit_logs_with_nonadmin_user [0.772945s] ... ok
{32} tempest.api.compute.admin.test_hypervisor.HypervisorAdminUnderV252Test.test_search_hypervisor [0.639988s] ... ok
{14} tempest.api.compute.admin.test_hosts_negative.HostsAdminNegativeTestJSON.test_show_host_detail_with_nonexistent_hostname [0.177918s] ... ok
{35} tempest.api.compute.admin.test_flavors_extra_specs.FlavorMetadataValidation.test_flavor_update_with_custom_namespace [1.318283s] ... ok
{22} tempest.api.compute.admin.test_hypervisor_negative.HypervisorAdminNegativeUnderV252Test.test_show_servers_with_nonexistent_hypervisor [0.135728s] ... ok
{2} tempest.api.compute.admin.test_flavors_microversions.FlavorsV255TestJSON.test_crud_flavor [2.260126s] ... ok
{17} tempest.api.compute.admin.test_flavors.FlavorsAdminTestJSON.test_create_flavor_verify_entry_in_list_details [1.160746s] ... ok
{39} tempest.api.compute.admin.test_services.ServicesAdminTestJSON.test_get_service_by_service_binary_name [0.291376s] ... ok
{0} tempest.api.compute.admin.test_flavors_extra_specs_negative.FlavorsExtraSpecsNegativeTestJSON.test_flavor_non_admin_update_specific_key [0.346659s] ... ok
{14} tempest.api.compute.admin.test_hosts_negative.HostsAdminNegativeTestJSON.test_shutdown_host_with_non_admin_user [0.132067s] ... ok
{39} tempest.api.compute.admin.test_services.ServicesAdminTestJSON.test_list_services [0.099209s] ... ok
{14} tempest.api.compute.admin.test_hosts_negative.HostsAdminNegativeTestJSON.test_shutdown_nonexistent_host [0.104647s] ... ok
{0} tempest.api.compute.admin.test_flavors_extra_specs_negative.FlavorsExtraSpecsNegativeTestJSON.test_flavor_unset_nonexistent_key [0.115397s] ... ok
{16} tempest.api.compute.admin.test_hypervisor.HypervisorAdminTestJSON.test_get_hypervisor_uptime [0.518277s] ... ok
{14} tempest.api.compute.admin.test_hosts_negative.HostsAdminNegativeTestJSON.test_startup_host_with_non_admin_user [0.143958s] ... ok
{0} tempest.api.compute.admin.test_flavors_extra_specs_negative.FlavorsExtraSpecsNegativeTestJSON.test_flavor_update_mismatch_key [0.144414s] ... ok
{19} tempest.api.compute.admin.test_flavors_microversions.FlavorsV261TestJSON.test_crud_flavor [1.954516s] ... ok
{14} tempest.api.compute.admin.test_hosts_negative.HostsAdminNegativeTestJSON.test_startup_nonexistent_host [0.072607s] ... ok
{0} tempest.api.compute.admin.test_flavors_extra_specs_negative.FlavorsExtraSpecsNegativeTestJSON.test_flavor_update_more_key [0.068565s] ... ok
{14} tempest.api.compute.admin.test_hosts_negative.HostsAdminNegativeTestJSON.test_update_host_with_invalid_maintenance_mode [0.015395s] ... ok
{14} tempest.api.compute.admin.test_hosts_negative.HostsAdminNegativeTestJSON.test_update_host_with_invalid_status [0.013793s] ... ok
{17} tempest.api.compute.admin.test_flavors.FlavorsAdminTestJSON.test_create_flavor_with_int_id [0.373554s] ... ok
{14} tempest.api.compute.admin.test_hosts_negative.HostsAdminNegativeTestJSON.test_update_host_with_non_admin_user [0.016493s] ... ok
{14} tempest.api.compute.admin.test_hosts_negative.HostsAdminNegativeTestJSON.test_update_host_without_param [0.021207s] ... ok
{26} tempest.api.compute.admin.test_flavors_access_negative.FlavorsAccessNegativeTestJSON.test_add_flavor_access_duplicate [1.823111s] ... ok
{14} tempest.api.compute.admin.test_hosts_negative.HostsAdminNegativeTestJSON.test_update_nonexistent_host [0.026797s] ... ok
{13} tempest.api.compute.admin.test_flavors_access.FlavorsAccessTestJSON.test_flavor_access_add_remove [2.122722s] ... ok
{17} tempest.api.compute.admin.test_flavors.FlavorsAdminTestJSON.test_create_flavor_with_none_id [0.133167s] ... ok
{26} tempest.api.compute.admin.test_flavors_access_negative.FlavorsAccessNegativeTestJSON.test_flavor_access_list_with_public_flavor [0.144347s] ... ok
{13} tempest.api.compute.admin.test_flavors_access.FlavorsAccessTestJSON.test_flavor_access_list_with_private_flavor [0.130692s] ... ok
{17} tempest.api.compute.admin.test_flavors.FlavorsAdminTestJSON.test_create_flavor_with_uuid_id [0.102052s] ... ok
{17} tempest.api.compute.admin.test_flavors.FlavorsAdminTestJSON.test_create_list_flavor_without_extra_data [0.173495s] ... ok
{26} tempest.api.compute.admin.test_flavors_access_negative.FlavorsAccessNegativeTestJSON.test_flavor_non_admin_add [0.414107s] ... ok
{17} tempest.api.compute.admin.test_flavors.FlavorsAdminTestJSON.test_create_server_with_non_public_flavor [0.379116s] ... ok
{12} tempest.api.compute.admin.test_aggregates_negative.AggregatesAdminNegativeTestJSON.test_aggregate_add_existent_host [2.710084s] ... ok
{25} tempest.api.compute.admin.test_quotas.QuotasAdminTestJSON.test_delete_quota [2.936825s] ... ok
{24} tempest.api.compute.admin.test_hosts.HostsAdminTestJSON.test_list_hosts_with_zone [1.900359s] ... ok
{26} tempest.api.compute.admin.test_flavors_access_negative.FlavorsAccessNegativeTestJSON.test_flavor_non_admin_remove [0.562110s] ... ok
{3} setUpClass (tempest.api.compute.admin.test_live_migration.LiveMigrationManagerWorkflowTest) ... SKIPPED: LiveMigrationManagerWorkflowTest skipped as live-migration is not available
{24} tempest.api.compute.admin.test_hosts.HostsAdminTestJSON.test_show_host_detail [0.086787s] ... ok
{12} tempest.api.compute.admin.test_aggregates_negative.AggregatesAdminNegativeTestJSON.test_aggregate_add_host_as_user [0.293392s] ... ok
{17} tempest.api.compute.admin.test_flavors.FlavorsAdminTestJSON.test_is_public_string_variations [0.554972s] ... ok
{26} tempest.api.compute.admin.test_flavors_access_negative.FlavorsAccessNegativeTestJSON.test_remove_flavor_access_not_found [0.227523s] ... ok
{12} tempest.api.compute.admin.test_aggregates_negative.AggregatesAdminNegativeTestJSON.test_aggregate_add_non_exist_host [0.123604s] ... ok
{12} tempest.api.compute.admin.test_aggregates_negative.AggregatesAdminNegativeTestJSON.test_aggregate_create_aggregate_name_length_exceeds_255 [0.014963s] ... ok
{25} tempest.api.compute.admin.test_quotas.QuotasAdminTestJSON.test_get_default_quotas [0.303257s] ... ok
{12} tempest.api.compute.admin.test_aggregates_negative.AggregatesAdminNegativeTestJSON.test_aggregate_create_aggregate_name_length_less_than_1 [0.025688s] ... ok
{12} tempest.api.compute.admin.test_aggregates_negative.AggregatesAdminNegativeTestJSON.test_aggregate_create_as_user [0.009555s] ... ok
{12} tempest.api.compute.admin.test_aggregates_negative.AggregatesAdminNegativeTestJSON.test_aggregate_create_with_existent_aggregate_name [0.087866s] ... ok
{17} tempest.api.compute.admin.test_flavors.FlavorsAdminTestJSON.test_list_non_public_flavor [0.192726s] ... ok
{12} tempest.api.compute.admin.test_aggregates_negative.AggregatesAdminNegativeTestJSON.test_aggregate_delete_as_user [0.070808s] ... ok
{12} tempest.api.compute.admin.test_aggregates_negative.AggregatesAdminNegativeTestJSON.test_aggregate_delete_with_invalid_id [0.030085s] ... ok
{17} tempest.api.compute.admin.test_flavors.FlavorsAdminTestJSON.test_list_public_flavor_with_other_user [0.158195s] ... ok
{12} tempest.api.compute.admin.test_aggregates_negative.AggregatesAdminNegativeTestJSON.test_aggregate_get_details_as_user [0.073833s] ... ok
{12} tempest.api.compute.admin.test_aggregates_negative.AggregatesAdminNegativeTestJSON.test_aggregate_get_details_with_invalid_id [0.016687s] ... ok
{12} tempest.api.compute.admin.test_aggregates_negative.AggregatesAdminNegativeTestJSON.test_aggregate_list_as_user [0.011188s] ... ok
{12} tempest.api.compute.admin.test_aggregates_negative.AggregatesAdminNegativeTestJSON.test_aggregate_remove_host_as_user [0.898038s] ... ok
{12} tempest.api.compute.admin.test_aggregates_negative.AggregatesAdminNegativeTestJSON.test_aggregate_remove_nonexistent_host [0.114829s] ... ok
{25} tempest.api.compute.admin.test_quotas.QuotasAdminTestJSON.test_get_updated_quotas [1.793638s] ... ok
{25} tempest.api.compute.admin.test_quotas.QuotasAdminTestJSON.test_update_all_quota_resources_for_tenant [0.992357s] ... ok
{36} setUpClass (tempest.api.compute.admin.test_live_migration.LiveMigrationWithoutHostTest) ... SKIPPED: LiveMigrationWithoutHostTest skipped as live-migration is not available
{2} setUpClass (tempest.api.compute.admin.test_spice.SpiceDirectConsoleTestJSON) ... SKIPPED: SPICE console feature is disabled.
{37} setUpClass (tempest.api.compute.admin.test_live_migration.LiveMigrationWithVTPMTest) ... SKIPPED: LiveMigrationWithVTPMTest skipped as live-migration is not available
{5} tempest.api.compute.admin.test_migrations.MigrationsAdminTest.test_cold_migration ... SKIPPED: Less than 2 compute nodes, skipping multinode tests.
{11} tempest.api.compute.images.test_list_images.ListImagesTestJSON.test_get_image [0.245052s] ... ok
{11} tempest.api.compute.images.test_list_images.ListImagesTestJSON.test_list_images [0.100198s] ... ok
{5} tempest.api.compute.admin.test_migrations.MigrationsAdminTest.test_cold_migration_with_swap ... SKIPPED: Less than 2 compute nodes, skipping multinode tests.
{11} tempest.api.compute.images.test_list_images.ListImagesTestJSON.test_list_images_with_detail [0.127511s] ... ok
{5} tempest.api.compute.admin.test_migrations.MigrationsAdminTest.test_list_migrations [0.046061s] ... ok
{2} tempest.api.compute.test_versions.TestVersions.test_get_version_details [0.083479s] ... ok
{2} tempest.api.compute.test_versions.TestVersions.test_list_api_versions [0.018157s] ... ok
{3} tempest.api.compute.admin.test_quotas.QuotasAdminTestV236.test_get_updated_quotas [3.364680s] ... ok
{16} setUpClass (tempest.api.compute.admin.test_live_migration.LiveAutoBlockMigrationV225Test) ... SKIPPED: LiveAutoBlockMigrationV225Test skipped as live-migration is not available
{32} tempest.api.compute.admin.test_quotas.QuotaClassesAdmin257Test.test_update_default_quotas [0.501232s] ... ok
{12} setUpClass (tempest.api.compute.admin.test_live_migration.LiveMigrationRemoteConsolesV26Test) ... SKIPPED: LiveMigrationRemoteConsolesV26Test skipped as live-migration is not available
{19} tempest.api.compute.admin.test_hypervisor_negative.HypervisorAdminNegativeTestJSON.test_get_hypervisor_list_details_with_non_admin_user [0.209432s] ... ok
{19} tempest.api.compute.admin.test_hypervisor_negative.HypervisorAdminNegativeTestJSON.test_get_hypervisor_list_with_non_admin_user [0.014971s] ... ok
{19} tempest.api.compute.admin.test_hypervisor_negative.HypervisorAdminNegativeTestJSON.test_get_hypervisor_stats_with_non_admin_user [0.011708s] ... ok
{19} tempest.api.compute.admin.test_hypervisor_negative.HypervisorAdminNegativeTestJSON.test_get_hypervisor_uptime_with_non_admin_user [0.535404s] ... ok
{19} tempest.api.compute.admin.test_hypervisor_negative.HypervisorAdminNegativeTestJSON.test_get_nonexistent_hypervisor_uptime [0.276807s] ... ok
{17} tempest.api.compute.admin.test_services_negative.ServicesAdminNegativeTestJSON.test_get_service_by_invalid_params [1.360715s] ... ok
{13} tempest.api.compute.admin.test_flavors_extra_specs.FlavorsExtraSpecsTestJSON.test_flavor_non_admin_get_all_keys [1.828691s] ... ok
{2} tempest.api.image.v2.admin.test_images_metadefs_resource_types.MetadataResourceTypesTest.test_basic_meta_def_resource_type_association [0.550355s] ... ok
{19} tempest.api.compute.admin.test_hypervisor_negative.HypervisorAdminNegativeTestJSON.test_show_hypervisor_with_non_admin_user [4.488426s] ... ok
{17} tempest.api.compute.admin.test_services_negative.ServicesAdminNegativeTestJSON.test_get_service_by_invalid_service_and_valid_host [5.082444s] ... ok
{19} tempest.api.compute.admin.test_hypervisor_negative.HypervisorAdminNegativeTestJSON.test_show_nonexistent_hypervisor [1.444059s] ... ok
{13} tempest.api.compute.admin.test_flavors_extra_specs.FlavorsExtraSpecsTestJSON.test_flavor_non_admin_get_specific_key [4.405011s] ... ok
{14} tempest.api.compute.flavors.test_flavors_negative.FlavorsV2NegativeTest.test_boot_with_low_ram [8.699229s] ... ok
{28} tempest.api.compute.admin.test_server_diagnostics.ServerDiagnosticsV248Test.test_get_server_diagnostics [21.448489s] ... ok
{17} tempest.api.compute.admin.test_services_negative.ServicesAdminNegativeTestJSON.test_get_service_with_valid_service_and_invalid_host [5.407043s] ... ok
{29} tempest.api.compute.admin.test_servers_negative.ServersAdminNegativeTestJSON.test_migrate_non_existent_server [1.953911s] ... ok
{17} tempest.api.compute.admin.test_services_negative.ServicesAdminNegativeTestJSON.test_list_services_with_non_admin_user [2.259124s] ... ok
{6} tempest.api.compute.admin.test_volumes_negative.VolumesAdminNegativeTest.test_update_attached_volume_with_nonexistent_volume_in_body ... SKIPPED: Skipped until bug: https://launchpad.net/bugs/2112187 is resolved.
{4} tempest.api.compute.security_groups.test_security_group_rules_negative.SecurityGroupRulesNegativeTestJSON.test_create_security_group_rule_duplicate [14.576475s] ... ok
{20} tempest.api.compute.admin.test_server_diagnostics_negative.ServerDiagnosticsNegativeTest.test_get_server_diagnostics_by_non_admin [26.015995s] ... ok
{2} tempest.api.volume.admin.test_snapshots_actions.SnapshotsActionsTest.test_reset_snapshot_status [0.436463s] ... ok
{32} tempest.api.compute.admin.test_quotas.QuotasAdminTestV257.test_get_updated_quotas [9.134116s] ... ok
{25} tempest.api.compute.security_groups.test_security_groups_negative.SecurityGroupsNegativeTestJSON.test_delete_nonexistent_security_group [1.234143s] ... ok
{31} tempest.api.compute.admin.test_server_diagnostics.ServerDiagnosticsTest.test_get_server_diagnostics [26.914181s] ... ok
{14} tempest.api.compute.keypairs.test_keypairs.KeyPairsV2TestJSON.test_get_keypair_detail [4.535172s] ... ok
{25} tempest.api.compute.security_groups.test_security_groups_negative.SecurityGroupsNegativeTestJSON.test_delete_security_group_without_passing_id [0.706977s] ... ok
{4} tempest.api.compute.security_groups.test_security_group_rules_negative.SecurityGroupRulesNegativeTestJSON.test_create_security_group_rule_with_invalid_from_port [2.390599s] ... ok
{13} tempest.api.compute.admin.test_flavors_extra_specs.FlavorsExtraSpecsTestJSON.test_flavor_set_get_update_show_unset_keys [10.836957s] ... ok
{21} tempest.api.compute.admin.test_servers.ServersAdmin275Test.test_rebuild_update_server_275 [28.510817s] ... ok
{14} tempest.api.compute.keypairs.test_keypairs.KeyPairsV2TestJSON.test_keypair_create_delete [1.137827s] ... ok
{4} tempest.api.compute.security_groups.test_security_group_rules_negative.SecurityGroupRulesNegativeTestJSON.test_create_security_group_rule_with_invalid_id [0.293905s] ... ok
{37} tempest.api.compute.servers.test_server_group.ServerGroupTestJSON.test_create_delete_multiple_server_groups_with_same_name_policy [10.574676s] ... ok
{14} tempest.api.compute.keypairs.test_keypairs.KeyPairsV2TestJSON.test_keypair_create_with_pub_key [0.314471s] ... ok
{2} tempest.api.volume.admin.test_snapshots_actions.SnapshotsActionsTest.test_snapshot_force_delete_when_snapshot_is_creating [2.630539s] ... ok
{10} tempest.api.compute.servers.test_servers.ServersListShow2100Test.test_list_show_rebuild_update_server_2100 [26.127861s] ... ok
{37} tempest.api.compute.servers.test_server_group.ServerGroupTestJSON.test_create_delete_server_group_with_affinity_policy [0.664186s] ... ok
{25} tempest.api.compute.security_groups.test_security_groups_negative.SecurityGroupsNegativeTestJSON.test_delete_the_default_security_group [1.601385s] ... ok
{25} tempest.api.compute.security_groups.test_security_groups_negative.SecurityGroupsNegativeTestJSON.test_security_group_create_with_duplicate_name ... SKIPPED: Neutron allows duplicate names for security groups
{25} tempest.api.compute.security_groups.test_security_groups_negative.SecurityGroupsNegativeTestJSON.test_security_group_create_with_invalid_group_description ... SKIPPED: Skipped until bug: https://launchpad.net/bugs/1161411 is resolved.
{25} tempest.api.compute.security_groups.test_security_groups_negative.SecurityGroupsNegativeTestJSON.test_security_group_create_with_invalid_group_name ... SKIPPED: Skipped until bug: https://launchpad.net/bugs/1161411 is resolved.
{32} setUpClass (tempest.api.object_storage.test_account_services_negative.AccountNegativeTest) ... SKIPPED: AccountNegativeTest skipped as swift is not available
{32} setUpClass (tempest.api.object_storage.test_container_services_negative.ContainerNegativeTest) ... SKIPPED: ContainerNegativeTest skipped as swift is not available
{4} tempest.api.compute.security_groups.test_security_group_rules_negative.SecurityGroupRulesNegativeTestJSON.test_create_security_group_rule_with_invalid_ip_protocol [0.799025s] ... ok
{25} tempest.api.compute.security_groups.test_security_groups_negative.SecurityGroupsNegativeTestJSON.test_security_group_get_nonexistent_group [0.196426s] ... ok
{25} tempest.api.compute.security_groups.test_security_groups_negative.SecurityGroupsNegativeTestJSON.test_update_non_existent_security_group [0.365109s] ... ok
{25} tempest.api.compute.security_groups.test_security_groups_negative.SecurityGroupsNegativeTestJSON.test_update_security_group_with_invalid_sg_des ... SKIPPED: Neutron does not check the security group description
{25} tempest.api.compute.security_groups.test_security_groups_negative.SecurityGroupsNegativeTestJSON.test_update_security_group_with_invalid_sg_id ... SKIPPED: Neutron does not check the security group ID
{25} tempest.api.compute.security_groups.test_security_groups_negative.SecurityGroupsNegativeTestJSON.test_update_security_group_with_invalid_sg_name ... SKIPPED: Neutron does not check the security group name
{37} tempest.api.compute.servers.test_server_group.ServerGroupTestJSON.test_create_delete_server_group_with_anti_affinity_policy [0.770678s] ... ok
{4} tempest.api.compute.security_groups.test_security_group_rules_negative.SecurityGroupRulesNegativeTestJSON.test_create_security_group_rule_with_invalid_port_range [0.830676s] ... ok
{14} tempest.api.compute.keypairs.test_keypairs.KeyPairsV2TestJSON.test_keypairs_create_list_delete [1.344064s] ... ok
{7} tempest.api.compute.floating_ips.test_list_floating_ips.FloatingIPDetailsTestJSON.test_get_floating_ip_details [6.047749s] ... ok
{4} tempest.api.compute.security_groups.test_security_group_rules_negative.SecurityGroupRulesNegativeTestJSON.test_create_security_group_rule_with_invalid_to_port [0.839707s] ... ok
{4} tempest.api.compute.security_groups.test_security_group_rules_negative.SecurityGroupRulesNegativeTestJSON.test_create_security_group_rule_with_non_existent_id [0.339742s] ... ok
{7} tempest.api.compute.floating_ips.test_list_floating_ips.FloatingIPDetailsTestJSON.test_list_floating_ips [0.899709s] ... ok
{2} tempest.api.volume.admin.test_snapshots_actions.SnapshotsActionsTest.test_snapshot_force_delete_when_snapshot_is_deleting [2.564301s] ... ok
{4} tempest.api.compute.security_groups.test_security_group_rules_negative.SecurityGroupRulesNegativeTestJSON.test_delete_security_group_rule_with_non_existent_id [0.510191s] ... ok
{14} tempest.api.compute.test_extensions.ExtensionsTest.test_get_extension [0.515045s] ... ok
{14} tempest.api.compute.test_extensions.ExtensionsTest.test_list_extensions [0.146047s] ... ok
{14} setUpClass (tempest.api.object_storage.test_object_temp_url.ObjectTempUrlTest) ... SKIPPED: ObjectTempUrlTest skipped as swift is not available
{14} setUpClass (tempest.api.volume.admin.test_encrypted_volumes_extend.EncryptedVolumesExtendAttachedTest) ... SKIPPED: Attached encrypted volume extend is disabled.
{2} tempest.api.volume.admin.test_snapshots_actions.SnapshotsActionsTest.test_snapshot_force_delete_when_snapshot_is_error [2.578802s] ... ok
{22} tempest.api.compute.admin.test_simple_tenant_usage.TenantUsagesTestJSON.test_get_usage_tenant [0.210429s] ... ok
{22} tempest.api.compute.admin.test_simple_tenant_usage.TenantUsagesTestJSON.test_get_usage_tenant_with_non_admin_user [0.229064s] ... ok
{22} tempest.api.compute.admin.test_simple_tenant_usage.TenantUsagesTestJSON.test_list_usage_all_tenants [0.151182s] ... ok
{2} tempest.api.volume.admin.test_snapshots_actions.SnapshotsActionsTest.test_snapshot_force_delete_when_snapshot_is_error_deleting [2.463111s] ... ok
{2} tempest.api.volume.admin.test_snapshots_actions.SnapshotsActionsTest.test_update_snapshot_status [0.467940s] ... ok
{19} tempest.api.compute.floating_ips.test_floating_ips_actions.FloatingIPsTestJSON.test_allocate_floating_ip [4.372830s] ... ok
{0} tempest.api.compute.admin.test_security_groups.SecurityGroupsTestAdminJSON.test_list_security_groups_list_all_tenants_filter [26.947798s] ... ok
{28} setUpClass (tempest.api.compute.admin.test_servers_on_multinodes.ServersOnMultiNodesTest) ... SKIPPED: Less than 2 compute nodes, skipping multi-nodes test.
{19} tempest.api.compute.floating_ips.test_floating_ips_actions.FloatingIPsTestJSON.test_delete_floating_ip [1.649905s] ... ok
{15} tempest.api.compute.admin.test_delete_server.DeleteServersAdminTestJSON.test_admin_delete_servers_of_others [39.224195s] ... ok
{36} tempest.api.compute.servers.test_servers.ServersListShow298Test.test_list_show_update_rebuild_server_298 [31.610906s] ... ok
{7} tempest.api.compute.images.test_list_image_filters_negative.ListImageFiltersNegativeTestJSON.test_get_nonexistent_image [0.192019s] ... ok
{33} tempest.api.compute.servers.test_novnc.NoVNCConsoleTestJSON.test_novnc [2.097813s] ... ok
{19} setUpClass (tempest.api.image.v2.test_images_negative.ImportImagesNegativeTest) ... SKIPPED: ImportImagesNegativeTest skipped as image import is not available
{14} tempest.api.volume.test_volumes_list.VolumesListTestJSON.test_volume_list [0.068271s] ... ok
{14} tempest.api.volume.test_volumes_list.VolumesListTestJSON.test_volume_list_by_name [0.077623s] ... ok
{33} tempest.api.compute.servers.test_novnc.NoVNCConsoleTestJSON.test_novnc_bad_token [0.708017s] ... ok
{14} tempest.api.volume.test_volumes_list.VolumesListTestJSON.test_volume_list_details_by_name [0.079241s] ... ok
{14} tempest.api.volume.test_volumes_list.VolumesListTestJSON.test_volume_list_details_pagination [0.350027s] ... ok
{14} tempest.api.volume.test_volumes_list.VolumesListTestJSON.test_volume_list_details_with_multiple_params [0.165521s] ... ok
{38} tempest.api.compute.images.test_images_oneserver_negative.ImagesOneServerNegativeTestJSON.test_create_image_specify_invalid_metadata [0.524282s] ... ok
{38} tempest.api.compute.images.test_images_oneserver_negative.ImagesOneServerNegativeTestJSON.test_create_image_specify_metadata_over_limits [0.404912s] ... ok
{14} tempest.api.volume.test_volumes_list.VolumesListTestJSON.test_volume_list_pagination [0.892197s] ... ok
{32} tempest.api.volume.admin.test_group_snapshots.GroupSnapshotsTest.test_create_group_from_group_snapshot [14.025647s] ... ok
{14} tempest.api.volume.test_volumes_list.VolumesListTestJSON.test_volume_list_param_display_name_and_status [0.072488s] ... ok
{14} tempest.api.volume.test_volumes_list.VolumesListTestJSON.test_volume_list_with_detail_param_display_name_and_status [0.084590s] ... ok
{38} tempest.api.compute.images.test_images_oneserver_negative.ImagesOneServerNegativeTestJSON.test_create_image_specify_name_over_character_limit [0.356257s] ... ok
{14} tempest.api.volume.test_volumes_list.VolumesListTestJSON.test_volume_list_with_detail_param_marker [0.109741s] ... ok
{14} tempest.api.volume.test_volumes_list.VolumesListTestJSON.test_volume_list_with_detail_param_metadata [0.092013s] ... ok
{14} tempest.api.volume.test_volumes_list.VolumesListTestJSON.test_volume_list_with_details [0.091770s] ... ok
{14} tempest.api.volume.test_volumes_list.VolumesListTestJSON.test_volume_list_with_param_metadata [0.082550s] ... ok
{14} tempest.api.volume.test_volumes_list.VolumesListTestJSON.test_volumes_list_by_availability_zone [0.156311s] ... ok
{2} tempest.api.volume.admin.test_volume_types_extra_specs.VolumeTypesExtraSpecsTest.test_volume_type_extra_spec_create_get_delete [0.190843s] ... ok
{2} tempest.api.volume.admin.test_volume_types_extra_specs.VolumeTypesExtraSpecsTest.test_volume_type_extra_specs_list [0.091733s] ... ok
{29} tempest.api.compute.admin.test_servers_negative.ServersAdminNegativeTestJSON.test_migrate_server_invalid_state [22.023100s] ... ok
{29} tempest.api.compute.admin.test_servers_negative.ServersAdminNegativeTestJSON.test_reset_state_server_invalid_state [0.013834s] ... ok
{29} tempest.api.compute.admin.test_servers_negative.ServersAdminNegativeTestJSON.test_reset_state_server_invalid_type [0.012932s] ... ok
{14} tempest.api.volume.test_volumes_list.VolumesListTestJSON.test_volumes_list_by_bootable [0.388341s] ... ok
{29} tempest.api.compute.admin.test_servers_negative.ServersAdminNegativeTestJSON.test_reset_state_server_nonexistent_server [0.016186s] ... ok
{2} tempest.api.volume.admin.test_volume_types_extra_specs.VolumeTypesExtraSpecsTest.test_volume_type_extra_specs_update [0.244286s] ... ok
{14} tempest.api.volume.test_volumes_list.VolumesListTestJSON.test_volumes_list_by_status [0.140256s] ... ok
{14} tempest.api.volume.test_volumes_list.VolumesListTestJSON.test_volumes_list_details_by_availability_zone [0.270287s] ... ok
{1} tempest.api.compute.servers.test_create_server.ServersV294TestFqdnHostnames.test_verify_hostname_allows_fqdn [7.521947s] ... ok
{14} tempest.api.volume.test_volumes_list.VolumesListTestJSON.test_volumes_list_details_by_bootable [0.048129s] ... ok
{14} tempest.api.volume.test_volumes_list.VolumesListTestJSON.test_volumes_list_details_by_status [0.091404s] ... ok
{29} tempest.api.compute.admin.test_servers_negative.ServersAdminNegativeTestJSON.test_resize_server_using_overlimit_ram [0.554483s] ... ok
{29} tempest.api.compute.admin.test_servers_negative.ServersAdminNegativeTestJSON.test_resize_server_using_overlimit_vcpus [0.486950s] ... ok
{29} tempest.api.compute.admin.test_servers_negative.ServersAdminNegativeTestJSON.test_restore_server_invalid_state [0.036990s] ... ok
{31} setUpClass (tempest.api.compute.test_networks.ComputeNetworksTest) ... SKIPPED: nova-network is not available.
{2} tempest.api.volume.admin.test_volume_types_extra_specs_negative.ExtraSpecsNegativeTest.test_create_invalid_body [0.013365s] ... ok
{2} tempest.api.volume.admin.test_volume_types_extra_specs_negative.ExtraSpecsNegativeTest.test_create_none_body [0.015092s] ... ok
{2} tempest.api.volume.admin.test_volume_types_extra_specs_negative.ExtraSpecsNegativeTest.test_create_nonexistent_type_id [0.023571s] ... ok
{2} tempest.api.volume.admin.test_volume_types_extra_specs_negative.ExtraSpecsNegativeTest.test_delete_nonexistent_volume_type_id [0.015129s] ... ok
{2} tempest.api.volume.admin.test_volume_types_extra_specs_negative.ExtraSpecsNegativeTest.test_get_nonexistent_extra_spec_name [0.020408s] ... ok
{2} tempest.api.volume.admin.test_volume_types_extra_specs_negative.ExtraSpecsNegativeTest.test_get_nonexistent_volume_type_id [0.014783s] ... ok
{2} tempest.api.volume.admin.test_volume_types_extra_specs_negative.ExtraSpecsNegativeTest.test_list_nonexistent_volume_type_id [0.013434s] ... ok
{2} tempest.api.volume.admin.test_volume_types_extra_specs_negative.ExtraSpecsNegativeTest.test_update_multiple_extra_spec [0.012583s] ... ok
{2} tempest.api.volume.admin.test_volume_types_extra_specs_negative.ExtraSpecsNegativeTest.test_update_no_body [0.012142s] ... ok
{2} tempest.api.volume.admin.test_volume_types_extra_specs_negative.ExtraSpecsNegativeTest.test_update_none_extra_spec_id [0.053345s] ... ok
{2} tempest.api.volume.admin.test_volume_types_extra_specs_negative.ExtraSpecsNegativeTest.test_update_nonexistent_extra_spec_id [0.025813s] ... ok
{2} tempest.api.volume.admin.test_volume_types_extra_specs_negative.ExtraSpecsNegativeTest.test_update_nonexistent_type_id [0.054147s] ... ok
{18} tempest.api.compute.images.test_images_negative.ImagesNegativeTestJSON.test_create_image_from_deleted_server [46.738558s] ... ok
{18} tempest.api.compute.images.test_images_negative.ImagesNegativeTestJSON.test_create_image_from_invalid_server [0.010213s] ... ok
{18} tempest.api.compute.images.test_images_negative.ImagesNegativeTestJSON.test_create_image_specify_uuid_35_characters_or_less [0.009910s] ... ok
{18} tempest.api.compute.images.test_images_negative.ImagesNegativeTestJSON.test_create_image_specify_uuid_37_characters_or_more [0.009920s] ... ok
{31} tempest.api.compute.volumes.test_volumes_get.VolumesGetTestJSON.test_volume_create_get_delete [2.968387s] ... ok
{7} tempest.api.compute.security_groups.test_security_group_rules.SecurityGroupRulesTestJSON.test_security_group_rules_create [0.666934s] ... ok
{7} tempest.api.compute.security_groups.test_security_group_rules.SecurityGroupRulesTestJSON.test_security_group_rules_create_with_optional_cidr [0.531879s] ... ok
{7} tempest.api.compute.security_groups.test_security_group_rules.SecurityGroupRulesTestJSON.test_security_group_rules_create_with_optional_group_id [0.747035s] ... ok
{20} tempest.api.compute.floating_ips.test_list_floating_ips_negative.FloatingIPDetailsNegativeTestJSON.test_get_nonexistent_floating_ip_details [0.149661s] ... ok
{7} tempest.api.compute.security_groups.test_security_group_rules.SecurityGroupRulesTestJSON.test_security_group_rules_delete_when_peer_group_deleted [1.403282s] ... ok
{19} tempest.api.volume.admin.test_groups.GroupsTest.test_group_create_show_list_delete [9.681307s] ... ok
{31} setUpClass (tempest.api.object_storage.test_container_quotas.ContainerQuotasTest) ... SKIPPED: ContainerQuotasTest skipped as swift is not available
{6} tempest.api.compute.admin.test_volumes_negative.VolumesAdminNegativeTest.test_update_attached_volume_with_nonexistent_volume_in_uri [29.513126s] ... ok
{7} tempest.api.compute.security_groups.test_security_group_rules.SecurityGroupRulesTestJSON.test_security_group_rules_list [1.151116s] ... ok
{39} tempest.api.compute.floating_ips.test_floating_ips_actions_negative.FloatingIPsAssociationNegativeTestJSON.test_associate_ip_to_server_with_floating_ip [7.437345s] ... ok
{39} tempest.api.compute.floating_ips.test_floating_ips_actions_negative.FloatingIPsAssociationNegativeTestJSON.test_associate_ip_to_server_without_passing_floating_ip [0.010779s] ... ok
{36} tempest.api.compute.test_tenant_networks.ComputeTenantNetworksTest.test_list_show_tenant_networks [0.276131s] ... ok
{39} tempest.api.compute.floating_ips.test_floating_ips_actions_negative.FloatingIPsAssociationNegativeTestJSON.test_associate_nonexistent_floating_ip [0.281404s] ... ok
{39} tempest.api.compute.floating_ips.test_floating_ips_actions_negative.FloatingIPsAssociationNegativeTestJSON.test_dissociate_nonexistent_floating_ip [0.042611s] ... ok
{20} setUpClass (tempest.api.object_storage.test_container_staticweb.StaticWebTest) ... SKIPPED: StaticWebTest skipped as swift is not available
{20} setUpClass (tempest.api.object_storage.test_object_expiry.ObjectExpiryTest) ... SKIPPED: ObjectExpiryTest skipped as swift is not available
{20} setUpClass (tempest.api.object_storage.test_object_slo.ObjectSloTest) ... SKIPPED: ObjectSloTest skipped as swift is not available
{8} tempest.api.compute.images.test_images.ImagesTestJSON.test_create_image_from_paused_server [54.366541s] ... ok
{36} setUpClass (tempest.api.image.v2.test_images.MultistoreLocationImportTest) ... SKIPPED: MultistoreLocationImportTest skipped as only one store is available: []
{36} setUpClass (tempest.api.volume.admin.test_volume_retype.VolumeRetypeWithMigrationTest) ... SKIPPED: Cinder multi-backend feature disabled
{2} tempest.api.volume.test_volume_delete_cascade.VolumesDeleteCascade.test_volume_delete_cascade [10.439024s] ... ok
{23} tempest.api.compute.servers.test_create_server_multi_nic.ServersTestMultiNic.test_verify_duplicate_network_nics [57.492889s] ... ok
{20} tempest.api.volume.admin.test_volume_snapshot_quotas_negative.VolumeSnapshotQuotasNegativeTestJSON.test_quota_volume_gigabytes_snapshots [0.246583s] ... ok
{20} tempest.api.volume.admin.test_volume_snapshot_quotas_negative.VolumeSnapshotQuotasNegativeTestJSON.test_quota_volume_snapshots [0.053112s] ... ok
{32} tempest.api.volume.admin.test_group_snapshots.GroupSnapshotsTest.test_delete_group_snapshots_following_updated_volumes [19.490279s] ... ok
{12} tempest.api.compute.servers.test_create_server.ServersTestJSON.test_host_name_is_same_as_server_name [11.461399s] ... ok
{12} tempest.api.compute.servers.test_create_server.ServersTestJSON.test_list_servers [0.219325s] ... ok
{12} tempest.api.compute.servers.test_create_server.ServersTestJSON.test_list_servers_with_detail [0.379437s] ... ok
{12} tempest.api.compute.servers.test_create_server.ServersTestJSON.test_verify_created_server_vcpus [0.141996s] ... ok
{12} tempest.api.compute.servers.test_create_server.ServersTestJSON.test_verify_server_details [0.000561s] ... ok
{35} tempest.api.compute.images.test_images_oneserver.ImagesOneServerTestJSON.test_create_delete_image [25.596098s] ... ok
{31} tempest.api.volume.admin.test_groups.GroupsV314Test.test_create_group_from_group [12.325885s] ... ok
{19} tempest.api.volume.admin.test_groups.GroupsTest.test_group_update [14.327540s] ... ok
{19} setUpClass (tempest.api.volume.admin.test_multi_backend.VolumeMultiBackendTest) ... SKIPPED: Cinder multi-backend feature disabled
{5} tempest.api.compute.admin.test_migrations.MigrationsAdminTest.test_list_migrations_in_flavor_resize_situation [62.744610s] ... ok
{31} tempest.api.volume.admin.test_volume_services_negative.VolumeServicesNegativeTest.test_disable_log_reason_with_no_reason [0.014836s] ... ok
{31} tempest.api.volume.admin.test_volume_services_negative.VolumeServicesNegativeTest.test_disable_service_with_invalid_binary [0.020386s] ... ok
{31} tempest.api.volume.admin.test_volume_services_negative.VolumeServicesNegativeTest.test_enable_service_with_invalid_host [0.022293s] ... ok
{31} tempest.api.volume.admin.test_volume_services_negative.VolumeServicesNegativeTest.test_freeze_host_with_invalid_host [0.020961s] ... ok
{31} tempest.api.volume.admin.test_volume_services_negative.VolumeServicesNegativeTest.test_thaw_host_with_invalid_host [0.020885s] ... ok
{17} tempest.api.compute.servers.test_attach_interfaces.AttachInterfacesV270Test.test_create_get_list_interfaces [36.763474s] ... ok
{32} tempest.api.volume.admin.test_group_snapshots.GroupSnapshotsTest.test_group_snapshot_create_show_list_delete [9.380782s] ... ok
{2} tempest.api.volume.test_volume_delete_cascade.VolumesDeleteCascade.test_volume_from_snapshot_cascade_delete [11.548917s] ... ok
{11} tempest.api.compute.servers.test_create_server.ServersTestManualDisk.test_host_name_is_same_as_server_name [13.886312s] ... ok
{11} tempest.api.compute.servers.test_create_server.ServersTestManualDisk.test_list_servers [0.207475s] ... ok
{29} tempest.api.compute.keypairs.test_keypairs_negative.KeyPairsNegativeTestJSON.test_create_keypair_invalid_name [0.194311s] ... ok
{29} tempest.api.compute.keypairs.test_keypairs_negative.KeyPairsNegativeTestJSON.test_create_keypair_when_public_key_bits_exceeds_maximum [0.048465s] ... ok
{29} tempest.api.compute.keypairs.test_keypairs_negative.KeyPairsNegativeTestJSON.test_create_keypair_with_duplicate_name [0.111410s] ... ok
{29} tempest.api.compute.keypairs.test_keypairs_negative.KeyPairsNegativeTestJSON.test_create_keypair_with_empty_name_string [0.013622s] ... ok
{29} tempest.api.compute.keypairs.test_keypairs_negative.KeyPairsNegativeTestJSON.test_create_keypair_with_empty_public_key [0.041260s] ... ok
{29} tempest.api.compute.keypairs.test_keypairs_negative.KeyPairsNegativeTestJSON.test_create_keypair_with_long_keynames [0.011087s] ... ok
{37} tempest.api.compute.servers.test_server_group.ServerGroupTestJSON.test_create_server_with_scheduler_hint_group [45.714016s] ... ok
{29} tempest.api.compute.keypairs.test_keypairs_negative.KeyPairsNegativeTestJSON.test_keypair_create_with_invalid_pub_key [0.045040s] ... ok
{29} tempest.api.compute.keypairs.test_keypairs_negative.KeyPairsNegativeTestJSON.test_keypair_delete_nonexistent_key [0.017572s] ... ok
{11} tempest.api.compute.servers.test_create_server.ServersTestManualDisk.test_list_servers_with_detail [0.324892s] ... ok
{37} tempest.api.compute.servers.test_server_group.ServerGroupTestJSON.test_list_server_groups [0.044219s] ... ok
{37} tempest.api.compute.servers.test_server_group.ServerGroupTestJSON.test_show_server_group [0.059418s] ... ok
{11} tempest.api.compute.servers.test_create_server.ServersTestManualDisk.test_verify_created_server_vcpus [0.128505s] ... ok
{11} tempest.api.compute.servers.test_create_server.ServersTestManualDisk.test_verify_server_details [0.000518s] ... ok
{0} tempest.api.compute.admin.test_server_external_events.ServerExternalEventsTest.test_create_server_external_events [36.751387s] ... ok
{4} tempest.api.compute.servers.test_list_server_filters.ListServerFiltersTestJSON.test_list_servers_detailed_filter_by_flavor [0.511776s] ... ok
{4} tempest.api.compute.servers.test_list_server_filters.ListServerFiltersTestJSON.test_list_servers_detailed_filter_by_image ... SKIPPED: Need distinct images to run this test
{4} tempest.api.compute.servers.test_list_server_filters.ListServerFiltersTestJSON.test_list_servers_detailed_filter_by_server_name [0.351886s] ... ok
{4} tempest.api.compute.servers.test_list_server_filters.ListServerFiltersTestJSON.test_list_servers_detailed_filter_by_server_status [0.296692s] ... ok
{37} setUpClass (tempest.api.image.v2.test_images.HashCalculationRemoteDeletionTest) ... SKIPPED: HashCalculationRemoteDeletionTest skipped as http store is disabled
{4} tempest.api.compute.servers.test_list_server_filters.ListServerFiltersTestJSON.test_list_servers_detailed_limit_results [0.247927s] ... ok
{4} tempest.api.compute.servers.test_list_server_filters.ListServerFiltersTestJSON.test_list_servers_filter_by_active_status [0.183143s] ... ok
{4} tempest.api.compute.servers.test_list_server_filters.ListServerFiltersTestJSON.test_list_servers_filter_by_exceed_limit [0.339730s] ... ok
{4} tempest.api.compute.servers.test_list_server_filters.ListServerFiltersTestJSON.test_list_servers_filter_by_flavor [0.143247s] ... ok
{4} tempest.api.compute.servers.test_list_server_filters.ListServerFiltersTestJSON.test_list_servers_filter_by_image ... SKIPPED: Need distinct images to run this test
{4} tempest.api.compute.servers.test_list_server_filters.ListServerFiltersTestJSON.test_list_servers_filter_by_limit [0.049632s] ... ok
{4} tempest.api.compute.servers.test_list_server_filters.ListServerFiltersTestJSON.test_list_servers_filter_by_server_name [0.134537s] ... ok
{12} tempest.api.compute.servers.test_servers.ServerShowV263Test.test_show_update_rebuild_list_server ... SKIPPED: ``[compute]/certified_image_ref`` required to test image certificate validation.
{37} tempest.api.volume.admin.test_groups.GroupsV320Test.test_reset_group_status [2.907722s] ... ok
{15} tempest.api.compute.admin.test_delete_server.DeleteServersAdminTestJSON.test_delete_server_while_in_error_state [45.020070s] ... ok
{30} tempest.api.compute.admin.test_assisted_volume_snapshots.VolumesAssistedSnapshotsTest.test_volume_assisted_snapshot_create_delete [59.434372s] ... ok
{28} tempest.api.compute.servers.test_server_addresses_negative.ServerAddressesNegativeTestJSON.test_list_server_addresses_by_network_neg [0.229629s] ... ok
{28} tempest.api.compute.servers.test_server_addresses_negative.ServerAddressesNegativeTestJSON.test_list_server_addresses_invalid_server_id [0.012129s] ... ok
{6} tempest.api.compute.floating_ips.test_floating_ips_actions_negative.FloatingIPsNegativeTestJSON.test_allocate_floating_ip_from_nonexistent_pool [0.119362s] ... ok
{6} tempest.api.compute.floating_ips.test_floating_ips_actions_negative.FloatingIPsNegativeTestJSON.test_delete_nonexistent_floating_ip [0.054234s] ... ok
{37} tempest.api.volume.admin.test_volume_quotas.VolumeQuotasAdminTestJSON.test_delete_quota [0.256051s] ... ok
{37} tempest.api.volume.admin.test_volume_quotas.VolumeQuotasAdminTestJSON.test_list_default_quotas [0.036362s] ... ok
{37} tempest.api.volume.admin.test_volume_quotas.VolumeQuotasAdminTestJSON.test_list_quotas [0.034936s] ... ok
{17} setUpClass (tempest.api.image.v2.admin.test_image_caching.ImageCachingTest) ... SKIPPED: Target system is not configured with glance caching
{17} setUpClass (tempest.api.object_storage.test_object_services.PublicObjectTest) ... SKIPPED: PublicObjectTest skipped as swift is not available
{4} tempest.api.compute.servers.test_list_server_filters.ListServerFiltersTestJSON.test_list_servers_filter_by_shutoff_status [8.978423s] ... ok
{4} tempest.api.compute.servers.test_list_server_filters.ListServerFiltersTestJSON.test_list_servers_filter_by_zero_limit [0.026071s] ... ok
{16} tempest.api.compute.floating_ips.test_floating_ips_actions.FloatingIPsAssociationTestJSON.test_associate_already_associated_floating_ip [44.041307s] ... ok
{17} tempest.api.volume.admin.test_volume_types_negative.VolumeTypesNegativeTest.test_create_volume_type_encryption_nonexistent_type_id [0.223617s] ... ok
{10} tempest.api.compute.servers.test_servers.ServersListShow296Test.test_list_show_update_rebuild_server_296 [44.549822s] ... ok
{17} tempest.api.volume.admin.test_volume_types_negative.VolumeTypesNegativeTest.test_create_volume_with_private_volume_type [0.207560s] ... ok
{4} tempest.api.compute.servers.test_list_server_filters.ListServerFiltersTestJSON.test_list_servers_filtered_by_ip [0.797126s] ... ok
{17} tempest.api.volume.admin.test_volume_types_negative.VolumeTypesNegativeTest.test_create_with_empty_name [0.009745s] ... ok
{17} tempest.api.volume.admin.test_volume_types_negative.VolumeTypesNegativeTest.test_create_with_repeated_name [0.100278s] ... ok
{17} tempest.api.volume.admin.test_volume_types_negative.VolumeTypesNegativeTest.test_delete_nonexistent_type_id [0.012239s] ... ok
{17} tempest.api.volume.admin.test_volume_types_negative.VolumeTypesNegativeTest.test_get_nonexistent_type_id [0.011137s] ... ok
{4} tempest.api.compute.servers.test_list_server_filters.ListServerFiltersTestJSON.test_list_servers_filtered_by_ip_regex [0.712330s] ... ok
{4} tempest.api.compute.servers.test_list_server_filters.ListServerFiltersTestJSON.test_list_servers_filtered_by_name_regex [0.819927s] ... ok
{4} tempest.api.compute.servers.test_list_server_filters.ListServerFiltersTestJSON.test_list_servers_filtered_by_name_wildcard [0.340978s] ... ok
{16} tempest.api.compute.floating_ips.test_floating_ips_actions.FloatingIPsAssociationTestJSON.test_associate_disassociate_floating_ip [2.566096s] ... ok
{37} tempest.api.volume.admin.test_volume_quotas.VolumeQuotasAdminTestJSON.test_quota_usage [4.700956s] ... ok
{0} tempest.api.compute.images.test_images_negative.ImagesDeleteNegativeTestJSON.test_delete_image_blank_id [0.159543s] ... ok
{0} tempest.api.compute.images.test_images_negative.ImagesDeleteNegativeTestJSON.test_delete_image_negative_image_id [0.027702s] ... ok
{0} tempest.api.compute.images.test_images_negative.ImagesDeleteNegativeTestJSON.test_delete_image_non_hex_string_id [0.024575s] ... ok
{0} tempest.api.compute.images.test_images_negative.ImagesDeleteNegativeTestJSON.test_delete_image_with_id_over_character_limit [0.020545s] ... ok
{0} tempest.api.compute.images.test_images_negative.ImagesDeleteNegativeTestJSON.test_delete_image_with_invalid_image_id [0.027305s] ... ok
{0} tempest.api.compute.images.test_images_negative.ImagesDeleteNegativeTestJSON.test_delete_non_existent_image [0.024504s] ... ok
{35} tempest.api.compute.images.test_images_oneserver.ImagesOneServerTestJSON.test_create_image_specify_multibyte_character_image_name [26.199527s] ... ok
{37} tempest.api.volume.admin.test_volume_quotas.VolumeQuotasAdminTestJSON.test_quota_usage_after_volume_transfer [5.283757s] ... ok
{37} tempest.api.volume.admin.test_volume_quotas.VolumeQuotasAdminTestJSON.test_show_quota_usage [0.040470s] ... ok
{37} tempest.api.volume.admin.test_volume_quotas.VolumeQuotasAdminTestJSON.test_update_all_quota_resources_for_tenant [0.198735s] ... ok
{9} tempest.api.compute.admin.test_servers.ServersAdminTestJSON.test_create_server_with_scheduling_hint [37.686275s] ... ok
{22} tempest.api.compute.servers.test_disk_config.ServerDiskConfigTestJSON.test_rebuild_server_with_auto_disk_config [44.828525s] ... ok
{28} setUpClass (tempest.api.compute.servers.test_server_personality.ServerPersonalityTestJSON) ... SKIPPED: Nova personality feature disabled
{28} setUpClass (tempest.api.volume.admin.test_volumes_backup.VolumesBackupsAdminTest) ... SKIPPED: Cinder backup feature disabled
{13} tempest.api.compute.servers.test_create_server.ServersTestBootFromVolume.test_host_name_is_same_as_server_name [11.342576s] ... ok
{13} tempest.api.compute.servers.test_create_server.ServersTestBootFromVolume.test_list_servers [0.138451s] ... ok
{13} tempest.api.compute.servers.test_create_server.ServersTestBootFromVolume.test_list_servers_with_detail [0.278697s] ... ok
{13} tempest.api.compute.servers.test_create_server.ServersTestBootFromVolume.test_verify_created_server_vcpus [0.125020s] ... ok
{13} tempest.api.compute.servers.test_create_server.ServersTestBootFromVolume.test_verify_server_details [0.000635s] ... ok
{28} tempest.api.volume.test_volume_absolute_limits.AbsoluteLimitsTests.test_get_volume_absolute_limits [0.063699s] ... ok
{30} setUpClass (tempest.api.compute.admin.test_live_migration.LiveMigrationTest) ... SKIPPED: LiveMigrationTest skipped as live-migration is not available
{30} tempest.api.compute.admin.test_quotas_negative.QuotasSecurityGroupAdminNegativeTest.test_security_groups_exceed_limit ... SKIPPED: Skipped until bug: https://launchpad.net/bugs/1186354 is resolved.
{30} tempest.api.compute.admin.test_quotas_negative.QuotasSecurityGroupAdminNegativeTest.test_security_groups_rules_exceed_limit ... SKIPPED: Skipped until bug: https://launchpad.net/bugs/1186354 is resolved.
{26} tempest.api.compute.admin.test_volume.AttachSCSIVolumeTestJSON.test_attach_scsi_disk_with_config_drive [81.724895s] ... ok
{8} tempest.api.compute.images.test_images.ImagesTestJSON.test_create_image_from_stopped_server [57.223267s] ... ok
{18} tempest.api.compute.servers.test_create_server.ServersTestFqdnHostnames.test_create_server_with_fqdn_name [55.942105s] ... ok
{27} tempest.api.compute.servers.test_server_actions.ServerActionsTestOtherA.test_rebuild_server_in_stop_state [70.454470s] ... ok
{23} tempest.api.compute.servers.test_create_server_multi_nic.ServersTestMultiNic.test_verify_multiple_nics_order [58.611074s] ... ok
{38} tempest.api.compute.images.test_images_oneserver_negative.ImagesOneServerNegativeTestJSON.test_create_second_image_when_first_image_is_being_saved [78.656491s] ... ok
{25} tempest.api.compute.servers.test_server_rescue.ServerStableDeviceRescueTest.test_stable_device_rescue_disk_scsi [79.296282s] ... ok
{24} tempest.api.compute.images.test_list_image_filters.ListImageFiltersTestJSON.test_list_images_filter_by_changes_since [0.103348s] ... ok
{24} tempest.api.compute.images.test_list_image_filters.ListImageFiltersTestJSON.test_list_images_filter_by_name [0.088153s] ... ok
{24} tempest.api.compute.images.test_list_image_filters.ListImageFiltersTestJSON.test_list_images_filter_by_server_id [0.090994s] ... ok
{24} tempest.api.compute.images.test_list_image_filters.ListImageFiltersTestJSON.test_list_images_filter_by_server_ref [0.136253s] ... ok
{24} tempest.api.compute.images.test_list_image_filters.ListImageFiltersTestJSON.test_list_images_filter_by_status [0.104452s] ... ok
{26} tempest.api.compute.images.test_image_metadata.ImagesMetadataTestJSON.test_delete_image_metadata_item [0.505630s] ... ok
{24} tempest.api.compute.images.test_list_image_filters.ListImageFiltersTestJSON.test_list_images_filter_by_type [0.058541s] ... ok
{24} tempest.api.compute.images.test_list_image_filters.ListImageFiltersTestJSON.test_list_images_limit_results [0.077280s] ... ok
{16} tempest.api.compute.servers.test_multiple_create_negative.MultipleCreateNegativeTestJSON.test_max_count_less_than_min_count [0.212912s] ... ok
{16} tempest.api.compute.servers.test_multiple_create_negative.MultipleCreateNegativeTestJSON.test_max_count_less_than_one [0.042853s] ... ok
{24} tempest.api.compute.images.test_list_image_filters.ListImageFiltersTestJSON.test_list_images_with_detail_filter_by_changes_since [0.097261s] ... ok
{26} tempest.api.compute.images.test_image_metadata.ImagesMetadataTestJSON.test_get_image_metadata_item [0.244401s] ... ok
{16} tempest.api.compute.servers.test_multiple_create_negative.MultipleCreateNegativeTestJSON.test_max_count_non_integer [0.040236s] ... ok
{24} tempest.api.compute.images.test_list_image_filters.ListImageFiltersTestJSON.test_list_images_with_detail_filter_by_name [0.065797s] ... ok
{16} tempest.api.compute.servers.test_multiple_create_negative.MultipleCreateNegativeTestJSON.test_min_count_less_than_one [0.044291s] ... ok
{16} tempest.api.compute.servers.test_multiple_create_negative.MultipleCreateNegativeTestJSON.test_min_count_non_integer [0.044727s] ... ok
{24} tempest.api.compute.images.test_list_image_filters.ListImageFiltersTestJSON.test_list_images_with_detail_filter_by_server_ref [0.154907s] ... ok
{26} tempest.api.compute.images.test_image_metadata.ImagesMetadataTestJSON.test_list_image_metadata [0.209797s] ... ok
{24} tempest.api.compute.images.test_list_image_filters.ListImageFiltersTestJSON.test_list_images_with_detail_filter_by_status [0.078745s] ... ok
{24} tempest.api.compute.images.test_list_image_filters.ListImageFiltersTestJSON.test_list_images_with_detail_filter_by_type [0.161691s] ... ok
{24} tempest.api.compute.images.test_list_image_filters.ListImageFiltersTestJSON.test_list_images_with_detail_limit_results [0.059521s] ... ok
{26} tempest.api.compute.images.test_image_metadata.ImagesMetadataTestJSON.test_set_image_metadata [0.495052s] ... ok
{26} tempest.api.compute.images.test_image_metadata.ImagesMetadataTestJSON.test_set_image_metadata_item [0.523774s] ... ok
{26} tempest.api.compute.images.test_image_metadata.ImagesMetadataTestJSON.test_update_image_metadata [0.517627s] ... ok
{16} tempest.api.image.v2.test_images_tags.ImagesTagsTest.test_update_delete_tags_for_image [1.033600s] ... ok
{1} tempest.api.compute.servers.test_multiple_create.MultipleCreateTestJSON.test_multiple_create [54.482052s] ... ok
{12} tempest.api.compute.servers.test_servers_microversions.ServerShowV254Test.test_rebuild_server [44.655147s] ... ok
{21} tempest.api.compute.servers.test_attach_interfaces.AttachInterfacesTestJSON.test_create_list_show_delete_interfaces_by_fixed_ip [79.265713s] ... ok
{26} tempest.api.compute.servers.test_availability_zone.AZV2TestJSON.test_get_availability_zone_list_with_non_admin_user [0.242214s] ... ok
{39} tempest.api.compute.servers.test_delete_server.DeleteServersTestJSON.test_delete_active_server [54.058944s] ... ok
{16} tempest.api.volume.admin.test_group_types.GroupTypesTest.test_group_type_create_list_update_show_delete [0.353426s] ... ok
{16} tempest.api.volume.admin.test_group_types.GroupTypesTest.test_group_type_list_by_optional_params [0.201579s] ... ok
{3} tempest.api.compute.servers.test_server_actions.ServerActionsV293TestJSON.test_rebuild_volume_backed_server [50.724164s] ... ok
{4} tempest.api.image.v2.admin.test_image_task.ImageTaskCreate.test_image_tasks_create ... SKIPPED: Skipped until bug: https://launchpad.net/bugs/2030527 is resolved.
{4} tempest.api.image.v2.admin.test_image_task.ImageTaskCreate.test_task_create_fake_image_location [0.205203s] ... ok
{4} setUpClass (tempest.api.object_storage.test_object_formpost.ObjectFormPostTest) ... SKIPPED: ObjectFormPostTest skipped as swift is not available
{4} setUpClass (tempest.api.object_storage.test_object_formpost_negative.ObjectFormPostNegativeTest) ... SKIPPED: ObjectFormPostNegativeTest skipped as swift is not available
{9} tempest.api.compute.admin.test_servers.ServersAdminTestJSON.test_inject_network_info [38.488513s] ... ok
{9} tempest.api.compute.admin.test_servers.ServersAdminTestJSON.test_list_servers_by_admin [0.098986s] ... ok
{9} tempest.api.compute.admin.test_servers.ServersAdminTestJSON.test_list_servers_by_admin_with_all_tenants [0.707578s] ... ok
{15} tempest.api.compute.servers.test_server_rescue_negative.ServerRescueNegativeTestJSON.test_rescue_non_existent_server [0.022816s] ... ok
{9} tempest.api.compute.admin.test_servers.ServersAdminTestJSON.test_list_servers_by_admin_with_specified_tenant [0.434891s] ... ok
{9} tempest.api.compute.admin.test_servers.ServersAdminTestJSON.test_list_servers_detailed_filter_by_invalid_status [0.023358s] ... ok
{9} tempest.api.compute.admin.test_servers.ServersAdminTestJSON.test_list_servers_filter_by_error_status [0.464262s] ... ok
{9} tempest.api.compute.admin.test_servers.ServersAdminTestJSON.test_list_servers_filter_by_exist_host [0.490553s] ... ok
{15} tempest.api.compute.servers.test_server_rescue_negative.ServerRescueNegativeTestJSON.test_rescue_paused_instance [2.942709s] ... ok
{12} tempest.api.compute.volumes.test_volumes_negative.VolumesNegativeTest.test_create_volume_with_invalid_size [0.145632s] ... ok
{12} tempest.api.compute.volumes.test_volumes_negative.VolumesNegativeTest.test_create_volume_with_size_zero [0.009394s] ... ok
{12} tempest.api.compute.volumes.test_volumes_negative.VolumesNegativeTest.test_create_volume_without_passing_size [0.008712s] ... ok
{12} tempest.api.compute.volumes.test_volumes_negative.VolumesNegativeTest.test_delete_invalid_volume_id [0.025361s] ... ok
{12} tempest.api.compute.volumes.test_volumes_negative.VolumesNegativeTest.test_delete_volume_without_passing_volume_id [0.007299s] ... ok
{6} tempest.api.compute.servers.test_server_actions.ServerActionsTestJSON.test_change_server_password ... SKIPPED: Change password not available.
{12} tempest.api.compute.volumes.test_volumes_negative.VolumesNegativeTest.test_get_volume_without_passing_volume_id [0.078037s] ... ok
{12} tempest.api.compute.volumes.test_volumes_negative.VolumesNegativeTest.test_volume_delete_nonexistent_volume_id [0.024776s] ... ok
{12} tempest.api.compute.volumes.test_volumes_negative.VolumesNegativeTest.test_volume_get_nonexistent_volume_id [0.024016s] ... ok
{12} setUpClass (tempest.api.object_storage.test_container_services.ContainerTest) ... SKIPPED: ContainerTest skipped as swift is not available
{4} tempest.api.volume.test_volume_transfers.VolumesTransfersTest.test_create_get_list_accept_volume_transfer [5.515152s] ... ok
{10} tempest.api.compute.servers.test_servers_microversions.ServerShowV257Test.test_rebuild_server [42.503453s] ... ok
{27} tempest.api.compute.servers.test_server_actions.ServerActionsTestOtherA.test_remove_server_all_security_groups [32.771709s] ... ok
{22} tempest.api.compute.servers.test_disk_config.ServerDiskConfigTestJSON.test_rebuild_server_with_manual_disk_config [45.677092s] ... ok
{34} tempest.api.compute.admin.test_create_server.ServersWithSpecificFlavorTestJSON.test_verify_created_server_ephemeral_disk [123.129581s] ... ok
{4} tempest.api.volume.test_volume_transfers.VolumesTransfersTest.test_create_list_delete_volume_transfer [4.664444s] ... ok
{33} tempest.api.compute.servers.test_server_rescue.ServerStableDeviceRescueTestIDE.test_stable_device_rescue_cdrom_ide [84.846623s] ... ok
{7} tempest.api.compute.servers.test_server_rescue.ServerRescueTestJSON.test_rescue_unrescue_instance [46.138218s] ... ok
{6} tempest.api.compute.servers.test_server_actions.ServerActionsTestJSON.test_get_console_output [12.733059s] ... ok
{34} tempest.api.compute.limits.test_absolute_limits_negative.AbsoluteLimitsNegativeTestJSON.test_max_metadata_exceed_limit [0.485493s] ... ok
{34} setUpClass (tempest.api.object_storage.test_account_quotas.AccountQuotasTest) ... SKIPPED: AccountQuotasTest skipped as swift is not available
{34} setUpClass (tempest.api.object_storage.test_healthcheck.HealthcheckTest) ... SKIPPED: HealthcheckTest skipped as swift is not available
{5} tempest.api.compute.admin.test_migrations.MigrationsAdminTest.test_resize_server_revert_deleted_flavor [91.093043s] ... ok
{5} tempest.api.compute.admin.test_migrations.MigrationsAdminTest.test_revert_cold_migration ... SKIPPED: Less than 2 compute nodes, skipping multinode tests.
{4} tempest.api.volume.test_volumes_get.VolumesGetTest.test_volume_create_get_update_delete [9.434966s] ... ok
{34} tempest.api.volume.test_volumes_snapshots_list.VolumesSnapshotListTestJSON.test_snapshot_list_param_limit [0.096543s] ... ok
{34} tempest.api.volume.test_volumes_snapshots_list.VolumesSnapshotListTestJSON.test_snapshot_list_param_limit_equals_infinite [0.045829s] ... ok
{34} tempest.api.volume.test_volumes_snapshots_list.VolumesSnapshotListTestJSON.test_snapshot_list_param_limit_equals_zero [0.015332s] ... ok
{34} tempest.api.volume.test_volumes_snapshots_list.VolumesSnapshotListTestJSON.test_snapshot_list_param_marker [0.069036s] ... ok
{34} tempest.api.volume.test_volumes_snapshots_list.VolumesSnapshotListTestJSON.test_snapshot_list_param_offset [0.027499s] ... ok
{34} tempest.api.volume.test_volumes_snapshots_list.VolumesSnapshotListTestJSON.test_snapshot_list_param_sort_created_at_asc [0.029403s] ... ok
{34} tempest.api.volume.test_volumes_snapshots_list.VolumesSnapshotListTestJSON.test_snapshot_list_param_sort_created_at_desc [0.027141s] ... ok
{34} tempest.api.volume.test_volumes_snapshots_list.VolumesSnapshotListTestJSON.test_snapshot_list_param_sort_id_asc [0.038557s] ... ok
{34} tempest.api.volume.test_volumes_snapshots_list.VolumesSnapshotListTestJSON.test_snapshot_list_param_sort_id_desc [0.028835s] ... ok
{34} tempest.api.volume.test_volumes_snapshots_list.VolumesSnapshotListTestJSON.test_snapshot_list_param_sort_name_asc [0.029876s] ... ok
{34} tempest.api.volume.test_volumes_snapshots_list.VolumesSnapshotListTestJSON.test_snapshot_list_param_sort_name_desc [0.039082s] ... ok
{15} tempest.api.compute.servers.test_server_rescue_negative.ServerRescueNegativeTestJSON.test_rescued_vm_attach_volume [21.452518s] ... ok
{34} tempest.api.volume.test_volumes_snapshots_list.VolumesSnapshotListTestJSON.test_snapshots_list_details_with_params [0.104717s] ... ok
{9} tempest.api.compute.admin.test_servers.ServersAdminTestJSON.test_rebuild_server_in_error_state [23.233234s] ... ok
{34} tempest.api.volume.test_volumes_snapshots_list.VolumesSnapshotListTestJSON.test_snapshots_list_with_params [0.101849s] ... ok
{9} tempest.api.compute.admin.test_servers.ServersAdminTestJSON.test_reset_state_server [0.436971s] ... ok
{29} tempest.api.compute.servers.test_server_actions.ServerActionsTestOtherB.test_create_backup [31.345950s] ... ok
{29} tempest.api.compute.servers.test_server_actions.ServerActionsTestOtherB.test_get_console_output_server_id_in_shutoff_status ... SKIPPED: Skipped until bug: https://launchpad.net/bugs/2028851 is resolved.
{24} tempest.api.compute.keypairs.test_keypairs_v22.KeyPairsV22TestJSON.test_get_keypair_detail [0.250890s] ... ok
{24} tempest.api.compute.keypairs.test_keypairs_v22.KeyPairsV22TestJSON.test_keypair_create_delete [0.060117s] ... ok
{24} tempest.api.compute.keypairs.test_keypairs_v22.KeyPairsV22TestJSON.test_keypair_create_with_pub_key [0.064218s] ... ok
{24} tempest.api.compute.keypairs.test_keypairs_v22.KeyPairsV22TestJSON.test_keypairs_create_list_delete [0.206819s] ... ok
{24} tempest.api.compute.keypairs.test_keypairs_v22.KeyPairsV22TestJSON.test_keypairsv22_create_list_show [0.091547s] ... ok
{24} tempest.api.compute.keypairs.test_keypairs_v22.KeyPairsV22TestJSON.test_keypairsv22_create_list_show_with_type [0.329531s] ... ok
{1} tempest.api.compute.servers.test_multiple_create.MultipleCreateTestJSON.test_multiple_create_with_reservation_return [42.132123s] ... ok
{6} tempest.api.compute.servers.test_server_actions.ServerActionsTestJSON.test_lock_unlock_server [14.304863s] ... ok
{8} tempest.api.compute.images.test_images.ImagesTestJSON.test_create_image_from_suspended_server [58.842308s] ... ok
{10} setUpClass (tempest.api.object_storage.test_container_acl_negative.ObjectACLsNegativeTest) ... SKIPPED: ObjectACLsNegativeTest skipped as swift is not available
{6} tempest.api.compute.servers.test_server_actions.ServerActionsTestJSON.test_pause_unpause_server [3.210169s] ... ok
{23} tempest.api.compute.servers.test_instance_actions.InstanceActionsTestJSON.test_get_instance_action [0.186190s] ... ok
{4} tempest.api.volume.test_volumes_get.VolumesGetTest.test_volume_create_get_update_delete_as_clone [13.725995s] ... ok
{13} tempest.api.compute.servers.test_server_actions.ServersAaction247Test.test_create_backup [45.624392s] ... ok
{0} tempest.api.compute.servers.test_attach_interfaces.AttachInterfacesUnderV243Test.test_add_remove_fixed_ip [75.219782s] ... ok
{24} tempest.api.compute.servers.test_server_group.ServerGroup264TestJSON.test_create_get_server_group [0.366268s] ... ok
{10} tempest.api.volume.admin.test_volume_quotas_negative.VolumeQuotasNegativeTestJSON.test_quota_volume_gigabytes [0.184528s] ... ok
{10} tempest.api.volume.admin.test_volume_quotas_negative.VolumeQuotasNegativeTestJSON.test_quota_volumes [0.195693s] ... ok
{10} tempest.api.volume.admin.test_volume_quotas_negative.VolumeQuotasNegativeTestJSON.test_volume_extend_gigabytes_quota_deviation [0.121566s] ... ok
{26} tempest.api.compute.servers.test_server_tags.ServerTagsTestJSON.test_check_tag_existence [0.177578s] ... ok
{26} tempest.api.compute.servers.test_server_tags.ServerTagsTestJSON.test_create_delete_tag [0.485398s] ... ok
{26} tempest.api.compute.servers.test_server_tags.ServerTagsTestJSON.test_delete_all_tags [0.362079s] ... ok
{35} tempest.api.compute.servers.test_list_servers_negative.ListServersNegativeTestJSON.test_list_servers_by_changes_since_future_date [0.284210s] ... ok
{35} tempest.api.compute.servers.test_list_servers_negative.ListServersNegativeTestJSON.test_list_servers_by_changes_since_invalid_date [0.010991s] ... ok
{26} tempest.api.compute.servers.test_server_tags.ServerTagsTestJSON.test_update_all_tags [0.398503s] ... ok
{35} tempest.api.compute.servers.test_list_servers_negative.ListServersNegativeTestJSON.test_list_servers_by_limits_greater_than_actual_count [0.167332s] ... ok
{35} tempest.api.compute.servers.test_list_servers_negative.ListServersNegativeTestJSON.test_list_servers_by_limits_pass_negative_value [0.009428s] ... ok
{35} tempest.api.compute.servers.test_list_servers_negative.ListServersNegativeTestJSON.test_list_servers_by_limits_pass_string [0.010603s] ... ok
{35} tempest.api.compute.servers.test_list_servers_negative.ListServersNegativeTestJSON.test_list_servers_by_non_existing_flavor [0.026487s] ... ok
{35} tempest.api.compute.servers.test_list_servers_negative.ListServersNegativeTestJSON.test_list_servers_by_non_existing_image [0.086119s] ... ok
{35} tempest.api.compute.servers.test_list_servers_negative.ListServersNegativeTestJSON.test_list_servers_by_non_existing_server_name [0.039076s] ... ok
{33} tempest.api.image.v2.admin.test_images_metadefs_namespace_tags.MetadataNamespaceTagsTest.test_create_list_delete_namespace_tags [0.549862s] ... ok
{35} tempest.api.compute.servers.test_list_servers_negative.ListServersNegativeTestJSON.test_list_servers_detail_server_is_deleted [0.263670s] ... ok
{35} tempest.api.compute.servers.test_list_servers_negative.ListServersNegativeTestJSON.test_list_servers_status_non_existing [0.020486s] ... ok
{35} tempest.api.compute.servers.test_list_servers_negative.ListServersNegativeTestJSON.test_list_servers_with_a_deleted_server [0.089792s] ... ok
{33} tempest.api.image.v2.admin.test_images_metadefs_namespace_tags.MetadataNamespaceTagsTest.test_create_update_delete_tag [0.330553s] ... ok
{23} tempest.api.compute.servers.test_instance_actions.InstanceActionsTestJSON.test_list_instance_actions [6.194654s] ... ok
{24} tempest.api.image.v2.admin.test_images.BasicOperationsImagesAdminTest.test_create_image_owner_param [0.673673s] ... ok
{24} tempest.api.image.v2.admin.test_images.BasicOperationsImagesAdminTest.test_list_public_image [0.649910s] ... ok
{24} tempest.api.image.v2.admin.test_images.BasicOperationsImagesAdminTest.test_update_image_owner_param [0.486769s] ... ok
{33} tempest.api.image.v2.test_images_member_negative.ImagesMemberNegativeTest.test_image_share_invalid_status [0.788255s] ... ok
{33} tempest.api.image.v2.test_images_member_negative.ImagesMemberNegativeTest.test_image_share_owner_cannot_accept [0.656539s] ... ok
{25} tempest.api.compute.servers.test_server_rescue.ServerStableDeviceRescueTest.test_stable_device_rescue_disk_usb [63.059162s] ... ok
{18} tempest.api.compute.servers.test_instance_actions_negative.InstanceActionsNegativeTestJSON.test_get_instance_action_invalid_request [0.228903s] ... ok
{18} tempest.api.compute.servers.test_instance_actions_negative.InstanceActionsNegativeTestJSON.test_list_instance_actions_non_existent_server [0.015964s] ... ok
{33} setUpClass (tempest.api.object_storage.test_object_services.ObjectTest) ... SKIPPED: ObjectTest skipped as swift is not available
{38} tempest.api.compute.images.test_images_oneserver_negative.ImagesOneServerNegativeTestJSON.test_delete_image_that_is_not_yet_active [67.772161s] ... ok
{4} tempest.api.volume.test_volumes_get.VolumesGetTest.test_volume_create_get_update_delete_from_image [16.714752s] ... ok
{29} tempest.api.compute.servers.test_server_actions.ServerActionsTestOtherB.test_get_console_output_with_unlimited_size [27.589498s] ... ok
{29} tempest.api.compute.servers.test_server_actions.ServerActionsTestOtherB.test_get_vnc_console [0.435570s] ... ok
{39} tempest.api.compute.servers.test_delete_server.DeleteServersTestJSON.test_delete_server_while_in_attached_volume [68.690652s] ... ok
{5} tempest.api.compute.admin.test_networks.NetworksTest.test_get_network [0.402826s] ... ok
{5} tempest.api.compute.admin.test_networks.NetworksTest.test_list_all_networks ... SKIPPED: Environment has no known-for-sure existing network.
{39} tempest.api.compute.servers.test_delete_server.DeleteServersTestJSON.test_delete_server_while_in_building_state [1.142854s] ... ok
{35} tempest.api.compute.test_quotas.QuotasTestJSON.test_compare_tenant_quotas_with_default_quotas [0.503845s] ... ok
{35} tempest.api.compute.test_quotas.QuotasTestJSON.test_get_default_quotas [0.205424s] ... ok
{13} tempest.api.compute.volumes.test_volume_snapshots.VolumesSnapshotsTestJSON.test_volume_snapshot_create_get_list_delete [7.493058s] ... ok
{21} tempest.api.compute.servers.test_attach_interfaces.AttachInterfacesTestJSON.test_create_list_show_delete_interfaces_by_network_port [72.810056s] ... ok
{35} tempest.api.compute.test_quotas.QuotasTestJSON.test_get_quotas [0.428804s] ... ok
{35} setUpClass (tempest.api.image.v2.admin.test_images.ImportCopyImagesTest) ... SKIPPED: ImportCopyImagesTest skipped as image import is not available
{30} tempest.api.compute.servers.test_device_tagging.TaggedAttachmentsTest.test_tagged_attachment [79.009100s] ... ok
{13} tempest.api.volume.test_extensions.ExtensionsTestJSON.test_list_extensions [0.193274s] ... ok
{5} tempest.api.compute.admin.test_quotas_negative.QuotasAdminNegativeTest.test_create_server_when_cpu_quota_is_full [1.545395s] ... ok
{35} tempest.api.image.v2.admin.test_images_metadefs_namespace_objects.MetadataNamespaceObjectsTest.test_create_update_delete_meta_namespace_objects [0.654442s] ... ok
{38} tempest.api.compute.limits.test_absolute_limits.AbsoluteLimitsTestJSON.test_absLimits_get [0.216947s] ... ok
{35} tempest.api.image.v2.admin.test_images_metadefs_namespace_objects.MetadataNamespaceObjectsTest.test_list_meta_namespace_objects [0.209046s] ... ok
{5} tempest.api.compute.admin.test_quotas_negative.QuotasAdminNegativeTest.test_create_server_when_instances_quota_is_full [0.998161s] ... ok
{35} tempest.api.image.v2.admin.test_images_metadefs_namespace_objects.MetadataNamespaceObjectsTest.test_show_meta_namespace_objects [0.232821s] ... ok
{5} tempest.api.compute.admin.test_quotas_negative.QuotasAdminNegativeTest.test_create_server_when_memory_quota_is_full [0.979944s] ... ok
{5} tempest.api.compute.admin.test_quotas_negative.QuotasAdminNegativeTest.test_update_quota_normal_user [0.014168s] ... ok
{13} tempest.api.volume.test_volumes_snapshots_negative.VolumesSnapshotNegativeTestJSON.test_create_snapshot_with_nonexistent_volume_id [0.166912s] ... ok
{13} tempest.api.volume.test_volumes_snapshots_negative.VolumesSnapshotNegativeTestJSON.test_create_snapshot_without_passing_volume_id [0.046851s] ... ok
{13} tempest.api.volume.test_volumes_snapshots_negative.VolumesSnapshotNegativeTestJSON.test_list_snapshot_invalid_param_limit [0.193228s] ... ok
{13} tempest.api.volume.test_volumes_snapshots_negative.VolumesSnapshotNegativeTestJSON.test_list_snapshots_invalid_param_marker [0.021791s] ... ok
{13} tempest.api.volume.test_volumes_snapshots_negative.VolumesSnapshotNegativeTestJSON.test_list_snapshots_invalid_param_sort [0.019349s] ... ok
{6} tempest.api.compute.servers.test_server_actions.ServerActionsTestJSON.test_reboot_server_hard [33.359617s] ... ok
{5} tempest.api.compute.admin.test_services_negative.ServicesAdminNegativeV253TestJSON.test_disable_log_reason_with_invalid_service_id [0.175285s] ... ok
{5} tempest.api.compute.admin.test_services_negative.ServicesAdminNegativeV253TestJSON.test_disable_service_with_invalid_service_id [0.031422s] ... ok
{5} tempest.api.compute.admin.test_services_negative.ServicesAdminNegativeV253TestJSON.test_enable_service_with_invalid_service_id [0.029946s] ... ok
{5} tempest.api.compute.admin.test_services_negative.ServicesAdminNegativeV253TestJSON.test_get_service_by_invalid_params [0.074479s] ... ok
{5} tempest.api.compute.admin.test_services_negative.ServicesAdminNegativeV253TestJSON.test_get_service_by_invalid_service_and_valid_host [0.064902s] ... ok
{5} tempest.api.compute.admin.test_services_negative.ServicesAdminNegativeV253TestJSON.test_get_service_with_valid_service_and_invalid_host [0.063046s] ... ok
{1} tempest.api.compute.servers.test_server_addresses.ServerAddressesTestJSON.test_list_server_addresses [0.168481s] ... ok
{5} tempest.api.compute.admin.test_services_negative.ServicesAdminNegativeV253TestJSON.test_list_services_with_non_admin_user [0.100809s] ... ok
{1} tempest.api.compute.servers.test_server_addresses.ServerAddressesTestJSON.test_list_server_addresses_by_network [0.079102s] ... ok
{26} tempest.api.volume.admin.test_volumes_list.VolumesListAdminTestJSON.test_volume_list_param_tenant [2.619264s] ... ok
{5} tempest.api.volume.test_availability_zone.AvailabilityZoneTestJSON.test_get_availability_zone_list [0.100247s] ... ok
{0} tempest.api.compute.servers.test_instance_actions.InstanceActionsV221TestJSON.test_get_list_deleted_instance_actions [26.746270s] ... ok
{10} tempest.api.volume.test_volumes_negative.VolumesNegativeTest.test_attach_volumes_with_nonexistent_volume_id [28.545067s] ... ok
{30} setUpClass (tempest.api.object_storage.test_account_quotas_negative.AccountQuotasNegativeTest) ... SKIPPED: AccountQuotasNegativeTest skipped as swift is not available
{13} tempest.api.volume.test_volumes_snapshots_negative.VolumesSnapshotNegativeTestJSON.test_volume_from_snapshot_decreasing_size [6.911262s] ... ok
{9} tempest.api.compute.images.test_image_metadata_negative.ImagesMetadataNegativeTestJSON.test_delete_nonexistent_image_metadata_item [0.178147s] ... ok
{9} tempest.api.compute.images.test_image_metadata_negative.ImagesMetadataNegativeTestJSON.test_get_nonexistent_image_metadata_item [0.023390s] ... ok
{9} tempest.api.compute.images.test_image_metadata_negative.ImagesMetadataNegativeTestJSON.test_list_nonexistent_image_metadata [0.026708s] ... ok
{9} tempest.api.compute.images.test_image_metadata_negative.ImagesMetadataNegativeTestJSON.test_set_nonexistent_image_metadata [0.034896s] ... ok
{9} tempest.api.compute.images.test_image_metadata_negative.ImagesMetadataNegativeTestJSON.test_set_nonexistent_image_metadata_item [0.038361s] ... ok
{9} tempest.api.compute.images.test_image_metadata_negative.ImagesMetadataNegativeTestJSON.test_update_nonexistent_image_metadata [0.097567s] ... ok
{10} tempest.api.volume.test_volumes_negative.VolumesNegativeTest.test_create_volume_from_deactivated_image [1.860957s] ... ok
{30} tempest.api.volume.admin.test_volume_types.VolumeTypesTest.test_volume_crud_with_volume_type_and_extra_specs [1.897693s] ... FAILED

Captured traceback:
~~~~~~~~~~~~~~~~~~~
    Traceback (most recent call last):

      File "/opt/stack/tempest/tempest/api/volume/admin/test_volume_types.py", line 56, in test_volume_crud_with_volume_type_and_extra_specs
    volume = self.create_volume(**params)
             ^^^^^^^^^^^^^^^^^^^^^^^^^^^^

      File "/opt/stack/tempest/tempest/api/volume/base.py", line 149, in create_volume
    waiters.wait_for_volume_resource_status(self.volumes_client,

      File "/opt/stack/tempest/tempest/common/waiters.py", line 379, in wait_for_volume_resource_status
    raise exceptions.VolumeResourceBuildErrorException(

    tempest.exceptions.VolumeResourceBuildErrorException: volume 796f9978-fb90-4af4-9b1b-502f8974c0fd failed to build and is in ERROR status


Captured pythonlogging:
~~~~~~~~~~~~~~~~~~~~~~~
    2026-09-07 10:31:22,991 1673288 INFO     [tempest.lib.common.rest_client] Request (VolumeTypesTest:test_volume_crud_with_volume_type_and_extra_specs): 200 POST http://172.21.16.48/volume/v3/types 0.183s
2026-09-07 10:31:22,991 1673288 DEBUG    [tempest.lib.common.rest_client] Request - Headers: {'Content-Type': 'application/json', 'Accept': 'application/json', 'X-Auth-Token': '<omitted>'}
        Body: {"volume_type": {"name": "tempest-VolumeTypesTest-volume-type-2003586772", "extra_specs": {"storage_protocol": "iSCSI", "vendor_name": "Open Source"}}}
    Response - Headers: {'date': 'Mon, 07 Sep 2026 02:31:22 GMT', 'server': 'Apache/2.4.58 (Ubuntu)', 'content-type': 'application/json', 'x-compute-request-id': 'req-8582ff8b-df95-4d5f-a9ee-3b0a0acd6579', 'content-length': '278', 'openstack-api-version': 'volume 3.0', 'vary': 'OpenStack-API-Version', 'x-openstack-request-id': 'req-8582ff8b-df95-4d5f-a9ee-3b0a0acd6579', 'connection': 'close', 'status': '200', 'content-location': 'http://172.21.16.48/volume/v3/types'}
        Body: b'{"volume_type": {"id": "a3ba0ba8-c5c7-460e-b4e5-dd9fb28041c2", "name": "tempest-VolumeTypesTest-volume-type-2003586772", "is_public": true, "extra_specs": {"storage_protocol": "iSCSI", "vendor_name": "Open Source"}, "description": null, "os-volume-type-access:is_public": true}}'
2026-09-07 10:31:23,018 1673288 INFO     [tempest.lib.common.rest_client] Request (VolumeTypesTest:test_volume_crud_with_volume_type_and_extra_specs): 200 POST http://172.21.16.48/volume/v3/types 0.023s
2026-09-07 10:31:23,018 1673288 DEBUG    [tempest.lib.common.rest_client] Request - Headers: {'Content-Type': 'application/json', 'Accept': 'application/json', 'X-Auth-Token': '<omitted>'}
        Body: {"volume_type": {"name": "tempest-VolumeTypesTest-volume-type-1711984915", "extra_specs": {"storage_protocol": "iSCSI", "vendor_name": "Open Source"}}}
    Response - Headers: {'date': 'Mon, 07 Sep 2026 02:31:22 GMT', 'server': 'Apache/2.4.58 (Ubuntu)', 'content-type': 'application/json', 'x-compute-request-id': 'req-fb9f2515-c17c-4d64-9f5d-9b65b838492f', 'content-length': '278', 'openstack-api-version': 'volume 3.0', 'vary': 'OpenStack-API-Version', 'x-openstack-request-id': 'req-fb9f2515-c17c-4d64-9f5d-9b65b838492f', 'connection': 'close', 'status': '200', 'content-location': 'http://172.21.16.48/volume/v3/types'}
        Body: b'{"volume_type": {"id": "1bf0a88a-1708-4dcb-a548-381df3905328", "name": "tempest-VolumeTypesTest-volume-type-1711984915", "is_public": true, "extra_specs": {"storage_protocol": "iSCSI", "vendor_name": "Open Source"}, "description": null, "os-volume-type-access:is_public": true}}'
2026-09-07 10:31:23,359 1673288 INFO     [tempest.lib.common.rest_client] Request (VolumeTypesTest:test_volume_crud_with_volume_type_and_extra_specs): 202 POST http://172.21.16.48/volume/v3/volumes 0.338s
2026-09-07 10:31:23,359 1673288 DEBUG    [tempest.lib.common.rest_client] Request - Headers: {'Content-Type': 'application/json', 'Accept': 'application/json', 'X-Auth-Token': '<omitted>'}
        Body: {"volume": {"name": "tempest-VolumeTypesTest-volume-754745203", "volume_type": "a3ba0ba8-c5c7-460e-b4e5-dd9fb28041c2", "size": 1}}
    Response - Headers: {'date': 'Mon, 07 Sep 2026 02:31:23 GMT', 'server': 'Apache/2.4.58 (Ubuntu)', 'content-type': 'application/json', 'x-compute-request-id': 'req-b022555c-3b96-4b50-a894-ce4c508a4676', 'content-length': '785', 'openstack-api-version': 'volume 3.0', 'vary': 'OpenStack-API-Version', 'x-openstack-request-id': 'req-b022555c-3b96-4b50-a894-ce4c508a4676', 'connection': 'close', 'status': '202', 'content-location': 'http://172.21.16.48/volume/v3/volumes'}
        Body: b'{"volume": {"id": "796f9978-fb90-4af4-9b1b-502f8974c0fd", "status": "creating", "size": 1, "availability_zone": "nova", "created_at": "2026-09-07T02:31:23.242944", "updated_at": null, "name": "tempest-VolumeTypesTest-volume-754745203", "description": null, "volume_type": "tempest-VolumeTypesTest-volume-type-2003586772", "snapshot_id": null, "source_volid": null, "metadata": {}, "links": [{"rel": "self", "href": 
    "http://172.21.16.48/volume/v3/volumes/796f9978-fb90-4af4-9b1b-502f8974c0fd"}, {"rel": "bookmark", "href": "http://172.21.16.48/volume/volumes/796f9978-fb90-4af4-9b1b-502f8974c0fd"}], "user_id": "f7d9b04eaf5a4c7281fc4dad19e1da75", "bootable": "false", "encrypted": false, "replication_status": null, "consistencygroup_id": null, "multiattach": false, "attachments": []}}'
2026-09-07 10:31:23,400 1673288 INFO     [tempest.lib.common.rest_client] Request (VolumeTypesTest:test_volume_crud_with_volume_type_and_extra_specs): 200 GET http://172.21.16.48/volume/v3/volumes/796f9978-fb90-4af4-9b1b-502f8974c0fd 0.033s
2026-09-07 10:31:23,400 1673288 DEBUG    [tempest.lib.common.rest_client] Request - Headers: {'Content-Type': 'application/json', 'Accept': 'application/json', 'X-Auth-Token': '<omitted>'}
        Body: None
    Response - Headers: {'date': 'Mon, 07 Sep 2026 02:31:23 GMT', 'server': 'Apache/2.4.58 (Ubuntu)', 'content-type': 'application/json', 'x-compute-request-id': 'req-41122f94-934d-4139-97ae-ba53f1beff69', 'content-length': '853', 'openstack-api-version': 'volume 3.0', 'vary': 'OpenStack-API-Version', 'x-openstack-request-id': 'req-41122f94-934d-4139-97ae-ba53f1beff69', 'connection': 'close', 'status': '200', 'content-location': 'http://172.21.16.48/volume/v3/volumes/796f9978-fb90-4af4-9b1b-502f8974c0fd'}
        Body: b'{"volume": {"id": "796f9978-fb90-4af4-9b1b-502f8974c0fd", "status": "creating", "size": 1, "availability_zone": "nova", "created_at": "2026-09-07T02:31:23.000000", "updated_at": null, "name": "tempest-VolumeTypesTest-volume-754745203", "description": null, "volume_type": "tempest-VolumeTypesTest-volume-type-2003586772", "snapshot_id": null, "source_volid": null, "metadata": {}, "links": [{"rel": "self", "href": "http://172.21.16.48/volume/v3/volumes/796f9978-fb90-4af4-9b1b-502f8974c0fd"}, {"rel": "bookmark", "href": "http://172.21.16.48/volume/volumes/796f9978-fb90-4af4-9b1b-502f8974c0fd"}], "user_id": "f7d9b04eaf5a4c7281fc4dad19e1da75", "bootable": "false", "encrypted": false, "replication_status": null, "consistencygroup_id": null, "multiattach": false, "attachments": [], "os-vol-tenant-attr:tenant_id": "de9ef6192cac4665a3b28206fae131f4"}}'
2026-09-07 10:31:24,435 1673288 INFO     [tempest.lib.common.rest_client] Request (VolumeTypesTest:test_volume_crud_with_volume_type_and_extra_specs): 200 GET http://172.21.16.48/volume/v3/volumes/796f9978-fb90-4af4-9b1b-502f8974c0fd 0.025s
2026-09-07 10:31:24,435 1673288 DEBUG    [tempest.lib.common.rest_client] Request - Headers: {'Content-Type': 'application/json', 'Accept': 'application/json', 'X-Auth-Token': '<omitted>'}
        Body: None
    Response - Headers: {'date': 'Mon, 07 Sep 2026 02:31:24 GMT', 'server': 'Apache/2.4.58 (Ubuntu)', 'content-type': 'application/json', 'x-compute-request-id': 'req-818515f7-7741-470f-ae19-53f7183e2633', 'content-length': '874', 'openstack-api-version': 'volume 3.0', 'vary': 'OpenStack-API-Version', 'x-openstack-request-id': 'req-818515f7-7741-470f-ae19-53f7183e2633', 'connection': 'close', 'status': '200', 'content-location': 'http://172.21.16.48/volume/v3/volumes/796f9978-fb90-4af4-9b1b-502f8974c0fd'}
        Body: b'{"volume": {"id": "796f9978-fb90-4af4-9b1b-502f8974c0fd", "status": "error", "size": 1, "availability_zone": "nova", "created_at": "2026-09-07T02:31:23.000000", "updated_at": "2026-09-07T02:31:23.000000", "name": "tempest-VolumeTypesTest-volume-754745203", "description": null, "volume_type": "tempest-VolumeTypesTest-volume-type-2003586772", "snapshot_id": null, "source_volid": null, "metadata": {}, "links": [{"rel": "self", "href": "http://172.21.16.48/volume/v3/volumes/796f9978-fb90-4af4-9b1b-502f8974c0fd"}, {"rel": "bookmark", "href": "http://172.21.16.48/volume/volumes/796f9978-fb90-4af4-9b1b-502f8974c0fd"}], "user_id": "f7d9b04eaf5a4c7281fc4dad19e1da75", "bootable": "false", "encrypted": false, "replication_status": null, "consistencygroup_id": null, "multiattach": false, "attachments": [], "os-vol-tenant-attr:tenant_id": "de9ef6192cac4665a3b28206fae131f4"}}'
2026-09-07 10:31:24,475 1673288 INFO     
    [tempest.lib.common.rest_client] Request (VolumeTypesTest:_run_cleanups): 200 GET http://172.21.16.48/volume/v3/volumes/796f9978-fb90-4af4-9b1b-502f8974c0fd 0.030s
2026-09-07 10:31:24,475 1673288 DEBUG    [tempest.lib.common.rest_client] Request - Headers: {'Content-Type': 'application/json', 'Accept': 'application/json', 'X-Auth-Token': '<omitted>'}
        Body: None
    Response - Headers: {'date': 'Mon, 07 Sep 2026 02:31:24 GMT', 'server': 'Apache/2.4.58 (Ubuntu)', 'content-type': 'application/json', 'x-compute-request-id': 'req-974094ec-db9a-41a6-9a2a-041c911995fa', 'content-length': '874', 'openstack-api-version': 'volume 3.0', 'vary': 'OpenStack-API-Version', 'x-openstack-request-id': 'req-974094ec-db9a-41a6-9a2a-041c911995fa', 'connection': 'close', 'status': '200', 'content-location': 'http://172.21.16.48/volume/v3/volumes/796f9978-fb90-4af4-9b1b-502f8974c0fd'}
        Body: b'{"volume": {"id": "796f9978-fb90-4af4-9b1b-502f8974c0fd", "status": "error", "size": 1, "availability_zone": "nova", "created_at": "2026-09-07T02:31:23.000000", "updated_at": "2026-09-07T02:31:23.000000", "name": "tempest-VolumeTypesTest-volume-754745203", "description": null, "volume_type": "tempest-VolumeTypesTest-volume-type-2003586772", "snapshot_id": null, "source_volid": null, "metadata": {}, "links": [{"rel": "self", "href": "http://172.21.16.48/volume/v3/volumes/796f9978-fb90-4af4-9b1b-502f8974c0fd"}, {"rel": "bookmark", "href": "http://172.21.16.48/volume/volumes/796f9978-fb90-4af4-9b1b-502f8974c0fd"}], "user_id": "f7d9b04eaf5a4c7281fc4dad19e1da75", "bootable": "false", "encrypted": false, "replication_status": null, "consistencygroup_id": null, "multiattach": false, "attachments": [], "os-vol-tenant-attr:tenant_id": "de9ef6192cac4665a3b28206fae131f4"}}'
2026-09-07 10:31:24,570 1673288 INFO     [tempest.lib.common.rest_client] Request (VolumeTypesTest:_run_cleanups): 202 DELETE http://172.21.16.48/volume/v3/volumes/796f9978-fb90-4af4-9b1b-502f8974c0fd 0.087s
2026-09-07 10:31:24,571 1673288 DEBUG    [tempest.lib.common.rest_client] Request - Headers: {'Content-Type': 'application/json', 'Accept': 'application/json', 'X-Auth-Token': '<omitted>'}
        Body: None
    Response - Headers: {'date': 'Mon, 07 Sep 2026 02:31:24 GMT', 'server': 'Apache/2.4.58 (Ubuntu)', 'content-length': '0', 'content-type': 'text/html; charset=UTF-8', 'openstack-api-version': 'volume 3.0', 'vary': 'OpenStack-API-Version', 'x-openstack-request-id': 'req-022de509-acc0-4f90-a929-93a886d5c77d', 'connection': 'close', 'status': '202', 'content-location': 'http://172.21.16.48/volume/v3/volumes/796f9978-fb90-4af4-9b1b-502f8974c0fd'}
        Body: b''
2026-09-07 10:31:24,590 1673288 INFO     [tempest.lib.common.rest_client] Request (VolumeTypesTest:_run_cleanups): 404 GET http://172.21.16.48/volume/v3/volumes/796f9978-fb90-4af4-9b1b-502f8974c0fd 0.018s
2026-09-07 10:31:24,590 1673288 DEBUG    [tempest.lib.common.rest_client] Request - Headers: {'Content-Type': 'application/json', 'Accept': 'application/json', 'X-Auth-Token': '<omitted>'}
        Body: None
    Response - Headers: {'date': 'Mon, 07 Sep 2026 02:31:24 GMT', 'server': 'Apache/2.4.58 (Ubuntu)', 'openstack-api-version': 'volume 3.0', 'vary': 'OpenStack-API-Version', 'content-length': '109', 'content-type': 'application/json', 'x-compute-request-id': 'req-9f96d40b-8162-4b58-af67-955809843f27', 'x-openstack-request-id': 'req-9f96d40b-8162-4b58-af67-955809843f27', 'connection': 'close', 'status': '404', 'content-location': 'http://172.21.16.48/volume/v3/volumes/796f9978-fb90-4af4-9b1b-502f8974c0fd'}
        Body: b'{"itemNotFound": {"code": 404, "message": "Volume 796f9978-fb90-4af4-9b1b-502f8974c0fd could not be found."}}'
2026-09-07 10:31:24,638 1673288 INFO     [tempest.lib.common.rest_client] Request (VolumeTypesTest:_run_cleanups): 202 DELETE http://172.21.16.48/volume/v3/types/1bf0a88a-1708-4dcb-a548-381df3905328 0.047s
2026-09-07 10:31:24,638 1673288 DEBUG    [tempest.lib.common.rest_client] Request - Headers: {'Content-Type': 'application/json', 'Accept': 'application/json', 'X-Auth-Token': '<omi
    tted>'}
        Body: None
    Response - Headers: {'date': 'Mon, 07 Sep 2026 02:31:24 GMT', 'server': 'Apache/2.4.58 (Ubuntu)', 'content-length': '0', 'content-type': 'text/html; charset=UTF-8', 'openstack-api-version': 'volume 3.0', 'vary': 'OpenStack-API-Version', 'x-openstack-request-id': 'req-3e3c1bd1-e225-4d83-91d7-a81e261ffa01', 'connection': 'close', 'status': '202', 'content-location': 'http://172.21.16.48/volume/v3/types/1bf0a88a-1708-4dcb-a548-381df3905328'}
        Body: b''
2026-09-07 10:31:24,653 1673288 INFO     [tempest.lib.common.rest_client] Request (VolumeTypesTest:_run_cleanups): 404 GET http://172.21.16.48/volume/v3/types/1bf0a88a-1708-4dcb-a548-381df3905328 0.014s
2026-09-07 10:31:24,654 1673288 DEBUG    [tempest.lib.common.rest_client] Request - Headers: {'Content-Type': 'application/json', 'Accept': 'application/json', 'X-Auth-Token': '<omitted>'}
        Body: None
    Response - Headers: {'date': 'Mon, 07 Sep 2026 02:31:24 GMT', 'server': 'Apache/2.4.58 (Ubuntu)', 'openstack-api-version': 'volume 3.0', 'vary': 'OpenStack-API-Version', 'content-length': '114', 'content-type': 'application/json', 'x-compute-request-id': 'req-e283507e-7664-4869-b340-cfe03e1fe3a2', 'x-openstack-request-id': 'req-e283507e-7664-4869-b340-cfe03e1fe3a2', 'connection': 'close', 'status': '404', 'content-location': 'http://172.21.16.48/volume/v3/types/1bf0a88a-1708-4dcb-a548-381df3905328'}
        Body: b'{"itemNotFound": {"code": 404, "message": "Volume type 1bf0a88a-1708-4dcb-a548-381df3905328 could not be found."}}'
2026-09-07 10:31:24,688 1673288 INFO     [tempest.lib.common.rest_client] Request (VolumeTypesTest:_run_cleanups): 202 DELETE http://172.21.16.48/volume/v3/types/a3ba0ba8-c5c7-460e-b4e5-dd9fb28041c2 0.033s
2026-09-07 10:31:24,688 1673288 DEBUG    [tempest.lib.common.rest_client] Request - Headers: {'Content-Type': 'application/json', 'Accept': 'application/json', 'X-Auth-Token': '<omitted>'}
        Body: None
    Response - Headers: {'date': 'Mon, 07 Sep 2026 02:31:24 GMT', 'server': 'Apache/2.4.58 (Ubuntu)', 'content-length': '0', 'content-type': 'text/html; charset=UTF-8', 'openstack-api-version': 'volume 3.0', 'vary': 'OpenStack-API-Version', 'x-openstack-request-id': 'req-b57f4d03-8d05-4c0d-ba68-148382f609bc', 'connection': 'close', 'status': '202', 'content-location': 'http://172.21.16.48/volume/v3/types/a3ba0ba8-c5c7-460e-b4e5-dd9fb28041c2'}
        Body: b''
2026-09-07 10:31:24,704 1673288 INFO     [tempest.lib.common.rest_client] Request (VolumeTypesTest:_run_cleanups): 404 GET http://172.21.16.48/volume/v3/types/a3ba0ba8-c5c7-460e-b4e5-dd9fb28041c2 0.015s
2026-09-07 10:31:24,705 1673288 DEBUG    [tempest.lib.common.rest_client] Request - Headers: {'Content-Type': 'application/json', 'Accept': 'application/json', 'X-Auth-Token': '<omitted>'}
        Body: None
    Response - Headers: {'date': 'Mon, 07 Sep 2026 02:31:24 GMT', 'server': 'Apache/2.4.58 (Ubuntu)', 'openstack-api-version': 'volume 3.0', 'vary': 'OpenStack-API-Version', 'content-length': '114', 'content-type': 'application/json', 'x-compute-request-id': 'req-4327ca6d-f700-4072-a10c-1d5dd3711cab', 'x-openstack-request-id': 'req-4327ca6d-f700-4072-a10c-1d5dd3711cab', 'connection': 'close', 'status': '404', 'content-location': 'http://172.21.16.48/volume/v3/types/a3ba0ba8-c5c7-460e-b4e5-dd9fb28041c2'}
        Body: b'{"itemNotFound": {"code": 404, "message": "Volume type a3ba0ba8-c5c7-460e-b4e5-dd9fb28041c2 could not be found."}}'

{10} tempest.api.volume.test_volumes_negative.VolumesNegativeTest.test_create_volume_from_image_with_decreasing_size [1.567030s] ... ok
{10} tempest.api.volume.test_volumes_negative.VolumesNegativeTest.test_create_volume_with_invalid_size [0.012396s] ... ok
{10} tempest.api.volume.test_volumes_negative.VolumesNegativeTest.test_create_volume_with_nonexistent_snapshot_id [0.026864s] ... ok
{10} tempest.api.volume.test_volumes_negative.VolumesNegativeTest.test_create_volume_with_nonexistent_source_volid [0.024320s] ... ok
{10} tempest.api.volume.test_volumes_negative.VolumesNegativeTest.test_create_volume_with_nonexistent_volume_type [0.022096s] ... ok
{10} tempest.api.volume.test_volumes_negative.VolumesNegativeTest.test_create_volume_with_size_negative [0.013548s] ... ok
{30} tempest.api.volume.admin.test_volume_types.VolumeTypesTest.test_volume_type_create_get_delete [0.126750s] ... ok
{10} tempest.api.volume.test_volumes_negative.VolumesNegativeTest.test_create_volume_with_size_zero [0.013413s] ... ok
{10} tempest.api.volume.test_volumes_negative.VolumesNegativeTest.test_create_volume_without_passing_size [0.012722s] ... ok
{10} tempest.api.volume.test_volumes_negative.VolumesNegativeTest.test_delete_invalid_volume_id [0.023400s] ... ok
{10} tempest.api.volume.test_volumes_negative.VolumesNegativeTest.test_delete_volume_without_passing_volume_id [0.008216s] ... ok
{10} tempest.api.volume.test_volumes_negative.VolumesNegativeTest.test_detach_volumes_with_invalid_volume_id [0.025716s] ... ok
{10} tempest.api.volume.test_volumes_negative.VolumesNegativeTest.test_get_invalid_volume_id [0.017002s] ... ok
{10} tempest.api.volume.test_volumes_negative.VolumesNegativeTest.test_get_volume_without_passing_volume_id [0.010245s] ... ok
{10} tempest.api.volume.test_volumes_negative.VolumesNegativeTest.test_list_volumes_detail_with_invalid_status [0.038175s] ... ok
{10} tempest.api.volume.test_volumes_negative.VolumesNegativeTest.test_list_volumes_detail_with_nonexistent_name [0.081332s] ... ok
{10} tempest.api.volume.test_volumes_negative.VolumesNegativeTest.test_list_volumes_with_invalid_status [0.068046s] ... ok
{0} tempest.api.image.v2.test_images_negative.ImagesNegativeTest.test_create_image_reserved_property [0.281600s] ... ok
{0} tempest.api.image.v2.test_images_negative.ImagesNegativeTest.test_delete_image_null_id [0.007999s] ... ok
{0} tempest.api.image.v2.test_images_negative.ImagesNegativeTest.test_delete_non_existing_image [0.018335s] ... ok
{30} tempest.api.volume.admin.test_volume_types.VolumeTypesTest.test_volume_type_encryption_create_get_update_delete [0.335655s] ... ok
{10} tempest.api.volume.test_volumes_negative.VolumesNegativeTest.test_list_volumes_with_nonexistent_name [0.070203s] ... ok
{30} tempest.api.volume.admin.test_volume_types.VolumeTypesTest.test_volume_type_list [0.037266s] ... ok
{10} tempest.api.volume.test_volumes_negative.VolumesNegativeTest.test_reserve_volume_with_negative_volume_status [0.109188s] ... ok
{10} tempest.api.volume.test_volumes_negative.VolumesNegativeTest.test_reserve_volume_with_nonexistent_volume_id [0.033903s] ... ok
{10} tempest.api.volume.test_volumes_negative.VolumesNegativeTest.test_unreserve_volume_with_nonexistent_volume_id [0.018793s] ... ok
{10} tempest.api.volume.test_volumes_negative.VolumesNegativeTest.test_update_volume_with_empty_volume_id [0.010207s] ... ok
{10} tempest.api.volume.test_volumes_negative.VolumesNegativeTest.test_update_volume_with_invalid_volume_id [0.023265s] ... ok
{30} tempest.api.volume.admin.test_volume_types.VolumeTypesTest.test_volume_type_update [0.227569s] ... ok
{10} tempest.api.volume.test_volumes_negative.VolumesNegativeTest.test_update_volume_with_nonexistent_volume_id [0.030623s] ... ok
{10} tempest.api.volume.test_volumes_negative.VolumesNegativeTest.test_volume_delete_nonexistent_volume_id [0.019754s] ... ok
{10} tempest.api.volume.test_volumes_negative.VolumesNegativeTest.test_volume_extend_with_None_size [0.012949s] ... ok
{10} tempest.api.volume.test_volumes_negative.VolumesNegativeTest.test_volume_extend_with_non_number_size [0.020290s] ... ok
{10} tempest.api.volume.test_volumes_negative.VolumesNegativeTest.test_volume_extend_with_nonexistent_volume_id [0.022167s] ... ok
{10} tempest.api.volume.test_volumes_negative.VolumesNegativeTest.test_volume_extend_with_size_smaller_than_original_size [0.015057s] ... ok
{10} tempest.api.volume.test_volumes_negative.VolumesNegativeTest.test_volume_extend_without_passing_volume_id [0.026788s] ... ok
{10} tempest.api.volume.test_volumes_negative.VolumesNegativeTest.test_volume_get_nonexistent_volume_id [0.020101s] ... ok
{0} tempest.api.image.v2.test_images_negative.ImagesNegativeTest.test_delete_protected_image [0.611535s] ... ok
{0} tempest.api.image.v2.test_images_negative.ImagesNegativeTest.test_get_delete_deleted_image [0.700651s] ... ok
{0} tempest.api.image.v2.test_images_negative.ImagesNegativeTest.test_get_image_null_id [0.007757s] ... ok
{0} tempest.api.image.v2.test_images_negative.ImagesNegativeTest.test_get_non_existent_image [0.012425s] ... ok
{0} tempest.api.image.v2.test_images_negative.ImagesNegativeTest.test_register_with_invalid_container_format [0.045208s] ... ok
{0} tempest.api.image.v2.test_images_negative.ImagesNegativeTest.test_register_with_invalid_disk_format [0.045201s] ... ok
{22} tempest.api.compute.servers.test_disk_config.ServerDiskConfigTestJSON.test_resize_server_from_auto_to_manual [70.046056s] ... ok
{9} tempest.api.image.v2.test_images.BasicOperationsImagesTest.test_deactivate_reactivate_image [1.853800s] ... ok
{0} tempest.api.image.v2.test_images_negative.ImagesNegativeTest.test_update_image_reserved_property [0.473211s] ... ok
{9} tempest.api.image.v2.test_images.BasicOperationsImagesTest.test_delete_image [0.473160s] ... ok
{9} tempest.api.image.v2.test_images.BasicOperationsImagesTest.test_register_upload_get_image_file [1.282737s] ... ok
{9} tempest.api.image.v2.test_images.BasicOperationsImagesTest.test_update_image [0.448232s] ... ok
{9} tempest.api.volume.admin.test_backends_capabilities.BackendsCapabilitiesAdminTestsJSON.test_compare_volume_stats_values [0.049106s] ... ok
{39} tempest.api.compute.servers.test_delete_server.DeleteServersTestJSON.test_delete_server_while_in_pause_state [22.961477s] ... ok
{9} tempest.api.volume.admin.test_backends_capabilities.BackendsCapabilitiesAdminTestsJSON.test_get_capabilities_backend [0.020491s] ... ok
{11} tempest.api.compute.volumes.test_attach_volume_negative.AttachVolumeNegativeTest.test_attach_attached_volume_to_different_server [126.434365s] ... ok
{8} tempest.api.compute.images.test_images.ImagesTestJSON.test_create_server_from_snapshot [53.796405s] ... ok
{9} tempest.api.volume.admin.test_qos.QosSpecsTestJSON.test_associate_disassociate_qos [0.453327s] ... ok
{9} tempest.api.volume.admin.test_qos.QosSpecsTestJSON.test_create_delete_qos_with_back_end_consumer [0.114877s] ... ok
{9} tempest.api.volume.admin.test_qos.QosSpecsTestJSON.test_create_delete_qos_with_both_consumer [0.135274s] ... ok
{23} tempest.api.compute.servers.test_server_password.ServerPasswordTestJSON.test_delete_server_password [0.061937s] ... ok
{9} tempest.api.volume.admin.test_qos.QosSpecsTestJSON.test_create_delete_qos_with_front_end_consumer [0.123474s] ... ok
{9} tempest.api.volume.admin.test_qos.QosSpecsTestJSON.test_get_qos [0.013236s] ... ok
{9} tempest.api.volume.admin.test_qos.QosSpecsTestJSON.test_list_qos [0.020571s] ... ok
{9} tempest.api.volume.admin.test_qos.QosSpecsTestJSON.test_set_unset_qos_key [0.095589s] ... ok
{23} tempest.api.compute.servers.test_server_password.ServerPasswordTestJSON.test_get_server_password [0.202642s] ... ok
{0} tempest.api.volume.admin.test_volume_manage.VolumeManageAdminTest.test_unmanage_manage_volume [6.123720s] ... FAILED

Captured traceback:
~~~~~~~~~~~~~~~~~~~
    Traceback (most recent call last):

      File "/opt/stack/tempest/tempest/api/volume/admin/test_volume_manage.py", line 74, in test_unmanage_manage_volume
    waiters.wait_for_volume_resource_status(self.admin_volume_client,

      File "/opt/stack/tempest/tempest/common/waiters.py", line 379, in wait_for_volume_resource_status
    raise exceptions.VolumeResourceBuildErrorException(

    tempest.exceptions.VolumeResourceBuildErrorException: volume b9604ee2-729a-4e92-9484-f20f4ec0a100 failed to build and is in ERROR status


Captured pythonlogging:
~~~~~~~~~~~~~~~~~~~~~~~
    2026-09-07 10:31:29,885 1673228 INFO     [tempest.lib.common.rest_client] Request (VolumeManageAdminTest:test_unmanage_manage_volume): 202 POST http://172.21.16.48/volume/v3/volumes 0.328s
2026-09-07 10:31:29,886 1673228 DEBUG    [tempest.lib.common.rest_client] Request - Headers: {'Content-Type': 'application/json', 'Accept': 'application/json', 'X-Auth-Token': '<omitted>'}
        Body: {"volume": {"size": 1, "name": "tempest-VolumeManageAdminTest-Volume-390143480"}}
    Response - Headers: {'date': 'Mon, 07 Sep 2026 02:31:29 GMT', 'server': 'Apache/2.4.58 (Ubuntu)', 'content-type': 'application/json', 'x-compute-request-id': 'req-ff5ec93b-8838-442d-8190-d1764caa1f26', 'content-length': '756', 'openstack-api-version': 'volume 3.0', 'vary': 'OpenStack-API-Version', 'x-openstack-request-id': 'req-ff5ec93b-8838-442d-8190-d1764caa1f26', 'connection': 'close', 'status': '202', 'content-location': 'http://172.21.16.48/volume/v3/volumes'}
        Body: b'{"volume": {"id": "a9799778-7511-4987-9c42-a373baa5c78f", "status": "creating", "size": 1, "availability_zone": "nova", "created_at": "2026-09-07T02:31:29.831402", "updated_at": null, "name": "tempest-VolumeManageAdminTest-Volume-390143480", "description": null, "volume_type": "__DEFAULT__", "snapshot_id": null, "source_volid": null, "metadata": {}, "links": [{"rel": "self", "href": "http://172.21.16.48/volume/v3/volumes/a9799778-7511-4987-9c42-a373baa5c78f"}, {"rel": "bookmark", "href": "http://172.21.16.48/volume/volumes/a9799778-7511-4987-9c42-a373baa5c78f"}], "user_id": "bf72e60330e9455499fdcea2ae57a218", "bootable": "false", "encrypted": false, "replication_status": null, "consistencygroup_id": null, "multiattach": false, "attachments": []}}'
2026-09-07 10:31:29,920 1673228 INFO     [tempest.lib.common.rest_client] Request (VolumeManageAdminTest:test_unmanage_manage_volume): 200 GET http://172.21.16.48/volume/v3/volumes/a9799778-7511-4987-9c42-a373baa5c78f 0.027s
2026-09-07 10:31:29,921 1673228 DEBUG    [tempest.lib.common.rest_client] Request - Headers: {'Content-Type': 'application/json', 'Accept': 'application/json', 'X-Auth-Token': '<omitted>'}
        Body: None
    Response - Headers: {'date': 'Mon, 07 Sep 2026 02:31:29 GMT', 'server': 'Apache/2.4.58 (Ubuntu)', 'content-type': 'application/json', 'x-compute-request-id': 'req-ef81c46b-22f5-43d7-adc8-422215830a61', 'content-length': '824', 'openstack-api-version': 'volume 3.0', 'vary': 'OpenStack-API-Version', 'x-openstack-request-id': 'req-ef81c46b-22f5-43d7-adc8-422215830a61', 'connection': 'close', 'status': '200', 'content-location': 'http://172.21.16.48/volume/v3/volumes/a9799778-7511-4987-9c42-a373baa5c78f'}
        Body: b'{"volume": {"id": "a9799778-7511-4987-9c42-a373baa5c78f", "status": "creating", "size": 1, "availability_zone": "nova", "created_at": "2026-09-07T02:31:30.000000", "updated_at": null, "name": "tempest-VolumeManageAdminTest-Volume-390143480", "description": null, "volume_type": "__DEFAULT__", "snapshot_id": null, "source_volid": null, "metadata": {}, "links": [{"rel": "self", "href": "http://172.21.16.48/volume/v3/volumes/a9799778-7511-4987-9c42-a373baa5c78f"}, {"rel": "bookmark", "href": "http://172.21.16.48/volume/volumes/a9799778-7511-4987-9c42-a373baa5c78f"}], "user_id": "bf72e60330e9455499fdcea2ae57a218", "bootable": "false", "encrypted": false, "replication_status": null, "consistencygroup_id": null, "multiattach": false, "attachments": [], "os-vol-tenant-attr:tenant_id": "44dfa82266474bf79b2584a400f0a548"}}'
2026-09-07 10:31:30,976 1673228 INFO     [tempest.lib.common.rest_client] Request (VolumeManageAdminTest:test_unmanage_manage_volume): 200 GET http://172.21.16.48/volume/v3/volumes/a9799778-7511-4987-9c42-a373baa5c78f 0.047s
2026-09-07 10:31:30,976 1673228 DEBUG    [tempest.lib.common.rest_client] Request - Headers: {'Content-Type': 'application/json', 'Accept': 'application/json', 'X-Auth-Token': '<omitted>'}
        Body: None
    Response - Headers: {'date': 'Mon, 07 Sep 2026 02:31:30 GMT', 'server': 'Apache/2.4.58 (Ubuntu)', 'content-type': 'application/json', 'x-compute-reques
    t-id': 'req-f5e04ce2-e1d0-429c-9a10-3a026bae92e0', 'content-length': '848', 'openstack-api-version': 'volume 3.0', 'vary': 'OpenStack-API-Version', 'x-openstack-request-id': 'req-f5e04ce2-e1d0-429c-9a10-3a026bae92e0', 'connection': 'close', 'status': '200', 'content-location': 'http://172.21.16.48/volume/v3/volumes/a9799778-7511-4987-9c42-a373baa5c78f'}
        Body: b'{"volume": {"id": "a9799778-7511-4987-9c42-a373baa5c78f", "status": "creating", "size": 1, "availability_zone": "nova", "created_at": "2026-09-07T02:31:30.000000", "updated_at": "2026-09-07T02:31:30.000000", "name": "tempest-VolumeManageAdminTest-Volume-390143480", "description": null, "volume_type": "__DEFAULT__", "snapshot_id": null, "source_volid": null, "metadata": {}, "links": [{"rel": "self", "href": "http://172.21.16.48/volume/v3/volumes/a9799778-7511-4987-9c42-a373baa5c78f"}, {"rel": "bookmark", "href": "http://172.21.16.48/volume/volumes/a9799778-7511-4987-9c42-a373baa5c78f"}], "user_id": "bf72e60330e9455499fdcea2ae57a218", "bootable": "false", "encrypted": false, "replication_status": null, "consistencygroup_id": null, "multiattach": false, "attachments": [], "os-vol-tenant-attr:tenant_id": "44dfa82266474bf79b2584a400f0a548"}}'
2026-09-07 10:31:32,009 1673228 INFO     [tempest.lib.common.rest_client] Request (VolumeManageAdminTest:test_unmanage_manage_volume): 200 GET http://172.21.16.48/volume/v3/volumes/a9799778-7511-4987-9c42-a373baa5c78f 0.025s
2026-09-07 10:31:32,010 1673228 DEBUG    [tempest.lib.common.rest_client] Request - Headers: {'Content-Type': 'application/json', 'Accept': 'application/json', 'X-Auth-Token': '<omitted>'}
        Body: None
    Response - Headers: {'date': 'Mon, 07 Sep 2026 02:31:31 GMT', 'server': 'Apache/2.4.58 (Ubuntu)', 'content-type': 'application/json', 'x-compute-request-id': 'req-f32087db-5cb6-47ed-9ba4-b8536c1a07a1', 'content-length': '894', 'openstack-api-version': 'volume 3.0', 'vary': 'OpenStack-API-Version', 'x-openstack-request-id': 'req-f32087db-5cb6-47ed-9ba4-b8536c1a07a1', 'connection': 'close', 'status': '200', 'content-location': 'http://172.21.16.48/volume/v3/volumes/a9799778-7511-4987-9c42-a373baa5c78f'}
        Body: b'{"volume": {"id": "a9799778-7511-4987-9c42-a373baa5c78f", "status": "available", "size": 1, "availability_zone": "nova", "created_at": "2026-09-07T02:31:30.000000", "updated_at": "2026-09-07T02:31:31.000000", "name": "tempest-VolumeManageAdminTest-Volume-390143480", "description": null, "volume_type": "__DEFAULT__", "snapshot_id": null, "source_volid": null, "metadata": {"lun_wwn": "60015eb66a909169e400110000002e95"}, "links": [{"rel": "self", "href": "http://172.21.16.48/volume/v3/volumes/a9799778-7511-4987-9c42-a373baa5c78f"}, {"rel": "bookmark", "href": "http://172.21.16.48/volume/volumes/a9799778-7511-4987-9c42-a373baa5c78f"}], "user_id": "bf72e60330e9455499fdcea2ae57a218", "bootable": "false", "encrypted": false, "replication_status": null, "consistencygroup_id": null, "multiattach": false, "attachments": [], "os-vol-tenant-attr:tenant_id": "44dfa82266474bf79b2584a400f0a548"}}'
2026-09-07 10:31:32,022 1673228 INFO     [tempest.common.waiters] volume a9799778-7511-4987-9c42-a373baa5c78f reached available after waiting for 3.022349 seconds
2026-09-07 10:31:32,163 1673228 INFO     [tempest.lib.common.rest_client] Request (VolumeManageAdminTest:test_unmanage_manage_volume): 200 GET http://172.21.16.48/volume/v3/volumes/a9799778-7511-4987-9c42-a373baa5c78f 0.140s
2026-09-07 10:31:32,163 1673228 DEBUG    [tempest.lib.common.rest_client] Request - Headers: {'Content-Type': 'application/json', 'Accept': 'application/json', 'X-Auth-Token': '<omitted>'}
        Body: None
    Response - Headers: {'date': 'Mon, 07 Sep 2026 02:31:32 GMT', 'server': 'Apache/2.4.58 (Ubuntu)', 'content-type': 'application/json', 'x-compute-request-id': 'req-8dbe47b0-efe8-4e93-a4b9-bab5c4bbef4b', 'content-length': '1062', 'openstack-api-version': 'volume 3.0', 'vary': 'OpenStack-API-Version', 'x-openstack-request-id': 'req-8dbe47b0-efe8-4e93-a4b9-bab5c4bbef4b', 'connection': 'close', 'status': '200', 'content
    -location': 'http://172.21.16.48/volume/v3/volumes/a9799778-7511-4987-9c42-a373baa5c78f'}
        Body: b'{"volume": {"id": "a9799778-7511-4987-9c42-a373baa5c78f", "status": "available", "size": 1, "availability_zone": "nova", "created_at": "2026-09-07T02:31:30.000000", "updated_at": "2026-09-07T02:31:31.000000", "name": "tempest-VolumeManageAdminTest-Volume-390143480", "description": null, "volume_type": "__DEFAULT__", "snapshot_id": null, "source_volid": null, "metadata": {"lun_wwn": "60015eb66a909169e400110000002e95"}, "links": [{"rel": "self", "href": "http://172.21.16.48/volume/v3/volumes/a9799778-7511-4987-9c42-a373baa5c78f"}, {"rel": "bookmark", "href": "http://172.21.16.48/volume/volumes/a9799778-7511-4987-9c42-a373baa5c78f"}], "user_id": "bf72e60330e9455499fdcea2ae57a218", "bootable": "false", "encrypted": false, "replication_status": null, "consistencygroup_id": null, "multiattach": false, "attachments": [], "migration_status": null, "os-vol-host-attr:host": "zteusr@ZTE_VSTORAGE_ISCSI-1#pool1", "os-vol-mig-status-attr:migstat": null, "os-vol-mig-status-attr:name_id": null, "os-vol-tenant-attr:tenant_id": "44dfa82266474bf79b2584a400f0a548"}}'
2026-09-07 10:31:32,203 1673228 INFO     [tempest.lib.common.rest_client] Request (VolumeManageAdminTest:test_unmanage_manage_volume): 202 POST http://172.21.16.48/volume/v3/volumes/a9799778-7511-4987-9c42-a373baa5c78f/action 0.032s
2026-09-07 10:31:32,204 1673228 DEBUG    [tempest.lib.common.rest_client] Request - Headers: {'Content-Type': 'application/json', 'Accept': 'application/json', 'X-Auth-Token': '<omitted>'}
        Body: {"os-unmanage": {}}
    Response - Headers: {'date': 'Mon, 07 Sep 2026 02:31:32 GMT', 'server': 'Apache/2.4.58 (Ubuntu)', 'content-length': '0', 'content-type': 'text/html; charset=UTF-8', 'openstack-api-version': 'volume 3.0', 'vary': 'OpenStack-API-Version', 'x-openstack-request-id': 'req-5397d6ac-8b24-4dbe-9426-ea55b5ba9f80', 'connection': 'close', 'status': '202', 'content-location': 'http://172.21.16.48/volume/v3/volumes/a9799778-7511-4987-9c42-a373baa5c78f/action'}
        Body: b''
2026-09-07 10:31:32,235 1673228 INFO     [tempest.lib.common.rest_client] Request (VolumeManageAdminTest:test_unmanage_manage_volume): 200 GET http://172.21.16.48/volume/v3/volumes/a9799778-7511-4987-9c42-a373baa5c78f 0.031s
2026-09-07 10:31:32,236 1673228 DEBUG    [tempest.lib.common.rest_client] Request - Headers: {'Content-Type': 'application/json', 'Accept': 'application/json', 'X-Auth-Token': '<omitted>'}
        Body: None
    Response - Headers: {'date': 'Mon, 07 Sep 2026 02:31:32 GMT', 'server': 'Apache/2.4.58 (Ubuntu)', 'content-type': 'application/json', 'x-compute-request-id': 'req-8ec89b78-fa5c-40a8-ad17-ae5b6c270287', 'content-length': '1063', 'openstack-api-version': 'volume 3.0', 'vary': 'OpenStack-API-Version', 'x-openstack-request-id': 'req-8ec89b78-fa5c-40a8-ad17-ae5b6c270287', 'connection': 'close', 'status': '200', 'content-location': 'http://172.21.16.48/volume/v3/volumes/a9799778-7511-4987-9c42-a373baa5c78f'}
        Body: b'{"volume": {"id": "a9799778-7511-4987-9c42-a373baa5c78f", "status": "unmanaging", "size": 1, "availability_zone": "nova", "created_at": "2026-09-07T02:31:30.000000", "updated_at": "2026-09-07T02:31:32.000000", "name": "tempest-VolumeManageAdminTest-Volume-390143480", "description": null, "volume_type": "__DEFAULT__", "snapshot_id": null, "source_volid": null, "metadata": {"lun_wwn": "60015eb66a909169e400110000002e95"}, "links": [{"rel": "self", "href": "http://172.21.16.48/volume/v3/volumes/a9799778-7511-4987-9c42-a373baa5c78f"}, {"rel": "bookmark", "href": "http://172.21.16.48/volume/volumes/a9799778-7511-4987-9c42-a373baa5c78f"}], "user_id": "bf72e60330e9455499fdcea2ae57a218", "bootable": "false", "encrypted": false, "replication_status": null, "consistencygroup_id": null, "multiattach": false, "attachments": [], "migration_status": null, "os-vol-host-attr:host": "zteusr@ZTE_VSTORAGE_ISCSI-1#pool1", "os-vol-mig-status-attr:migstat": null, "os-vol-mig-status-attr:name_id": null, "os-vol-tenant-attr:tenant_id": "44dfa82
    266474bf79b2584a400f0a548"}}'
2026-09-07 10:31:33,257 1673228 INFO     [tempest.lib.common.rest_client] Request (VolumeManageAdminTest:test_unmanage_manage_volume): 404 GET http://172.21.16.48/volume/v3/volumes/a9799778-7511-4987-9c42-a373baa5c78f 0.013s
2026-09-07 10:31:33,258 1673228 DEBUG    [tempest.lib.common.rest_client] Request - Headers: {'Content-Type': 'application/json', 'Accept': 'application/json', 'X-Auth-Token': '<omitted>'}
        Body: None
    Response - Headers: {'date': 'Mon, 07 Sep 2026 02:31:33 GMT', 'server': 'Apache/2.4.58 (Ubuntu)', 'openstack-api-version': 'volume 3.0', 'vary': 'OpenStack-API-Version', 'content-length': '109', 'content-type': 'application/json', 'x-compute-request-id': 'req-f0ae5795-90ba-480a-89b9-f081a3d6c88e', 'x-openstack-request-id': 'req-f0ae5795-90ba-480a-89b9-f081a3d6c88e', 'connection': 'close', 'status': '404', 'content-location': 'http://172.21.16.48/volume/v3/volumes/a9799778-7511-4987-9c42-a373baa5c78f'}
        Body: b'{"itemNotFound": {"code": 404, "message": "Volume a9799778-7511-4987-9c42-a373baa5c78f could not be found."}}'
2026-09-07 10:31:33,330 1673228 INFO     [tempest.lib.common.rest_client] Request (VolumeManageAdminTest:test_unmanage_manage_volume): 200 GET http://172.21.16.48/volume/v3/volumes/detail?all_tenants=1 0.072s
2026-09-07 10:31:33,331 1673228 DEBUG    [tempest.lib.common.rest_client] Request - Headers: {'Content-Type': 'application/json', 'Accept': 'application/json', 'X-Auth-Token': '<omitted>'}
        Body: None
    Response - Headers: {'date': 'Mon, 07 Sep 2026 02:31:33 GMT', 'server': 'Apache/2.4.58 (Ubuntu)', 'content-type': 'application/json', 'x-compute-request-id': 'req-f9505284-f249-4f7e-9b2c-1b2416a934a2', 'content-length': '12536', 'openstack-api-version': 'volume 3.0', 'vary': 'OpenStack-API-Version', 'x-openstack-request-id': 'req-f9505284-f249-4f7e-9b2c-1b2416a934a2', 'connection': 'close', 'status': '200', 'content-location': 'http://172.21.16.48/volume/v3/volumes/detail?all_tenants=1'}
        Body: b'{"volumes": [{"id": "11b4f398-db38-47fa-89e9-f3bd2bf54e7b", "status": "available", "size": 1, "availability_zone": "nova", "created_at": "2026-09-07T02:31:28.000000", "updated_at": "2026-09-07T02:31:30.000000", "name": "tempest-VolumesActionsTest-Volume-661909629", "description": null, "volume_type": "__DEFAULT__", "snapshot_id": null, "source_volid": null, "metadata": {"lun_wwn": "60015eb66a909169e400110000002e94"}, "links": [{"rel": "self", "href": "http://172.21.16.48/volume/v3/volumes/11b4f398-db38-47fa-89e9-f3bd2bf54e7b"}, {"rel": "bookmark", "href": "http://172.21.16.48/volume/volumes/11b4f398-db38-47fa-89e9-f3bd2bf54e7b"}], "user_id": "4c0c3a7407fb44749ae97582609ec358", "bootable": "false", "encrypted": false, "replication_status": null, "consistencygroup_id": null, "multiattach": false, "attachments": [], "migration_status": null, "os-vol-host-attr:host": "zteusr@ZTE_VSTORAGE_ISCSI-1#pool1", "os-vol-mig-status-attr:migstat": null, "os-vol-mig-status-attr:name_id": null, "os-vol-tenant-attr:tenant_id": "92640cca39ae406fb402f960ae82ce72"}, {"id": "bda55c0d-392f-4827-b028-aff72f785dd9", "status": "in-use", "size": 1, "availability_zone": "nova", "created_at": "2026-09-07T02:31:25.000000", "updated_at": "2026-09-07T02:31:32.000000", "name": "tempest-AttachVolumeTestJSON-volume-1383293069", "description": null, "volume_type": "__DEFAULT__", "snapshot_id": null, "source_volid": null, "metadata": {"lun_wwn": "60015eb66a909169e400110000002e93"}, "links": [{"rel": "self", "href": "http://172.21.16.48/volume/v3/volumes/bda55c0d-392f-4827-b028-aff72f785dd9"}, {"rel": "bookmark", "href": "http://172.21.16.48/volume/volumes/bda55c0d-392f-4827-b028-aff72f785dd9"}], "user_id": "9486a34a34704acd94c23790bc7f3b4a", "bootable": "false", "encrypted": false, "replication_status": null, "consistencygroup_id": null, "multiattach": false, "attachments": [{"id": "bda55c0d-392f-4827-b028-aff72f785dd9", "attachment_id": "5da8e161-098b-4328-a404-982acd0691ee", "volume_id": "bda55c0d-392f-4827-b028-aff72f785dd9", "server_id": "9e52faf1-39cd-4c79-9669
    -ed98ae4f8ee7", "host_name": "zteusr", "device": "/dev/vdc", "attached_at": "2026-09-07T02:31:29.000000"}], "migration_status": null, "os-vol-host-attr:host": "zteusr@ZTE_VSTORAGE_ISCSI-1#pool1", "os-vol-mig-status-attr:migstat": null, "os-vol-mig-status-attr:name_id": null, "os-vol-tenant-attr:tenant_id": "0c0b17671989417b809aec094cdd478d"}, {"id": "c0765329-1224-4f2e-b2a6-529d502bc412", "status": "detaching", "size": 1, "availability_zone": "nova", "created_at": "2026-09-07T02:31:18.000000", "updated_at": "2026-09-07T02:31:33.000000", "name": "tempest-AttachVolumeTestJSON-volume-1907810207", "description": null, "volume_type": "__DEFAULT__", "snapshot_id": null, "source_volid": null, "metadata": {"lun_wwn": "60015eb66a909169e400110000002e92"}, "links": [{"rel": "self", "href": "http://172.21.16.48/volume/v3/volumes/c0765329-1224-4f2e-b2a6-529d502bc412"}, {"rel": "bookmark", "href": "http://172.21.16.48/volume/volumes/c0765329-1224-4f2e-b2a6-529d502bc412"}], "user_id": "9486a34a34704acd94c23790bc7f3b4a", "bootable": "false", "encrypted": false, "replication_status": null, "consistencygroup_id": null, "multiattach": false, "attachments": [{"id": "c0765329-1224-4f2e-b2a6-529d502bc412", "attachment_id": "8dc2ec1d-af25-43ae-a96b-113b5e1b246e", "volume_id": "c0765329-1224-4f2e-b2a6-529d502bc412", "server_id": "9e52faf1-39cd-4c79-9669-ed98ae4f8ee7", "host_name": "zteusr", "device": "/dev/vdb", "attached_at": "2026-09-07T02:31:22.000000"}], "migration_status": null, "os-vol-host-attr:host": "zteusr@ZTE_VSTORAGE_ISCSI-1#pool1", "os-vol-mig-status-attr:migstat": null, "os-vol-mig-status-attr:name_id": null, "os-vol-tenant-attr:tenant_id": "0c0b17671989417b809aec094cdd478d"}, {"id": "843c16ad-58a9-4d4c-9d9d-764b0b7cccd1", "status": "reserved", "size": 1, "availability_zone": "nova", "created_at": "2026-09-07T02:31:15.000000", "updated_at": "2026-09-07T02:31:26.000000", "name": "tempest-tempest.common.compute-volume-276011229", "description": null, "volume_type": "__DEFAULT__", "snapshot_id": null, "sour
2026-09-07 10:31:33,480 1673228 INFO     [tempest.lib.common.rest_client] Request (VolumeManageAdminTest:test_unmanage_manage_volume): 202 POST http://172.21.16.48/volume/v3/os-volume-manage 0.137s
2026-09-07 10:31:33,480 1673228 DEBUG    [tempest.lib.common.rest_client] Request - Headers: {'Content-Type': 'application/json', 'Accept': 'application/json', 'X-Auth-Token': '<omitted>'}
        Body: {"volume": {"name": "tempest-VolumeManageAdminTest-volume-1529215935", "host": "zteusr@ZTE_VSTORAGE_ISCSI-1#pool1", "ref": {"source-name": "volume-a9799778-7511-4987-9c42-a373baa5c78f"}, "volume_type": "__DEFAULT__", "availability_zone": "nova"}}
    Response - Headers: {'date': 'Mon, 07 Sep 2026 02:31:33 GMT', 'server': 'Apache/2.4.58 (Ubuntu)', 'content-type': 'application/json', 'x-compute-request-id': 'req-d000276a-db99-4417-9cdb-e4f9c1346607', 'content-length': '783', 'openstack-api-version': 'volume 3.0', 'vary': 'OpenStack-API-Version', 'x-openstack-request-id': 'req-d000276a-db99-4417-9cdb-e4f9c1346607', 'connection': 'close', 'status': '202', 'content-location': 'http://172.21.16.48/volume/v3/os-volume-manage'}
        Body: b'{"volume": {"id": "b9604ee2-729a-4e92-9484-f20f4ec0a100", "status": "creating", "size": 0, "availability_zone": "nova", "created_at": "2026-09-07T02:31:33.430376", "updated_at": null, "name": "tempest-VolumeManageAdminTest-volume-1529215935", "description": null, "volume_type": "__DEFAULT__", "snapshot_id": null, "source_volid": null, "metadata": {}, "links": [{"rel": "self", "href": "http://172.21.16.48/volume/v3/volumes/b9604ee2-729a-4e92-9484-f20f4ec0a100"}, {"rel": "bookmark", "href": "http://172.21.16.48/volume/volumes/b9604ee2-729a-4e92-9484-f20f4ec0a100"}], "user_id": "da266e5d9c6a46aeb356fbc6d0a60f1f", "bootable": "false", "encrypted": false, "replication_status": null, "consistencygroup_id": null, "multiattach": false, "attachments": [], "migration_status": null}}'
2026-09-07 10:31:33,512 1673228 INFO     [tempest.lib.common.rest_client] Request (VolumeManageAdminTest:test_unmanage_manage_volume):
     200 GET http://172.21.16.48/volume/v3/volumes/b9604ee2-729a-4e92-9484-f20f4ec0a100 0.023s
2026-09-07 10:31:33,512 1673228 DEBUG    [tempest.lib.common.rest_client] Request - Headers: {'Content-Type': 'application/json', 'Accept': 'application/json', 'X-Auth-Token': '<omitted>'}
        Body: None
    Response - Headers: {'date': 'Mon, 07 Sep 2026 02:31:33 GMT', 'server': 'Apache/2.4.58 (Ubuntu)', 'content-type': 'application/json', 'x-compute-request-id': 'req-8385bfeb-4135-4bf5-b020-68a433766ab4', 'content-length': '1017', 'openstack-api-version': 'volume 3.0', 'vary': 'OpenStack-API-Version', 'x-openstack-request-id': 'req-8385bfeb-4135-4bf5-b020-68a433766ab4', 'connection': 'close', 'status': '200', 'content-location': 'http://172.21.16.48/volume/v3/volumes/b9604ee2-729a-4e92-9484-f20f4ec0a100'}
        Body: b'{"volume": {"id": "b9604ee2-729a-4e92-9484-f20f4ec0a100", "status": "creating", "size": 0, "availability_zone": "nova", "created_at": "2026-09-07T02:31:33.000000", "updated_at": "2026-09-07T02:31:33.000000", "name": "tempest-VolumeManageAdminTest-volume-1529215935", "description": null, "volume_type": "__DEFAULT__", "snapshot_id": null, "source_volid": null, "metadata": {}, "links": [{"rel": "self", "href": "http://172.21.16.48/volume/v3/volumes/b9604ee2-729a-4e92-9484-f20f4ec0a100"}, {"rel": "bookmark", "href": "http://172.21.16.48/volume/volumes/b9604ee2-729a-4e92-9484-f20f4ec0a100"}], "user_id": "da266e5d9c6a46aeb356fbc6d0a60f1f", "bootable": "false", "encrypted": false, "replication_status": null, "consistencygroup_id": null, "multiattach": false, "attachments": [], "migration_status": null, "os-vol-host-attr:host": "zteusr@ZTE_VSTORAGE_ISCSI-1#pool1", "os-vol-mig-status-attr:migstat": null, "os-vol-mig-status-attr:name_id": null, "os-vol-tenant-attr:tenant_id": "cbcd57250fc64300be65d1806fce8d9e"}}'
2026-09-07 10:31:34,546 1673228 INFO     [tempest.lib.common.rest_client] Request (VolumeManageAdminTest:test_unmanage_manage_volume): 200 GET http://172.21.16.48/volume/v3/volumes/b9604ee2-729a-4e92-9484-f20f4ec0a100 0.025s
2026-09-07 10:31:34,547 1673228 DEBUG    [tempest.lib.common.rest_client] Request - Headers: {'Content-Type': 'application/json', 'Accept': 'application/json', 'X-Auth-Token': '<omitted>'}
        Body: None
    Response - Headers: {'date': 'Mon, 07 Sep 2026 02:31:34 GMT', 'server': 'Apache/2.4.58 (Ubuntu)', 'content-type': 'application/json', 'x-compute-request-id': 'req-501793e6-3c7e-49d8-b356-3c3e62fe57e1', 'content-length': '1014', 'openstack-api-version': 'volume 3.0', 'vary': 'OpenStack-API-Version', 'x-openstack-request-id': 'req-501793e6-3c7e-49d8-b356-3c3e62fe57e1', 'connection': 'close', 'status': '200', 'content-location': 'http://172.21.16.48/volume/v3/volumes/b9604ee2-729a-4e92-9484-f20f4ec0a100'}
        Body: b'{"volume": {"id": "b9604ee2-729a-4e92-9484-f20f4ec0a100", "status": "error", "size": 0, "availability_zone": "nova", "created_at": "2026-09-07T02:31:33.000000", "updated_at": "2026-09-07T02:31:34.000000", "name": "tempest-VolumeManageAdminTest-volume-1529215935", "description": null, "volume_type": "__DEFAULT__", "snapshot_id": null, "source_volid": null, "metadata": {}, "links": [{"rel": "self", "href": "http://172.21.16.48/volume/v3/volumes/b9604ee2-729a-4e92-9484-f20f4ec0a100"}, {"rel": "bookmark", "href": "http://172.21.16.48/volume/volumes/b9604ee2-729a-4e92-9484-f20f4ec0a100"}], "user_id": "da266e5d9c6a46aeb356fbc6d0a60f1f", "bootable": "false", "encrypted": false, "replication_status": null, "consistencygroup_id": null, "multiattach": false, "attachments": [], "migration_status": null, "os-vol-host-attr:host": "zteusr@ZTE_VSTORAGE_ISCSI-1#pool1", "os-vol-mig-status-attr:migstat": null, "os-vol-mig-status-attr:name_id": null, "os-vol-tenant-attr:tenant_id": "cbcd57250fc64300be65d1806fce8d9e"}}'
2026-09-07 10:31:34,585 1673228 INFO     [tempest.lib.common.rest_client] Request (VolumeManageAdminTest:_run_cleanups): 202 DELETE http://172.21.16.48/volume/v3/volumes/b9604ee2-729a-4e92-9484-f20f4ec0a100 0.029s
2026-09-07 10:31:34,585 1673228 DEBUG    [tempest.lib.commo
    n.rest_client] Request - Headers: {'Content-Type': 'application/json', 'Accept': 'application/json', 'X-Auth-Token': '<omitted>'}
        Body: None
    Response - Headers: {'date': 'Mon, 07 Sep 2026 02:31:34 GMT', 'server': 'Apache/2.4.58 (Ubuntu)', 'content-length': '0', 'content-type': 'text/html; charset=UTF-8', 'openstack-api-version': 'volume 3.0', 'vary': 'OpenStack-API-Version', 'x-openstack-request-id': 'req-3a4bcc73-91d3-4f1b-817e-5934c937c5f6', 'connection': 'close', 'status': '202', 'content-location': 'http://172.21.16.48/volume/v3/volumes/b9604ee2-729a-4e92-9484-f20f4ec0a100'}
        Body: b''
2026-09-07 10:31:34,619 1673228 INFO     [tempest.lib.common.rest_client] Request (VolumeManageAdminTest:_run_cleanups): 200 GET http://172.21.16.48/volume/v3/volumes/b9604ee2-729a-4e92-9484-f20f4ec0a100 0.033s
2026-09-07 10:31:34,619 1673228 DEBUG    [tempest.lib.common.rest_client] Request - Headers: {'Content-Type': 'application/json', 'Accept': 'application/json', 'X-Auth-Token': '<omitted>'}
        Body: None
    Response - Headers: {'date': 'Mon, 07 Sep 2026 02:31:34 GMT', 'server': 'Apache/2.4.58 (Ubuntu)', 'content-type': 'application/json', 'x-compute-request-id': 'req-eeebed00-8e5a-453c-8c49-9c5dee406c70', 'content-length': '1017', 'openstack-api-version': 'volume 3.0', 'vary': 'OpenStack-API-Version', 'x-openstack-request-id': 'req-eeebed00-8e5a-453c-8c49-9c5dee406c70', 'connection': 'close', 'status': '200', 'content-location': 'http://172.21.16.48/volume/v3/volumes/b9604ee2-729a-4e92-9484-f20f4ec0a100'}
        Body: b'{"volume": {"id": "b9604ee2-729a-4e92-9484-f20f4ec0a100", "status": "deleting", "size": 0, "availability_zone": "nova", "created_at": "2026-09-07T02:31:33.000000", "updated_at": "2026-09-07T02:31:35.000000", "name": "tempest-VolumeManageAdminTest-volume-1529215935", "description": null, "volume_type": "__DEFAULT__", "snapshot_id": null, "source_volid": null, "metadata": {}, "links": [{"rel": "self", "href": "http://172.21.16.48/volume/v3/volumes/b9604ee2-729a-4e92-9484-f20f4ec0a100"}, {"rel": "bookmark", "href": "http://172.21.16.48/volume/volumes/b9604ee2-729a-4e92-9484-f20f4ec0a100"}], "user_id": "da266e5d9c6a46aeb356fbc6d0a60f1f", "bootable": "false", "encrypted": false, "replication_status": null, "consistencygroup_id": null, "multiattach": false, "attachments": [], "migration_status": null, "os-vol-host-attr:host": "zteusr@ZTE_VSTORAGE_ISCSI-1#pool1", "os-vol-mig-status-attr:migstat": null, "os-vol-mig-status-attr:name_id": null, "os-vol-tenant-attr:tenant_id": "cbcd57250fc64300be65d1806fce8d9e"}}'
2026-09-07 10:31:35,651 1673228 INFO     [tempest.lib.common.rest_client] Request (VolumeManageAdminTest:_run_cleanups): 404 GET http://172.21.16.48/volume/v3/volumes/b9604ee2-729a-4e92-9484-f20f4ec0a100 0.020s
2026-09-07 10:31:35,651 1673228 DEBUG    [tempest.lib.common.rest_client] Request - Headers: {'Content-Type': 'application/json', 'Accept': 'application/json', 'X-Auth-Token': '<omitted>'}
        Body: None
    Response - Headers: {'date': 'Mon, 07 Sep 2026 02:31:35 GMT', 'server': 'Apache/2.4.58 (Ubuntu)', 'openstack-api-version': 'volume 3.0', 'vary': 'OpenStack-API-Version', 'content-length': '109', 'content-type': 'application/json', 'x-compute-request-id': 'req-913b63e0-a5da-4b41-b701-0afb795209d1', 'x-openstack-request-id': 'req-913b63e0-a5da-4b41-b701-0afb795209d1', 'connection': 'close', 'status': '404', 'content-location': 'http://172.21.16.48/volume/v3/volumes/b9604ee2-729a-4e92-9484-f20f4ec0a100'}
        Body: b'{"itemNotFound": {"code": 404, "message": "Volume b9604ee2-729a-4e92-9484-f20f4ec0a100 could not be found."}}'
2026-09-07 10:31:35,666 1673228 INFO     [tempest.lib.common.rest_client] Request (VolumeManageAdminTest:_run_cleanups): 404 GET http://172.21.16.48/volume/v3/volumes/a9799778-7511-4987-9c42-a373baa5c78f 0.014s
2026-09-07 10:31:35,666 1673228 DEBUG    [tempest.lib.common.rest_client] Request - Headers: {'Content-Type': 'application/json', 'Accept': 'application/json', 'X-Auth-Token': '<omitted>'}
        Body: None
    Response - Headers: {'date': 'Mon,
     07 Sep 2026 02:31:35 GMT', 'server': 'Apache/2.4.58 (Ubuntu)', 'openstack-api-version': 'volume 3.0', 'vary': 'OpenStack-API-Version', 'content-length': '109', 'content-type': 'application/json', 'x-compute-request-id': 'req-6032f2c4-0f1a-46dd-855b-3f14d1d5bed3', 'x-openstack-request-id': 'req-6032f2c4-0f1a-46dd-855b-3f14d1d5bed3', 'connection': 'close', 'status': '404', 'content-location': 'http://172.21.16.48/volume/v3/volumes/a9799778-7511-4987-9c42-a373baa5c78f'}
        Body: b'{"itemNotFound": {"code": 404, "message": "Volume a9799778-7511-4987-9c42-a373baa5c78f could not be found."}}'
2026-09-07 10:31:35,680 1673228 INFO     [tempest.lib.common.rest_client] Request (VolumeManageAdminTest:_run_cleanups): 404 DELETE http://172.21.16.48/volume/v3/volumes/a9799778-7511-4987-9c42-a373baa5c78f 0.013s
2026-09-07 10:31:35,680 1673228 DEBUG    [tempest.lib.common.rest_client] Request - Headers: {'Content-Type': 'application/json', 'Accept': 'application/json', 'X-Auth-Token': '<omitted>'}
        Body: None
    Response - Headers: {'date': 'Mon, 07 Sep 2026 02:31:35 GMT', 'server': 'Apache/2.4.58 (Ubuntu)', 'openstack-api-version': 'volume 3.0', 'vary': 'OpenStack-API-Version', 'content-length': '109', 'content-type': 'application/json', 'x-compute-request-id': 'req-f957283f-d834-4928-8ed6-d367a1f77f50', 'x-openstack-request-id': 'req-f957283f-d834-4928-8ed6-d367a1f77f50', 'connection': 'close', 'status': '404', 'content-location': 'http://172.21.16.48/volume/v3/volumes/a9799778-7511-4987-9c42-a373baa5c78f'}
        Body: b'{"itemNotFound": {"code": 404, "message": "Volume a9799778-7511-4987-9c42-a373baa5c78f could not be found."}}'

{9} tempest.api.volume.admin.test_volume_quota_classes.VolumeQuotaClassesTest.test_show_default_quota [0.171029s] ... ok
{25} tempest.api.compute.servers.test_server_rescue.ServerStableDeviceRescueTest.test_stable_device_rescue_disk_virtio [45.078890s] ... ok
{9} tempest.api.volume.admin.test_volume_quota_classes.VolumeQuotaClassesTest.test_update_default_quota [0.600379s] ... ok
{29} tempest.api.compute.servers.test_server_actions.ServerActionsTestOtherB.test_resize_server_confirm_from_stopped [39.386756s] ... ok
{38} tempest.api.compute.servers.test_server_rescue.ServerRescueTestJSONUnderV235.test_rescued_vm_add_remove_security_group [1.345080s] ... ok
{18} tempest.api.image.v2.test_images_dependency.ImageDependencyTests.test_image_volume_server_snapshot_dependency [33.995692s] ... ok
{38} tempest.api.compute.servers.test_server_rescue.ServerRescueTestJSONUnderV235.test_rescued_vm_associate_dissociate_floating_ip [3.638404s] ... ok
{3} tempest.api.compute.volumes.test_attach_volume.AttachVolumeTestJSON.test_list_get_volume_attachments [67.895385s] ... ok
{7} tempest.api.compute.servers.test_servers_negative.ServersNegativeTestJSON.test_create_numeric_server_name [0.462913s] ... ok
{27} tempest.api.compute.servers.test_server_actions.ServerActionsTestOtherA.test_resize_volume_backed_server_confirm [94.732054s] ... ok
{8} tempest.api.compute.images.test_images.ImagesTestJSON.test_delete_saving_image [18.736635s] ... ok
{15} tempest.api.compute.servers.test_server_rescue_negative.ServerRescueNegativeTestJSON.test_rescued_vm_detach_volume [80.763118s] ... ok
{15} tempest.api.compute.servers.test_server_rescue_negative.ServerRescueNegativeTestJSON.test_rescued_vm_reboot [0.038263s] ... ok
{15} tempest.api.compute.servers.test_server_rescue_negative.ServerRescueNegativeTestJSON.test_rescued_vm_rebuild [0.056628s] ... ok
{7} tempest.api.compute.servers.test_servers_negative.ServersNegativeTestJSON.test_create_server_from_non_bootable_volume [2.825644s] ... ok
{5} tempest.api.volume.test_volumes_actions.VolumesActionsTest.test_attach_detach_volume_to_instance [23.573782s] ... ok
{1} tempest.api.compute.servers.test_server_metadata_negative.ServerMetadataNegativeTestJSON.test_create_server_metadata_blank_key [0.083344s] ... ok
{1} tempest.api.compute.servers.test_server_metadata_negative.ServerMetadataNegativeTestJSON.test_delete_metadata_non_existent_server [0.012463s] ... ok
{1} tempest.api.compute.servers.test_server_metadata_negative.ServerMetadataNegativeTestJSON.test_list_server_metadata_non_existent_server [0.214927s] ... ok
{39} tempest.api.compute.servers.test_delete_server.DeleteServersTestJSON.test_delete_server_while_in_shelved_state [24.384818s] ... ok
{1} tempest.api.compute.servers.test_server_metadata_negative.ServerMetadataNegativeTestJSON.test_metadata_items_limit [0.245146s] ... ok
{1} tempest.api.compute.servers.test_server_metadata_negative.ServerMetadataNegativeTestJSON.test_server_create_metadata_key_too_long [0.207202s] ... ok
{1} tempest.api.compute.servers.test_server_metadata_negative.ServerMetadataNegativeTestJSON.test_server_metadata_non_existent_server [0.016104s] ... ok
{1} tempest.api.compute.servers.test_server_metadata_negative.ServerMetadataNegativeTestJSON.test_set_metadata_invalid_key [0.032722s] ... ok
{1} tempest.api.compute.servers.test_server_metadata_negative.ServerMetadataNegativeTestJSON.test_set_metadata_non_existent_server [0.013231s] ... ok
{1} tempest.api.compute.servers.test_server_metadata_negative.ServerMetadataNegativeTestJSON.test_set_server_metadata_blank_key [0.010878s] ... ok
{1} tempest.api.compute.servers.test_server_metadata_negative.ServerMetadataNegativeTestJSON.test_set_server_metadata_missing_metadata [0.009913s] ... ok
{1} tempest.api.compute.servers.test_server_metadata_negative.ServerMetadataNegativeTestJSON.test_update_metadata_non_existent_server [0.016226s] ... ok
{1} tempest.api.compute.servers.test_server_metadata_negative.ServerMetadataNegativeTestJSON.test_update_metadata_with_blank_key [0.011670s] ... ok
{7} tempest.api.compute.servers.test_servers_negative.ServersNegativeTestJSON.test_create_server_invalid_bdm_in_2nd_dict [2.673417s] ... ok
{38} setUpClass (tempest.api.compute.volumes.test_attach_volume.AttachVolumeMultiAttachTest) ... SKIPPED: Volume multi-attach is not available.
{7} tempest.api.compute.servers.test_servers_negative.ServersNegativeTestJSON.test_create_server_metadata_exceeds_length_limit [0.517635s] ... ok
{7} tempest.api.compute.servers.test_servers_negative.ServersNegativeTestJSON.test_create_server_name_length_exceeds_256 [0.489738s] ... ok
{7} tempest.api.compute.servers.test_servers_negative.ServersNegativeTestJSON.test_create_with_invalid_flavor [0.410488s] ... ok
{7} tempest.api.compute.servers.test_servers_negative.ServersNegativeTestJSON.test_create_with_invalid_image [0.363724s] ... ok
{24} tempest.api.volume.test_volumes_extend.VolumesExtendAttachedTest.test_extend_attached_volume [52.198027s] ... ok
{7} tempest.api.compute.servers.test_servers_negative.ServersNegativeTestJSON.test_create_with_invalid_network_uuid [0.538819s] ... ok
{7} tempest.api.compute.servers.test_servers_negative.ServersNegativeTestJSON.test_create_with_non_existent_keypair [0.585694s] ... ok
{7} tempest.api.compute.servers.test_servers_negative.ServersNegativeTestJSON.test_create_with_nonexistent_security_group [0.615619s] ... ok
{3} tempest.api.image.v2.test_images_tags_negative.ImagesTagsNegativeTest.test_delete_non_existing_tag [0.677496s] ... ok
{3} tempest.api.image.v2.test_images_tags_negative.ImagesTagsNegativeTest.test_update_tags_for_non_existing_image [0.048337s] ... ok
{7} tempest.api.compute.servers.test_servers_negative.ServersNegativeTestJSON.test_delete_non_existent_server [0.350391s] ... ok
{7} tempest.api.compute.servers.test_servers_negative.ServersNegativeTestJSON.test_delete_server_pass_id_exceeding_length_limit [0.343672s] ... ok
{7} tempest.api.compute.servers.test_servers_negative.ServersNegativeTestJSON.test_delete_server_pass_negative_id [0.348057s] ... ok
{7} tempest.api.compute.servers.test_servers_negative.ServersNegativeTestJSON.test_force_delete_nonexistent_server_id [0.315567s] ... ok
{7} tempest.api.compute.servers.test_servers_negative.ServersNegativeTestJSON.test_get_console_output_of_non_existent_server [0.286380s] ... ok
{22} tempest.api.compute.servers.test_disk_config.ServerDiskConfigTestJSON.test_resize_server_from_manual_to_auto [35.040210s] ... ok
{3} tempest.api.image.v2.test_versions.VersionsTest.test_list_versions [0.005374s] ... ok
{7} tempest.api.compute.servers.test_servers_negative.ServersNegativeTestJSON.test_get_non_existent_server [0.495051s] ... ok
{7} tempest.api.compute.servers.test_servers_negative.ServersNegativeTestJSON.test_invalid_access_ip_v4_address [0.352815s] ... ok
{7} tempest.api.compute.servers.test_servers_negative.ServersNegativeTestJSON.test_invalid_ip_v6_address [0.463388s] ... ok
{3} setUpClass (tempest.api.object_storage.test_object_symlink.ObjectSymlinkTest) ... SKIPPED: ObjectSymlinkTest skipped as swift is not available
{7} tempest.api.compute.servers.test_servers_negative.ServersNegativeTestJSON.test_pause_non_existent_server [0.395288s] ... ok
{18} tempest.api.image.v2.test_images_dependency.ImageDependencyTests.test_nova_image_snapshot_dependency [16.948867s] ... ok
{1} setUpClass (tempest.api.image.v2.admin.test_images.MultiStoresImagesTest) ... SKIPPED: MultiStoresImagesTest skipped as image import is not available
{1} setUpClass (tempest.api.image.v2.test_images.StoreWeightTest) ... SKIPPED: StoreWeightTest skipped as store weight is not configured
{23} tempest.api.compute.servers.test_servers.ServersTestJSON.test_create_server_specify_multibyte_character_name [8.865246s] ... ok
{5} tempest.api.volume.test_volumes_actions.VolumesActionsTest.test_get_volume_attachment [10.665689s] ... ok
{5} tempest.api.volume.test_volumes_actions.VolumesActionsTest.test_reserve_unreserve_volume [0.139497s] ... ok
{5} tempest.api.volume.test_volumes_actions.VolumesActionsTest.test_volume_bootable [0.139140s] ... ok
{5} tempest.api.volume.test_volumes_actions.VolumesActionsTest.test_volume_readonly_update [0.150672s] ... ok
{23} tempest.api.compute.servers.test_servers.ServersTestJSON.test_create_server_with_admin_password [0.801636s] ... ok
{6} tempest.api.compute.servers.test_server_actions.ServerActionsTestJSON.test_rebuild_server [50.786060s] ... ok
{7} tempest.api.compute.servers.test_servers_negative.ServersNegativeTestJSON.test_pause_paused_server [3.047201s] ... ok
{7} tempest.api.compute.servers.test_servers_negative.ServersNegativeTestJSON.test_personality_file_contents_not_encoded ... SKIPPED: Nova personality feature disabled
{7} tempest.api.compute.servers.test_servers_negative.ServersNegativeTestJSON.test_reboot_deleted_server [0.355303s] ... ok
{7} tempest.api.compute.servers.test_servers_negative.ServersNegativeTestJSON.test_reboot_non_existent_server [0.390092s] ... ok
{7} tempest.api.compute.servers.test_servers_negative.ServersNegativeTestJSON.test_rebuild_deleted_server [0.387091s] ... ok
{7} tempest.api.compute.servers.test_servers_negative.ServersNegativeTestJSON.test_rebuild_non_existent_server [0.484513s] ... ok
{7} tempest.api.compute.servers.test_servers_negative.ServersNegativeTestJSON.test_resize_nonexistent_server [0.333893s] ... ok
{39} tempest.api.compute.servers.test_delete_server.DeleteServersTestJSON.test_delete_server_while_in_shutoff_state [12.554312s] ... ok
{7} tempest.api.compute.servers.test_servers_negative.ServersNegativeTestJSON.test_resize_server_with_non_existent_flavor [0.493853s] ... ok
{1} tempest.api.volume.test_volumes_clone_negative.VolumesCloneNegativeTest.test_create_from_volume_decreasing_size [4.733478s] ... ok
{7} tempest.api.compute.servers.test_servers_negative.ServersNegativeTestJSON.test_resize_server_with_null_flavor [0.304060s] ... ok
{7} tempest.api.compute.servers.test_servers_negative.ServersNegativeTestJSON.test_restore_nonexistent_server_id [0.328644s] ... ok
{7} tempest.api.compute.servers.test_servers_negative.ServersNegativeTestJSON.test_resume_non_existent_server [0.362886s] ... ok
{21} tempest.api.compute.servers.test_attach_interfaces.AttachInterfacesTestJSON.test_reassign_port_between_servers [60.285763s] ... ok
{7} tempest.api.compute.servers.test_servers_negative.ServersNegativeTestJSON.test_resume_server_invalid_state [0.289368s] ... ok
{7} tempest.api.compute.servers.test_servers_negative.ServersNegativeTestJSON.test_server_name_blank [0.394351s] ... ok
{22} tempest.api.compute.servers.test_disk_config.ServerDiskConfigTestJSON.test_update_server_from_auto_to_manual [8.855597s] ... ok
{7} tempest.api.compute.servers.test_servers_negative.ServersNegativeTestJSON.test_shelve_non_existent_server [0.278611s] ... ok
{15} setUpClass (tempest.api.image.v2.test_images.ImportImagesTest) ... SKIPPED: ImportImagesTest skipped as image import is not available
{15} tempest.api.image.v2.test_images_formats.ImagesFormatTest.test_accept_reject_formats_import(standard-qcow2v3) ... SKIPPED: Import image_conversion not enabled
{15} tempest.api.image.v2.test_images_formats.ImagesFormatTest.test_accept_reject_formats_import(qcow-with-backing) ... SKIPPED: Import image_conversion not enabled
{15} tempest.api.image.v2.test_images_formats.ImagesFormatTest.test_accept_reject_formats_import(qcow-with-datafile) ... SKIPPED: Import image_conversion not enabled
{15} tempest.api.image.v2.test_images_formats.ImagesFormatTest.test_accept_reject_formats_import(raw-blank) ... SKIPPED: Import image_conversion not enabled
{15} tempest.api.image.v2.test_images_formats.ImagesFormatTest.test_accept_reject_formats_import(gpt-blank) ... SKIPPED: Import image_conversion not enabled
{15} tempest.api.image.v2.test_images_formats.ImagesFormatTest.test_accept_reject_formats_import(standard) ... SKIPPED: Import image_conversion not enabled
{15} tempest.api.image.v2.test_images_formats.ImagesFormatTest.test_accept_reject_formats_import(standard-iso9660) ... SKIPPED: Import image_conversion not enabled
{15} tempest.api.image.v2.test_images_formats.ImagesFormatTest.test_accept_reject_formats_import(iso-with-qcow2-in-system) ... SKIPPED: Import image_conversion not enabled
{15} tempest.api.image.v2.test_images_formats.ImagesFormatTest.test_accept_reject_formats_import(vmdk-monolithicSparse) ... SKIPPED: Import image_conversion not enabled
{15} tempest.api.image.v2.test_images_formats.ImagesFormatTest.test_accept_reject_formats_import(vmdk-streamOptimized) ... SKIPPED: Import image_conversion not enabled
{15} tempest.api.image.v2.test_images_formats.ImagesFormatTest.test_accept_reject_formats_import(vmdk-monolithicFlat) ... SKIPPED: Import image_conversion not enabled
{15} tempest.api.image.v2.test_images_formats.ImagesFormatTest.test_accept_reject_formats_import(vmdk-monolithicFlat-leak) ... SKIPPED: Import image_conversion not enabled
{15} tempest.api.image.v2.test_images_formats.ImagesFormatTest.test_accept_reject_formats_import(vmdk-sparse-with-url-backing) ... SKIPPED: Import image_conversion not enabled
{15} tempest.api.image.v2.test_images_formats.ImagesFormatTest.test_accept_reject_formats_import(vmdk-sparse-with-footer) ... SKIPPED: Import image_conversion not enabled
{15} tempest.api.image.v2.test_images_formats.ImagesFormatTest.test_accept_usable_formats(standard-qcow2v3) [1.211197s] ... ok
{15} tempest.api.image.v2.test_images_formats.ImagesFormatTest.test_accept_usable_formats(qcow-with-backing) ... SKIPPED: Glance does not currently reject unusable images on upload
{15} tempest.api.image.v2.test_images_formats.ImagesFormatTest.test_accept_usable_formats(qcow-with-datafile) ... SKIPPED: Glance does not currently reject unusable images on upload
{18} tempest.api.image.v2.test_images_metadefs_schema.MetadataSchemaTest.test_get_metadata_namespace_schema [0.164982s] ... ok
{18} tempest.api.image.v2.test_images_metadefs_schema.MetadataSchemaTest.test_get_metadata_namespaces_schema [0.006774s] ... ok
{18} tempest.api.image.v2.test_images_metadefs_schema.MetadataSchemaTest.test_get_metadata_object_schema [0.006558s] ... ok
{18} tempest.api.image.v2.test_images_metadefs_schema.MetadataSchemaTest.test_get_metadata_objects_schema [0.007307s] ... ok
{18} tempest.api.image.v2.test_images_metadefs_schema.MetadataSchemaTest.test_get_metadata_properties_schema [0.007153s] ... ok
{18} tempest.api.image.v2.test_images_metadefs_schema.MetadataSchemaTest.test_get_metadata_property_schema [0.006388s] ... ok
{18} tempest.api.image.v2.test_images_metadefs_schema.MetadataSchemaTest.test_get_metadata_resource_type_schema [0.007874s] ... ok
{18} tempest.api.image.v2.test_images_metadefs_schema.MetadataSchemaTest.test_get_metadata_resources_types_schema [0.007370s] ... ok
{18} tempest.api.image.v2.test_images_metadefs_schema.MetadataSchemaTest.test_get_metadata_tag_schema [0.005453s] ... ok
{18} tempest.api.image.v2.test_images_metadefs_schema.MetadataSchemaTest.test_get_metadata_tags_schema [0.007510s] ... ok
{15} tempest.api.image.v2.test_images_formats.ImagesFormatTest.test_accept_usable_formats(raw-blank) [1.058038s] ... ok
{15} tempest.api.image.v2.test_images_formats.ImagesFormatTest.test_accept_usable_formats(gpt-blank) ... SKIPPED: GPT not configured and glance is too old to support it
{15} tempest.api.image.v2.test_images_formats.ImagesFormatTest.test_accept_usable_formats(standard) ... SKIPPED: Glance does not currently reject unusable images on upload
{21} tempest.api.compute.servers.test_servers.ServerShowV247Test.test_show_server [0.644734s] ... ok
{18} setUpClass (tempest.api.volume.admin.test_volume_retype.VolumeRetypeMultiattachTest) ... SKIPPED: Volume multi-attach is not available.
{15} tempest.api.image.v2.test_images_formats.ImagesFormatTest.test_accept_usable_formats(standard-iso9660) [1.086981s] ... ok
{15} tempest.api.image.v2.test_images_formats.ImagesFormatTest.test_accept_usable_formats(iso-with-qcow2-in-system) ... SKIPPED: Glance does not currently reject unusable images on upload
{15} tempest.api.image.v2.test_images_formats.ImagesFormatTest.test_accept_usable_formats(vmdk-monolithicSparse) [1.138291s] ... ok
{22} setUpClass (tempest.api.object_storage.test_object_temp_url_negative.ObjectTempUrlNegativeTest) ... SKIPPED: ObjectTempUrlNegativeTest skipped as swift is not available
{22} setUpClass (tempest.api.object_storage.test_object_version.ContainerTest) ... SKIPPED: ContainerTest skipped as swift is not available
{15} tempest.api.image.v2.test_images_formats.ImagesFormatTest.test_accept_usable_formats(vmdk-streamOptimized) [1.241117s] ... ok
{15} tempest.api.image.v2.test_images_formats.ImagesFormatTest.test_accept_usable_formats(vmdk-monolithicFlat) ... SKIPPED: Glance does not currently reject unusable images on upload
{15} tempest.api.image.v2.test_images_formats.ImagesFormatTest.test_accept_usable_formats(vmdk-monolithicFlat-leak) ... SKIPPED: Glance does not currently reject unusable images on upload
{15} tempest.api.image.v2.test_images_formats.ImagesFormatTest.test_accept_usable_formats(vmdk-sparse-with-url-backing) ... SKIPPED: Glance does not currently reject unusable images on upload
{23} tempest.api.compute.servers.test_servers.ServersTestJSON.test_create_server_with_ipv6_addr_only [13.637088s] ... ok
{15} tempest.api.image.v2.test_images_formats.ImagesFormatTest.test_accept_usable_formats(vmdk-sparse-with-footer) [1.164369s] ... ok
{15} tempest.api.image.v2.test_images_formats.ImagesFormatTest.test_compute_rejects_format_mismatch(standard-qcow2v3) ... SKIPPED: Unable to test compute image formats if glance does not allow them to be uploaded
{15} tempest.api.image.v2.test_images_formats.ImagesFormatTest.test_compute_rejects_format_mismatch(qcow-with-backing) ... SKIPPED: Unable to test compute image formats if glance does not allow them to be uploaded
{15} tempest.api.image.v2.test_images_formats.ImagesFormatTest.test_compute_rejects_format_mismatch(qcow-with-datafile) ... SKIPPED: Unable to test compute image formats if glance does not allow them to be uploaded
{15} tempest.api.image.v2.test_images_formats.ImagesFormatTest.test_compute_rejects_format_mismatch(raw-blank) ... SKIPPED: Unable to test compute image formats if glance does not allow them to be uploaded
{15} tempest.api.image.v2.test_images_formats.ImagesFormatTest.test_compute_rejects_format_mismatch(gpt-blank) ... SKIPPED: Unable to test compute image formats if glance does not allow them to be uploaded
{15} tempest.api.image.v2.test_images_formats.ImagesFormatTest.test_compute_rejects_format_mismatch(standard) ... SKIPPED: Unable to test compute image formats if glance does not allow them to be uploaded
{15} tempest.api.image.v2.test_images_formats.ImagesFormatTest.test_compute_rejects_format_mismatch(standard-iso9660) ... SKIPPED: Unable to test compute image formats if glance does not allow them to be uploaded
{15} tempest.api.image.v2.test_images_formats.ImagesFormatTest.test_compute_rejects_format_mismatch(iso-with-qcow2-in-system) ... SKIPPED: Unable to test compute image formats if glance does not allow them to be uploaded
{15} tempest.api.image.v2.test_images_formats.ImagesFormatTest.test_compute_rejects_format_mismatch(vmdk-monolithicSparse) ... SKIPPED: Unable to test compute image formats if glance does not allow them to be uploaded
{15} tempest.api.image.v2.test_images_formats.ImagesFormatTest.test_compute_rejects_format_mismatch(vmdk-streamOptimized) ... SKIPPED: Unable to test compute image formats if glance does not allow them to be uploaded
{15} tempest.api.image.v2.test_images_formats.ImagesFormatTest.test_compute_rejects_format_mismatch(vmdk-monolithicFlat) ... SKIPPED: Unable to test compute image formats if glance does not allow them to be uploaded
{15} tempest.api.image.v2.test_images_formats.ImagesFormatTest.test_compute_rejects_format_mismatch(vmdk-monolithicFlat-leak) ... SKIPPED: Unable to test compute image formats if glance does not allow them to be uploaded
{15} tempest.api.image.v2.test_images_formats.ImagesFormatTest.test_compute_rejects_format_mismatch(vmdk-sparse-with-url-backing) ... SKIPPED: Unable to test compute image formats if glance does not allow them to be uploaded
{15} tempest.api.image.v2.test_images_formats.ImagesFormatTest.test_compute_rejects_format_mismatch(vmdk-sparse-with-footer) ... SKIPPED: Unable to test compute image formats if glance does not allow them to be uploaded
{15} tempest.api.image.v2.test_images_formats.ImagesFormatTest.test_compute_rejects_invalid(standard-qcow2v3) ... SKIPPED: Unable to test compute image formats if glance does not allow them to be uploaded
{15} tempest.api.image.v2.test_images_formats.ImagesFormatTest.test_compute_rejects_invalid(qcow-with-backing) ... SKIPPED: Unable to test compute image formats if glance does not allow them to be uploaded
{15} tempest.api.image.v2.test_images_formats.ImagesFormatTest.test_compute_rejects_invalid(qcow-with-datafile) ... SKIPPED: Unable to test compute image formats if glance does not allow them to be uploaded
{15} tempest.api.image.v2.test_images_formats.ImagesFormatTest.test_compute_rejects_invalid(raw-blank) ... SKIPPED: Unable to test compute image formats if glance does not allow them to be uploaded
{15} tempest.api.image.v2.test_images_formats.ImagesFormatTest.test_compute_rejects_invalid(gpt-blank) ... SKIPPED: Format gpt not allowed by config
{15} tempest.api.image.v2.test_images_formats.ImagesFormatTest.test_compute_rejects_invalid(standard) ... SKIPPED: Format qed not allowed by config
{15} tempest.api.image.v2.test_images_formats.ImagesFormatTest.test_compute_rejects_invalid(standard-iso9660) ... SKIPPED: Unable to test compute image formats if glance does not allow them to be uploaded
{15} tempest.api.image.v2.test_images_formats.ImagesFormatTest.test_compute_rejects_invalid(iso-with-qcow2-in-system) ... SKIPPED: Unable to test compute image formats if glance does not allow them to be uploaded
{15} tempest.api.image.v2.test_images_formats.ImagesFormatTest.test_compute_rejects_invalid(vmdk-monolithicSparse) ... SKIPPED: Unable to test compute image formats if glance does not allow them to be uploaded
{15} tempest.api.image.v2.test_images_formats.ImagesFormatTest.test_compute_rejects_invalid(vmdk-streamOptimized) ... SKIPPED: Unable to test compute image formats if glance does not allow them to be uploaded
{15} tempest.api.image.v2.test_images_formats.ImagesFormatTest.test_compute_rejects_invalid(vmdk-monolithicFlat) ... SKIPPED: Unable to test compute image formats if glance does not allow them to be uploaded
{15} tempest.api.image.v2.test_images_formats.ImagesFormatTest.test_compute_rejects_invalid(vmdk-monolithicFlat-leak) ... SKIPPED: Unable to test compute image formats if glance does not allow them to be uploaded
{15} tempest.api.image.v2.test_images_formats.ImagesFormatTest.test_compute_rejects_invalid(vmdk-sparse-with-url-backing) ... SKIPPED: Unable to test compute image formats if glance does not allow them to be uploaded
{15} tempest.api.image.v2.test_images_formats.ImagesFormatTest.test_compute_rejects_invalid(vmdk-sparse-with-footer) ... SKIPPED: Unable to test compute image formats if glance does not allow them to be uploaded
{11} tempest.api.compute.volumes.test_attach_volume_negative.AttachVolumeNegativeTest.test_attach_attached_volume_to_same_server [46.459508s] ... ok
{27} tempest.api.compute.servers.test_server_metadata.ServerMetadataTestJSON.test_delete_server_metadata_item [0.301285s] ... ok
{8} tempest.api.compute.security_groups.test_security_groups.SecurityGroupsTestJSON.test_list_security_groups_by_server [11.882174s] ... ok
{27} tempest.api.compute.servers.test_server_metadata.ServerMetadataTestJSON.test_get_server_metadata_item [0.144942s] ... ok
{27} tempest.api.compute.servers.test_server_metadata.ServerMetadataTestJSON.test_list_server_metadata [0.145825s] ... ok
{8} tempest.api.compute.security_groups.test_security_groups.SecurityGroupsTestJSON.test_security_group_create_get_delete [0.477599s] ... ok
{27} tempest.api.compute.servers.test_server_metadata.ServerMetadataTestJSON.test_set_server_metadata [0.230045s] ... ok
{27} tempest.api.compute.servers.test_server_metadata.ServerMetadataTestJSON.test_set_server_metadata_item [0.220537s] ... ok
{27} tempest.api.compute.servers.test_server_metadata.ServerMetadataTestJSON.test_update_metadata_empty_body [0.210176s] ... ok
{27} tempest.api.compute.servers.test_server_metadata.ServerMetadataTestJSON.test_update_server_metadata [0.841972s] ... ok
{8} tempest.api.compute.security_groups.test_security_groups.SecurityGroupsTestJSON.test_security_groups_create_list_delete [6.159919s] ... ok
{6} tempest.api.compute.servers.test_server_actions.ServerActionsTestJSON.test_resize_server_confirm [20.662990s] ... ok
{39} tempest.api.compute.servers.test_delete_server.DeleteServersTestJSON.test_delete_server_while_in_suspended_state [19.192651s] ... ok
{27} tempest.api.image.v2.test_images.LocationImportTest.test_add_location_for_image_with_do_secure_hash_true ... SKIPPED: http store is disabled
{27} tempest.api.image.v2.test_images.LocationImportTest.test_add_location_with_do_secure_hash_false ... SKIPPED: do_secure_hash is enabled
{38} tempest.api.volume.admin.test_volumes_actions.VolumesActionsTest.test_force_detach_volume [25.063513s] ... FAILED

Captured traceback:
~~~~~~~~~~~~~~~~~~~
    Traceback (most recent call last):

      File "/opt/stack/tempest/tempest/common/utils/__init__.py", line 65, in wrapper
    return f(*func_args, **func_kwargs)
           ^^^^^^^^^^^^^^^^^^^^^^^^^^^^

      File "/opt/stack/tempest/tempest/api/volume/admin/test_volumes_actions.py", line 107, in test_force_detach_volume
    self.admin_volume_client.force_detach_volume(

      File "/opt/stack/tempest/tempest/lib/services/volume/v3/volumes_client.py", line 389, in force_detach_volume
    resp, body = self.post(url, post_body)
                 ^^^^^^^^^^^^^^^^^^^^^^^^^

      File "/opt/stack/tempest/tempest/lib/common/rest_client.py", line 317, in post
    resp_header, resp_body = self.request(
                             ^^^^^^^^^^^^^

      File "/opt/stack/tempest/tempest/lib/services/volume/base_client.py", line 39, in request
    resp, resp_body = super(BaseClient, self).request(
                      ^^^^^^^^^^^^^^^^^^^^^^^^^^^^^^^^

      File "/opt/stack/tempest/tempest/lib/common/rest_client.py", line 767, in request
    self._error_checker(resp, resp_body)

      File "/opt/stack/tempest/tempest/lib/common/rest_client.py", line 952, in _error_checker
    raise exceptions.ServerFault(resp_body, resp=resp,

    tempest.lib.exceptions.ServerFault: Got server fault
Details: Unable to terminate volume connection from backend.


Captured pythonlogging:
~~~~~~~~~~~~~~~~~~~~~~~
    2026-09-07 10:32:08,518 1673304 INFO     [tempest.lib.common.rest_client] Request (VolumesActionsTest:test_force_detach_volume): 201 POST http://172.21.16.48/identity/v3/auth/tokens 0.077s
2026-09-07 10:32:08,518 1673304 DEBUG    [tempest.lib.common.rest_client] Request - Headers: {'Content-Type': 'application/json', 'Accept': 'application/json'}
        Body: <omitted>
    Response - Headers: {'date': 'Mon, 07 Sep 2026 02:32:08 GMT', 'server': 'Apache/2.4.58 (Ubuntu)', 'content-type': 'application/json', 'content-length': '2499', 'x-subject-token': '<omitted>', 'vary': 'X-Auth-Token', 'x-openstack-request-id': 'req-aab09293-1362-4e45-b878-2a152ba7897b', 'connection': 'close', 'status': '201', 'content-location': 'http://172.21.16.48/identity/v3/auth/tokens'}
        Body: b'{"token": {"methods": ["password"], "user": {"domain": {"id": "default", "name": "Default"}, "id": "05936363e60f495eb883a2707f9fd9f1", "name": "tempest-VolumesActionsTest-1078371621-project-member", "password_expires_at": null}, "audit_ids": ["ZiYm7z-HRZKNfBzfAnNnnA"], "expires_at": "2026-09-07T03:32:08.000000Z", "issued_at": "2026-09-07T02:32:08.000000Z", "project": {"domain": {"id": "default", "name": "Default"}, "id": "26b0da40e15a4c249043ef771c8df110", "name": "tempest-VolumesActionsTest-1078371621"}, "is_domain": false, "roles": [{"id": "3ef9e1901aef4331a7ef6890414e876b", "name": "reader"}, {"id": "f0c902c1d27647db84d3364d71116324", "name": "member"}], "catalog": [{"endpoints": [{"id": "4793cc266e5a47169ed04883bd05e4d8", "interface": "public", "region_id": "RegionOne", "url": "http://172.21.16.48/identity", "region": "RegionOne"}], "id": "13ce648834264991b5de9d395d56fe9b", "type": "identity", "name": "keystone"}, {"endpoints": [{"id": "45279045403c469f9f96bf30b7d32ae5", "interface": "public", "region_id": "RegionOne", "url": "http://172.21.16.48/networking", "region": "RegionOne"}], "id": "31fc45254fc54b98b3fddb1dacafe1de", "type": "network", "name": "neutron"}, {"endpoints": [{"id": "bb506d94ae1645fdab573c33a1137d4e", "interface": "public", "region_id": "RegionOne", "url": "http://172.21.16.48/placement", "region": "RegionOne"}], "id": "670bed1dd5b74e80adb77ca1fa7a9748", "type": "placement", "name": "placement"}, {"endpoints": [{"id": "9e20bc32decc4385b13b0874ac2b6f15", "interface": "public", "region_id": "RegionOne", "url": "http://172.21.16.48/image", "region": "RegionOne"}], "id": "9ae04292c4b149678c54055a3523c771", "type": "image", "name": "glance"}, {"endpoints": [{"id": "dac37c18b3d14dc7b7f4ab0307ca7876", "interface": "public", "region_id": "RegionOne", "url": "http://172.21.16.48/compute/v2/26b0da40e15a4c249043ef771c8df110", "region": "RegionOne"}], "id": "b7459395849642e1a9ec5a6522617807", "type": "compute_legacy", "name": "nova_legacy"}, {"endpoints": [{"id": "3cd65348685f4c79ac5c2d38f375b89f", "interface": "public", "region_id": "RegionOne", "url": "http://172.21.16.48/volume/v3", "region": "RegionOne"}], "id": "ce27e67ae2c14ba787e6c8545ce4653a", "type": "block-storage", "name": "cinder"}, {"endpoints": [{"id": "5a998c9c9df640e38a987a608fbead09", "interface": "public", "region_id": "RegionOne", "url": "http://172.21.16.48/compute/v2.1", "region": "RegionOne"}], "id": "db923492e91049e296224b33dd0c4b00", "type": "compute", "name": "nova"}]}}'
2026-09-07 10:32:08,519 1673304 INFO     [tempest.lib.common.fixed_network] (VolumesActionsTest:test_force_detach_volume) Found network {'id': 'ea6e7844-d5b1-4a9c-8827-21d897c2e887', 'name': 'tempest-VolumesActionsTest-421035087-network', 'tenant_id': '26b0da40e15a4c249043ef771c8df110', 'project_id': '26b0da40e15a4c249043ef771c8df110', 'admin_state_up': True, 'mtu': 1442, 'status': 'ACTIVE', 'subnets': [], 'shared': False, 'port_security_enabled': True, 'router:external': False, 'provider:network_type': 'geneve', 'provider:physical_network': None, 'provider:segmentation_id': 42073, 'vlan_transparent': False, 'qinq': False, 'is_default': False, 'availability_zone_hints': [], 'availability_zones': [], 'ipv4_address_scope': None, 'ipv6_address_scope': None, 'description': '', 'tags': [], 'created_at':
     '2026-09-07T02:31:57Z', 'updated_at': '2026-09-07T02:31:57Z', 'revision_number': 1} available for tenant
2026-09-07 10:32:08,994 1673304 INFO     [tempest.lib.common.rest_client] Request (VolumesActionsTest:test_force_detach_volume): 202 POST http://172.21.16.48/compute/v2.1/servers 0.474s
2026-09-07 10:32:08,995 1673304 DEBUG    [tempest.lib.common.rest_client] Request - Headers: {'Content-Type': 'application/json', 'Accept': 'application/json', 'X-Auth-Token': '<omitted>'}
        Body: {"server": {"name": "tempest-VolumesActionsTest-instance-1101429772", "imageRef": "c40e0f49-dfcb-4f0c-85f6-961051435368", "flavorRef": "42", "networks": [{"uuid": "ea6e7844-d5b1-4a9c-8827-21d897c2e887"}]}}
    Response - Headers: {'date': 'Mon, 07 Sep 2026 02:32:08 GMT', 'server': 'Apache/2.4.58 (Ubuntu)', 'content-length': '382', 'location': 'http://172.21.16.48/compute/v2.1/servers/b8bc496e-5db8-4012-82cc-d39f07b89bbe', 'content-type': 'application/json', 'openstack-api-version': 'compute 2.1', 'x-openstack-nova-api-version': '2.1', 'vary': 'OpenStack-API-Version,X-OpenStack-Nova-API-Version', 'x-openstack-request-id': 'req-653ea40b-fdd5-452f-b166-4d020f76d997', 'x-compute-request-id': 'req-653ea40b-fdd5-452f-b166-4d020f76d997', 'connection': 'close', 'status': '202', 'content-location': 'http://172.21.16.48/compute/v2.1/servers'}
        Body: b'{"server": {"id": "b8bc496e-5db8-4012-82cc-d39f07b89bbe", "links": [{"rel": "self", "href": "http://172.21.16.48/compute/v2.1/servers/b8bc496e-5db8-4012-82cc-d39f07b89bbe"}, {"rel": "bookmark", "href": "http://172.21.16.48/compute/servers/b8bc496e-5db8-4012-82cc-d39f07b89bbe"}], "OS-DCF:diskConfig": "MANUAL", "security_groups": [{"name": "default"}], "adminPass": "nNXWZpv92A6P"}}'
2026-09-07 10:32:09,077 1673304 INFO     [tempest.lib.common.rest_client] Request (VolumesActionsTest:test_force_detach_volume): 200 GET http://172.21.16.48/compute/v2.1/servers/b8bc496e-5db8-4012-82cc-d39f07b89bbe 0.080s
2026-09-07 10:32:09,077 1673304 DEBUG    [tempest.lib.common.rest_client] Request - Headers: {'Content-Type': 'application/json', 'Accept': 'application/json', 'X-Auth-Token': '<omitted>'}
        Body: None
    Response - Headers: {'date': 'Mon, 07 Sep 2026 02:32:08 GMT', 'server': 'Apache/2.4.58 (Ubuntu)', 'content-length': '1216', 'content-type': 'application/json', 'openstack-api-version': 'compute 2.1', 'x-openstack-nova-api-version': '2.1', 'vary': 'OpenStack-API-Version,X-OpenStack-Nova-API-Version', 'x-openstack-request-id': 'req-74ca6b4d-8d7d-4c66-b165-3738fad05078', 'x-compute-request-id': 'req-74ca6b4d-8d7d-4c66-b165-3738fad05078', 'connection': 'close', 'status': '200', 'content-location': 'http://172.21.16.48/compute/v2.1/servers/b8bc496e-5db8-4012-82cc-d39f07b89bbe'}
        Body: b'{"server": {"accessIPv4": "", "accessIPv6": "", "addresses": {}, "created": "2026-09-07T02:32:09Z", "flavor": {"id": "42", "links": [{"rel": "bookmark", "href": "http://172.21.16.48/compute/flavors/42"}]}, "hostId": "", "id": "b8bc496e-5db8-4012-82cc-d39f07b89bbe", "image": {"id": "c40e0f49-dfcb-4f0c-85f6-961051435368", "links": [{"rel": "bookmark", "href": "http://172.21.16.48/compute/images/c40e0f49-dfcb-4f0c-85f6-961051435368"}]}, "links": [{"rel": "self", "href": "http://172.21.16.48/compute/v2.1/servers/b8bc496e-5db8-4012-82cc-d39f07b89bbe"}, {"rel": "bookmark", "href": "http://172.21.16.48/compute/servers/b8bc496e-5db8-4012-82cc-d39f07b89bbe"}], "metadata": {}, "name": "tempest-VolumesActionsTest-instance-1101429772", "status": "BUILD", "tenant_id": "26b0da40e15a4c249043ef771c8df110", "user_id": "05936363e60f495eb883a2707f9fd9f1", "updated": "2026-09-07T02:32:09Z", "OS-DCF:diskConfig": "MANUAL", "progress": 0, "OS-EXT-AZ:availability_zone": "", "config_drive": "", "key_name": null, "OS-SRV-USG:launched_at": null, "OS-SRV-USG:terminated_at": null, "OS-EXT-STS:task_state": "scheduling", "OS-EXT-STS:vm_state": "building", "OS-EXT-STS:power_state": 0, "os-extended-volumes:volumes_attached": []}}'
2026-09-07 10:32:10,159 1673304 INFO     [tempest.lib.common.rest_client] Request (VolumesActionsTest:test_f
    orce_detach_volume): 200 GET http://172.21.16.48/compute/v2.1/servers/b8bc496e-5db8-4012-82cc-d39f07b89bbe 0.069s
2026-09-07 10:32:10,159 1673304 DEBUG    [tempest.lib.common.rest_client] Request - Headers: {'Content-Type': 'application/json', 'Accept': 'application/json', 'X-Auth-Token': '<omitted>'}
        Body: None
    Response - Headers: {'date': 'Mon, 07 Sep 2026 02:32:10 GMT', 'server': 'Apache/2.4.58 (Ubuntu)', 'content-length': '1268', 'content-type': 'application/json', 'openstack-api-version': 'compute 2.1', 'x-openstack-nova-api-version': '2.1', 'vary': 'OpenStack-API-Version,X-OpenStack-Nova-API-Version', 'x-openstack-request-id': 'req-fff8ea2f-3daa-4d2b-81ba-6f4bbec14754', 'x-compute-request-id': 'req-fff8ea2f-3daa-4d2b-81ba-6f4bbec14754', 'connection': 'close', 'status': '200', 'content-location': 'http://172.21.16.48/compute/v2.1/servers/b8bc496e-5db8-4012-82cc-d39f07b89bbe'}
        Body: b'{"server": {"accessIPv4": "", "accessIPv6": "", "addresses": {}, "created": "2026-09-07T02:32:08Z", "flavor": {"id": "42", "links": [{"rel": "bookmark", "href": "http://172.21.16.48/compute/flavors/42"}]}, "hostId": "0aa2c7a5d4e268423c0ff0f777015f1666874ae0e7f495ee03f8d73e", "id": "b8bc496e-5db8-4012-82cc-d39f07b89bbe", "image": {"id": "c40e0f49-dfcb-4f0c-85f6-961051435368", "links": [{"rel": "bookmark", "href": "http://172.21.16.48/compute/images/c40e0f49-dfcb-4f0c-85f6-961051435368"}]}, "links": [{"rel": "self", "href": "http://172.21.16.48/compute/v2.1/servers/b8bc496e-5db8-4012-82cc-d39f07b89bbe"}, {"rel": "bookmark", "href": "http://172.21.16.48/compute/servers/b8bc496e-5db8-4012-82cc-d39f07b89bbe"}], "metadata": {}, "name": "tempest-VolumesActionsTest-instance-1101429772", "status": "BUILD", "tenant_id": "26b0da40e15a4c249043ef771c8df110", "user_id": "05936363e60f495eb883a2707f9fd9f1", "updated": "2026-09-07T02:32:10Z", "OS-DCF:diskConfig": "MANUAL", "progress": 0, "OS-EXT-AZ:availability_zone": "nova", "config_drive": "", "key_name": null, "OS-SRV-USG:launched_at": null, "OS-SRV-USG:terminated_at": null, "OS-EXT-STS:task_state": null, "OS-EXT-STS:vm_state": "building", "OS-EXT-STS:power_state": 0, "os-extended-volumes:volumes_attached": []}}'
2026-09-07 10:32:10,167 1673304 INFO     [tempest.common.waiters] State transition "BUILD/scheduling" ==> "BUILD/None" after 1 second wait
2026-09-07 10:32:11,331 1673304 INFO     [tempest.lib.common.rest_client] Request (VolumesActionsTest:test_force_detach_volume): 200 GET http://172.21.16.48/compute/v2.1/servers/b8bc496e-5db8-4012-82cc-d39f07b89bbe 0.163s
2026-09-07 10:32:11,331 1673304 DEBUG    [tempest.lib.common.rest_client] Request - Headers: {'Content-Type': 'application/json', 'Accept': 'application/json', 'X-Auth-Token': '<omitted>'}
        Body: None
    Response - Headers: {'date': 'Mon, 07 Sep 2026 02:32:11 GMT', 'server': 'Apache/2.4.58 (Ubuntu)', 'content-length': '1316', 'content-type': 'application/json', 'openstack-api-version': 'compute 2.1', 'x-openstack-nova-api-version': '2.1', 'vary': 'OpenStack-API-Version,X-OpenStack-Nova-API-Version', 'x-openstack-request-id': 'req-876f5b49-83c8-414f-9c2e-415556c254cd', 'x-compute-request-id': 'req-876f5b49-83c8-414f-9c2e-415556c254cd', 'connection': 'close', 'status': '200', 'content-location': 'http://172.21.16.48/compute/v2.1/servers/b8bc496e-5db8-4012-82cc-d39f07b89bbe'}
        Body: b'{"server": {"accessIPv4": "", "accessIPv6": "", "addresses": {}, "created": "2026-09-07T02:32:08Z", "flavor": {"id": "42", "links": [{"rel": "bookmark", "href": "http://172.21.16.48/compute/flavors/42"}]}, "hostId": "0aa2c7a5d4e268423c0ff0f777015f1666874ae0e7f495ee03f8d73e", "id": "b8bc496e-5db8-4012-82cc-d39f07b89bbe", "image": {"id": "c40e0f49-dfcb-4f0c-85f6-961051435368", "links": [{"rel": "bookmark", "href": "http://172.21.16.48/compute/images/c40e0f49-dfcb-4f0c-85f6-961051435368"}]}, "links": [{"rel": "self", "href": "http://172.21.16.48/compute/v2.1/servers/b8bc496e-5db8-4012-82cc-d39f07b89bbe"}, {"rel": "bookmark", "href": "http://172.21.16.48/compute/servers/b8bc496e-5db8-4012-82cc-d39f07b89bbe"}], "metadata": {}, "na
    me": "tempest-VolumesActionsTest-instance-1101429772", "status": "BUILD", "tenant_id": "26b0da40e15a4c249043ef771c8df110", "user_id": "05936363e60f495eb883a2707f9fd9f1", "updated": "2026-09-07T02:32:11Z", "OS-DCF:diskConfig": "MANUAL", "progress": 0, "OS-EXT-AZ:availability_zone": "nova", "config_drive": "", "key_name": null, "OS-SRV-USG:launched_at": null, "OS-SRV-USG:terminated_at": null, "security_groups": [{"name": "default"}], "OS-EXT-STS:task_state": "spawning", "OS-EXT-STS:vm_state": "building", "OS-EXT-STS:power_state": 0, "os-extended-volumes:volumes_attached": []}}'
2026-09-07 10:32:11,344 1673304 INFO     [tempest.common.waiters] State transition "BUILD/None" ==> "BUILD/spawning" after 2 second wait
2026-09-07 10:32:12,524 1673304 INFO     [tempest.lib.common.rest_client] Request (VolumesActionsTest:test_force_detach_volume): 200 GET http://172.21.16.48/compute/v2.1/servers/b8bc496e-5db8-4012-82cc-d39f07b89bbe 0.179s
2026-09-07 10:32:12,524 1673304 DEBUG    [tempest.lib.common.rest_client] Request - Headers: {'Content-Type': 'application/json', 'Accept': 'application/json', 'X-Auth-Token': '<omitted>'}
        Body: None
    Response - Headers: {'date': 'Mon, 07 Sep 2026 02:32:12 GMT', 'server': 'Apache/2.4.58 (Ubuntu)', 'content-length': '1316', 'content-type': 'application/json', 'openstack-api-version': 'compute 2.1', 'x-openstack-nova-api-version': '2.1', 'vary': 'OpenStack-API-Version,X-OpenStack-Nova-API-Version', 'x-openstack-request-id': 'req-7508222e-8786-4598-9a2d-286f4dfce226', 'x-compute-request-id': 'req-7508222e-8786-4598-9a2d-286f4dfce226', 'connection': 'close', 'status': '200', 'content-location': 'http://172.21.16.48/compute/v2.1/servers/b8bc496e-5db8-4012-82cc-d39f07b89bbe'}
        Body: b'{"server": {"accessIPv4": "", "accessIPv6": "", "addresses": {}, "created": "2026-09-07T02:32:08Z", "flavor": {"id": "42", "links": [{"rel": "bookmark", "href": "http://172.21.16.48/compute/flavors/42"}]}, "hostId": "0aa2c7a5d4e268423c0ff0f777015f1666874ae0e7f495ee03f8d73e", "id": "b8bc496e-5db8-4012-82cc-d39f07b89bbe", "image": {"id": "c40e0f49-dfcb-4f0c-85f6-961051435368", "links": [{"rel": "bookmark", "href": "http://172.21.16.48/compute/images/c40e0f49-dfcb-4f0c-85f6-961051435368"}]}, "links": [{"rel": "self", "href": "http://172.21.16.48/compute/v2.1/servers/b8bc496e-5db8-4012-82cc-d39f07b89bbe"}, {"rel": "bookmark", "href": "http://172.21.16.48/compute/servers/b8bc496e-5db8-4012-82cc-d39f07b89bbe"}], "metadata": {}, "name": "tempest-VolumesActionsTest-instance-1101429772", "status": "BUILD", "tenant_id": "26b0da40e15a4c249043ef771c8df110", "user_id": "05936363e60f495eb883a2707f9fd9f1", "updated": "2026-09-07T02:32:11Z", "OS-DCF:diskConfig": "MANUAL", "progress": 0, "OS-EXT-AZ:availability_zone": "nova", "config_drive": "", "key_name": null, "OS-SRV-USG:launched_at": null, "OS-SRV-USG:terminated_at": null, "security_groups": [{"name": "default"}], "OS-EXT-STS:task_state": "spawning", "OS-EXT-STS:vm_state": "building", "OS-EXT-STS:power_state": 0, "os-extended-volumes:volumes_attached": []}}'
2026-09-07 10:32:13,655 1673304 INFO     [tempest.lib.common.rest_client] Request (VolumesActionsTest:test_force_detach_volume): 200 GET http://172.21.16.48/compute/v2.1/servers/b8bc496e-5db8-4012-82cc-d39f07b89bbe 0.123s
2026-09-07 10:32:13,656 1673304 DEBUG    [tempest.lib.common.rest_client] Request - Headers: {'Content-Type': 'application/json', 'Accept': 'application/json', 'X-Auth-Token': '<omitted>'}
        Body: None
    Response - Headers: {'date': 'Mon, 07 Sep 2026 02:32:13 GMT', 'server': 'Apache/2.4.58 (Ubuntu)', 'content-length': '1316', 'content-type': 'application/json', 'openstack-api-version': 'compute 2.1', 'x-openstack-nova-api-version': '2.1', 'vary': 'OpenStack-API-Version,X-OpenStack-Nova-API-Version', 'x-openstack-request-id': 'req-c3931afd-6a59-4bae-b790-09c2d097ac00', 'x-compute-request-id': 'req-c3931afd-6a59-4bae-b790-09c2d097ac00', 'connection': 'close', 'status': '200', 'content-location': 'http://172.21.16.48/compute/v2.1/servers/b8bc496e-5db8-4012-82cc-d39f07b89bbe'}
        Body: 
    b'{"server": {"accessIPv4": "", "accessIPv6": "", "addresses": {}, "created": "2026-09-07T02:32:08Z", "flavor": {"id": "42", "links": [{"rel": "bookmark", "href": "http://172.21.16.48/compute/flavors/42"}]}, "hostId": "0aa2c7a5d4e268423c0ff0f777015f1666874ae0e7f495ee03f8d73e", "id": "b8bc496e-5db8-4012-82cc-d39f07b89bbe", "image": {"id": "c40e0f49-dfcb-4f0c-85f6-961051435368", "links": [{"rel": "bookmark", "href": "http://172.21.16.48/compute/images/c40e0f49-dfcb-4f0c-85f6-961051435368"}]}, "links": [{"rel": "self", "href": "http://172.21.16.48/compute/v2.1/servers/b8bc496e-5db8-4012-82cc-d39f07b89bbe"}, {"rel": "bookmark", "href": "http://172.21.16.48/compute/servers/b8bc496e-5db8-4012-82cc-d39f07b89bbe"}], "metadata": {}, "name": "tempest-VolumesActionsTest-instance-1101429772", "status": "BUILD", "tenant_id": "26b0da40e15a4c249043ef771c8df110", "user_id": "05936363e60f495eb883a2707f9fd9f1", "updated": "2026-09-07T02:32:11Z", "OS-DCF:diskConfig": "MANUAL", "progress": 0, "OS-EXT-AZ:availability_zone": "nova", "config_drive": "", "key_name": null, "OS-SRV-USG:launched_at": null, "OS-SRV-USG:terminated_at": null, "security_groups": [{"name": "default"}], "OS-EXT-STS:task_state": "spawning", "OS-EXT-STS:vm_state": "building", "OS-EXT-STS:power_state": 0, "os-extended-volumes:volumes_attached": []}}'
2026-09-07 10:32:14,817 1673304 INFO     [tempest.lib.common.rest_client] Request (VolumesActionsTest:test_force_detach_volume): 200 GET http://172.21.16.48/compute/v2.1/servers/b8bc496e-5db8-4012-82cc-d39f07b89bbe 0.153s
2026-09-07 10:32:14,817 1673304 DEBUG    [tempest.lib.common.rest_client] Request - Headers: {'Content-Type': 'application/json', 'Accept': 'application/json', 'X-Auth-Token': '<omitted>'}
        Body: None
    Response - Headers: {'date': 'Mon, 07 Sep 2026 02:32:14 GMT', 'server': 'Apache/2.4.58 (Ubuntu)', 'content-length': '1316', 'content-type': 'application/json', 'openstack-api-version': 'compute 2.1', 'x-openstack-nova-api-version': '2.1', 'vary': 'OpenStack-API-Version,X-OpenStack-Nova-API-Version', 'x-openstack-request-id': 'req-16f4d251-13af-4d9c-95aa-a8a7a8020c86', 'x-compute-request-id': 'req-16f4d251-13af-4d9c-95aa-a8a7a8020c86', 'connection': 'close', 'status': '200', 'content-location': 'http://172.21.16.48/compute/v2.1/servers/b8bc496e-5db8-4012-82cc-d39f07b89bbe'}
        Body: b'{"server": {"accessIPv4": "", "accessIPv6": "", "addresses": {}, "created": "2026-09-07T02:32:08Z", "flavor": {"id": "42", "links": [{"rel": "bookmark", "href": "http://172.21.16.48/compute/flavors/42"}]}, "hostId": "0aa2c7a5d4e268423c0ff0f777015f1666874ae0e7f495ee03f8d73e", "id": "b8bc496e-5db8-4012-82cc-d39f07b89bbe", "image": {"id": "c40e0f49-dfcb-4f0c-85f6-961051435368", "links": [{"rel": "bookmark", "href": "http://172.21.16.48/compute/images/c40e0f49-dfcb-4f0c-85f6-961051435368"}]}, "links": [{"rel": "self", "href": "http://172.21.16.48/compute/v2.1/servers/b8bc496e-5db8-4012-82cc-d39f07b89bbe"}, {"rel": "bookmark", "href": "http://172.21.16.48/compute/servers/b8bc496e-5db8-4012-82cc-d39f07b89bbe"}], "metadata": {}, "name": "tempest-VolumesActionsTest-instance-1101429772", "status": "BUILD", "tenant_id": "26b0da40e15a4c249043ef771c8df110", "user_id": "05936363e60f495eb883a2707f9fd9f1", "updated": "2026-09-07T02:32:11Z", "OS-DCF:diskConfig": "MANUAL", "progress": 0, "OS-EXT-AZ:availability_zone": "nova", "config_drive": "", "key_name": null, "OS-SRV-USG:launched_at": null, "OS-SRV-USG:terminated_at": null, "security_groups": [{"name": "default"}], "OS-EXT-STS:task_state": "spawning", "OS-EXT-STS:vm_state": "building", "OS-EXT-STS:power_state": 0, "os-extended-volumes:volumes_attached": []}}'
2026-09-07 10:32:15,993 1673304 INFO     [tempest.lib.common.rest_client] Request (VolumesActionsTest:test_force_detach_volume): 200 GET http://172.21.16.48/compute/v2.1/servers/b8bc496e-5db8-4012-82cc-d39f07b89bbe 0.168s
2026-09-07 10:32:15,994 1673304 DEBUG    [tempest.lib.common.rest_client] Request - Headers: {'Content-Type': 'application/json', 'Accept': 'application/json', 'X-Auth-Token': '<omitted>'}
        Body: Non
    e
    Response - Headers: {'date': 'Mon, 07 Sep 2026 02:32:15 GMT', 'server': 'Apache/2.4.58 (Ubuntu)', 'content-length': '1316', 'content-type': 'application/json', 'openstack-api-version': 'compute 2.1', 'x-openstack-nova-api-version': '2.1', 'vary': 'OpenStack-API-Version,X-OpenStack-Nova-API-Version', 'x-openstack-request-id': 'req-855f1b28-29b2-434c-921e-5b403705663d', 'x-compute-request-id': 'req-855f1b28-29b2-434c-921e-5b403705663d', 'connection': 'close', 'status': '200', 'content-location': 'http://172.21.16.48/compute/v2.1/servers/b8bc496e-5db8-4012-82cc-d39f07b89bbe'}
        Body: b'{"server": {"accessIPv4": "", "accessIPv6": "", "addresses": {}, "created": "2026-09-07T02:32:08Z", "flavor": {"id": "42", "links": [{"rel": "bookmark", "href": "http://172.21.16.48/compute/flavors/42"}]}, "hostId": "0aa2c7a5d4e268423c0ff0f777015f1666874ae0e7f495ee03f8d73e", "id": "b8bc496e-5db8-4012-82cc-d39f07b89bbe", "image": {"id": "c40e0f49-dfcb-4f0c-85f6-961051435368", "links": [{"rel": "bookmark", "href": "http://172.21.16.48/compute/images/c40e0f49-dfcb-4f0c-85f6-961051435368"}]}, "links": [{"rel": "self", "href": "http://172.21.16.48/compute/v2.1/servers/b8bc496e-5db8-4012-82cc-d39f07b89bbe"}, {"rel": "bookmark", "href": "http://172.21.16.48/compute/servers/b8bc496e-5db8-4012-82cc-d39f07b89bbe"}], "metadata": {}, "name": "tempest-VolumesActionsTest-instance-1101429772", "status": "BUILD", "tenant_id": "26b0da40e15a4c249043ef771c8df110", "user_id": "05936363e60f495eb883a2707f9fd9f1", "updated": "2026-09-07T02:32:11Z", "OS-DCF:diskConfig": "MANUAL", "progress": 0, "OS-EXT-AZ:availability_zone": "nova", "config_drive": "", "key_name": null, "OS-SRV-USG:launched_at": null, "OS-SRV-USG:terminated_at": null, "security_groups": [{"name": "default"}], "OS-EXT-STS:task_state": "spawning", "OS-EXT-STS:vm_state": "building", "OS-EXT-STS:power_state": 0, "os-extended-volumes:volumes_attached": []}}'
2026-09-07 10:32:17,192 1673304 INFO     [tempest.lib.common.rest_client] Request (VolumesActionsTest:test_force_detach_volume): 200 GET http://172.21.16.48/compute/v2.1/servers/b8bc496e-5db8-4012-82cc-d39f07b89bbe 0.190s
2026-09-07 10:32:17,192 1673304 DEBUG    [tempest.lib.common.rest_client] Request - Headers: {'Content-Type': 'application/json', 'Accept': 'application/json', 'X-Auth-Token': '<omitted>'}
        Body: None
    Response - Headers: {'date': 'Mon, 07 Sep 2026 02:32:17 GMT', 'server': 'Apache/2.4.58 (Ubuntu)', 'content-length': '1316', 'content-type': 'application/json', 'openstack-api-version': 'compute 2.1', 'x-openstack-nova-api-version': '2.1', 'vary': 'OpenStack-API-Version,X-OpenStack-Nova-API-Version', 'x-openstack-request-id': 'req-496c4e3f-90f6-41a8-b131-f5f693b84e98', 'x-compute-request-id': 'req-496c4e3f-90f6-41a8-b131-f5f693b84e98', 'connection': 'close', 'status': '200', 'content-location': 'http://172.21.16.48/compute/v2.1/servers/b8bc496e-5db8-4012-82cc-d39f07b89bbe'}
        Body: b'{"server": {"accessIPv4": "", "accessIPv6": "", "addresses": {}, "created": "2026-09-07T02:32:08Z", "flavor": {"id": "42", "links": [{"rel": "bookmark", "href": "http://172.21.16.48/compute/flavors/42"}]}, "hostId": "0aa2c7a5d4e268423c0ff0f777015f1666874ae0e7f495ee03f8d73e", "id": "b8bc496e-5db8-4012-82cc-d39f07b89bbe", "image": {"id": "c40e0f49-dfcb-4f0c-85f6-961051435368", "links": [{"rel": "bookmark", "href": "http://172.21.16.48/compute/images/c40e0f49-dfcb-4f0c-85f6-961051435368"}]}, "links": [{"rel": "self", "href": "http://172.21.16.48/compute/v2.1/servers/b8bc496e-5db8-4012-82cc-d39f07b89bbe"}, {"rel": "bookmark", "href": "http://172.21.16.48/compute/servers/b8bc496e-5db8-4012-82cc-d39f07b89bbe"}], "metadata": {}, "name": "tempest-VolumesActionsTest-instance-1101429772", "status": "BUILD", "tenant_id": "26b0da40e15a4c249043ef771c8df110", "user_id": "05936363e60f495eb883a2707f9fd9f1", "updated": "2026-09-07T02:32:11Z", "OS-DCF:diskConfig": "MANUAL", "progress": 0, "OS-EXT-AZ:availability_zone": "nova", "config_drive": "", "key_name": null, "OS-SRV-USG:launched_at": null, "OS-SRV-USG:terminated_at": null, "security_groups"
    : [{"name": "default"}], "OS-EXT-STS:task_state": "spawning", "OS-EXT-STS:vm_state": "building", "OS-EXT-STS:power_state": 0, "os-extended-volumes:volumes_attached": []}}'
2026-09-07 10:32:18,351 1673304 INFO     [tempest.lib.common.rest_client] Request (VolumesActionsTest:test_force_detach_volume): 200 GET http://172.21.16.48/compute/v2.1/servers/b8bc496e-5db8-4012-82cc-d39f07b89bbe 0.149s
2026-09-07 10:32:18,351 1673304 DEBUG    [tempest.lib.common.rest_client] Request - Headers: {'Content-Type': 'application/json', 'Accept': 'application/json', 'X-Auth-Token': '<omitted>'}
        Body: None
    Response - Headers: {'date': 'Mon, 07 Sep 2026 02:32:18 GMT', 'server': 'Apache/2.4.58 (Ubuntu)', 'content-length': '1493', 'content-type': 'application/json', 'openstack-api-version': 'compute 2.1', 'x-openstack-nova-api-version': '2.1', 'vary': 'OpenStack-API-Version,X-OpenStack-Nova-API-Version', 'x-openstack-request-id': 'req-4dc635e8-3eef-4d53-9893-1e2bec6c041e', 'x-compute-request-id': 'req-4dc635e8-3eef-4d53-9893-1e2bec6c041e', 'connection': 'close', 'status': '200', 'content-location': 'http://172.21.16.48/compute/v2.1/servers/b8bc496e-5db8-4012-82cc-d39f07b89bbe'}
        Body: b'{"server": {"accessIPv4": "", "accessIPv6": "", "addresses": {"tempest-VolumesActionsTest-421035087-network": [{"version": 4, "addr": "10.0.0.3", "OS-EXT-IPS:type": "fixed", "OS-EXT-IPS-MAC:mac_addr": "fa:16:3e:52:76:69"}]}, "created": "2026-09-07T02:32:08Z", "flavor": {"id": "42", "links": [{"rel": "bookmark", "href": "http://172.21.16.48/compute/flavors/42"}]}, "hostId": "0aa2c7a5d4e268423c0ff0f777015f1666874ae0e7f495ee03f8d73e", "id": "b8bc496e-5db8-4012-82cc-d39f07b89bbe", "image": {"id": "c40e0f49-dfcb-4f0c-85f6-961051435368", "links": [{"rel": "bookmark", "href": "http://172.21.16.48/compute/images/c40e0f49-dfcb-4f0c-85f6-961051435368"}]}, "links": [{"rel": "self", "href": "http://172.21.16.48/compute/v2.1/servers/b8bc496e-5db8-4012-82cc-d39f07b89bbe"}, {"rel": "bookmark", "href": "http://172.21.16.48/compute/servers/b8bc496e-5db8-4012-82cc-d39f07b89bbe"}], "metadata": {}, "name": "tempest-VolumesActionsTest-instance-1101429772", "status": "ACTIVE", "tenant_id": "26b0da40e15a4c249043ef771c8df110", "user_id": "05936363e60f495eb883a2707f9fd9f1", "updated": "2026-09-07T02:32:17Z", "OS-DCF:diskConfig": "MANUAL", "progress": 0, "OS-EXT-AZ:availability_zone": "nova", "config_drive": "", "key_name": null, "OS-SRV-USG:launched_at": "2026-09-07T02:32:17.000000", "OS-SRV-USG:terminated_at": null, "security_groups": [{"name": "default"}], "OS-EXT-STS:task_state": null, "OS-EXT-STS:vm_state": "active", "OS-EXT-STS:power_state": 1, "os-extended-volumes:volumes_attached": []}}'
2026-09-07 10:32:18,359 1673304 INFO     [tempest.common.waiters] State transition "BUILD/spawning" ==> "ACTIVE/None" after 9 second wait
2026-09-07 10:32:18,556 1673304 INFO     [tempest.lib.common.rest_client] Request (VolumesActionsTest:test_force_detach_volume): 202 POST http://172.21.16.48/volume/v3/volumes 0.196s
2026-09-07 10:32:18,556 1673304 DEBUG    [tempest.lib.common.rest_client] Request - Headers: {'Content-Type': 'application/json', 'Accept': 'application/json', 'X-Auth-Token': '<omitted>'}
        Body: {"volume": {"size": 1, "name": "tempest-VolumesActionsTest-Volume-141603928"}}
    Response - Headers: {'date': 'Mon, 07 Sep 2026 02:32:18 GMT', 'server': 'Apache/2.4.58 (Ubuntu)', 'content-type': 'application/json', 'x-compute-request-id': 'req-d0cf69ab-b0e7-4d17-869d-6bf22d48fb9d', 'content-length': '753', 'openstack-api-version': 'volume 3.0', 'vary': 'OpenStack-API-Version', 'x-openstack-request-id': 'req-d0cf69ab-b0e7-4d17-869d-6bf22d48fb9d', 'connection': 'close', 'status': '202', 'content-location': 'http://172.21.16.48/volume/v3/volumes'}
        Body: b'{"volume": {"id": "362e8fcc-518a-43a6-aa5f-aa162ec2ba55", "status": "creating", "size": 1, "availability_zone": "nova", "created_at": "2026-09-07T02:32:18.500916", "updated_at": null, "name": "tempest-VolumesActionsTest-Volume-141603928", "description": null, "volume_type": "__DEFAULT__", "snapshot_id": n
    ull, "source_volid": null, "metadata": {}, "links": [{"rel": "self", "href": "http://172.21.16.48/volume/v3/volumes/362e8fcc-518a-43a6-aa5f-aa162ec2ba55"}, {"rel": "bookmark", "href": "http://172.21.16.48/volume/volumes/362e8fcc-518a-43a6-aa5f-aa162ec2ba55"}], "user_id": "05936363e60f495eb883a2707f9fd9f1", "bootable": "false", "encrypted": false, "replication_status": null, "consistencygroup_id": null, "multiattach": false, "attachments": []}}'
2026-09-07 10:32:18,593 1673304 INFO     [tempest.lib.common.rest_client] Request (VolumesActionsTest:test_force_detach_volume): 200 GET http://172.21.16.48/volume/v3/volumes/362e8fcc-518a-43a6-aa5f-aa162ec2ba55 0.027s
2026-09-07 10:32:18,593 1673304 DEBUG    [tempest.lib.common.rest_client] Request - Headers: {'Content-Type': 'application/json', 'Accept': 'application/json', 'X-Auth-Token': '<omitted>'}
        Body: None
    Response - Headers: {'date': 'Mon, 07 Sep 2026 02:32:18 GMT', 'server': 'Apache/2.4.58 (Ubuntu)', 'content-type': 'application/json', 'x-compute-request-id': 'req-2c9bbef4-67a4-4192-8c57-f41ff1c75379', 'content-length': '821', 'openstack-api-version': 'volume 3.0', 'vary': 'OpenStack-API-Version', 'x-openstack-request-id': 'req-2c9bbef4-67a4-4192-8c57-f41ff1c75379', 'connection': 'close', 'status': '200', 'content-location': 'http://172.21.16.48/volume/v3/volumes/362e8fcc-518a-43a6-aa5f-aa162ec2ba55'}
        Body: b'{"volume": {"id": "362e8fcc-518a-43a6-aa5f-aa162ec2ba55", "status": "creating", "size": 1, "availability_zone": "nova", "created_at": "2026-09-07T02:32:19.000000", "updated_at": null, "name": "tempest-VolumesActionsTest-Volume-141603928", "description": null, "volume_type": "__DEFAULT__", "snapshot_id": null, "source_volid": null, "metadata": {}, "links": [{"rel": "self", "href": "http://172.21.16.48/volume/v3/volumes/362e8fcc-518a-43a6-aa5f-aa162ec2ba55"}, {"rel": "bookmark", "href": "http://172.21.16.48/volume/volumes/362e8fcc-518a-43a6-aa5f-aa162ec2ba55"}], "user_id": "05936363e60f495eb883a2707f9fd9f1", "bootable": "false", "encrypted": false, "replication_status": null, "consistencygroup_id": null, "multiattach": false, "attachments": [], "os-vol-tenant-attr:tenant_id": "26b0da40e15a4c249043ef771c8df110"}}'
2026-09-07 10:32:19,638 1673304 INFO     [tempest.lib.common.rest_client] Request (VolumesActionsTest:test_force_detach_volume): 200 GET http://172.21.16.48/volume/v3/volumes/362e8fcc-518a-43a6-aa5f-aa162ec2ba55 0.037s
2026-09-07 10:32:19,638 1673304 DEBUG    [tempest.lib.common.rest_client] Request - Headers: {'Content-Type': 'application/json', 'Accept': 'application/json', 'X-Auth-Token': '<omitted>'}
        Body: None
    Response - Headers: {'date': 'Mon, 07 Sep 2026 02:32:19 GMT', 'server': 'Apache/2.4.58 (Ubuntu)', 'content-type': 'application/json', 'x-compute-request-id': 'req-1a236e4b-60a0-4099-85c0-80697d3c8f69', 'content-length': '845', 'openstack-api-version': 'volume 3.0', 'vary': 'OpenStack-API-Version', 'x-openstack-request-id': 'req-1a236e4b-60a0-4099-85c0-80697d3c8f69', 'connection': 'close', 'status': '200', 'content-location': 'http://172.21.16.48/volume/v3/volumes/362e8fcc-518a-43a6-aa5f-aa162ec2ba55'}
        Body: b'{"volume": {"id": "362e8fcc-518a-43a6-aa5f-aa162ec2ba55", "status": "creating", "size": 1, "availability_zone": "nova", "created_at": "2026-09-07T02:32:19.000000", "updated_at": "2026-09-07T02:32:19.000000", "name": "tempest-VolumesActionsTest-Volume-141603928", "description": null, "volume_type": "__DEFAULT__", "snapshot_id": null, "source_volid": null, "metadata": {}, "links": [{"rel": "self", "href": "http://172.21.16.48/volume/v3/volumes/362e8fcc-518a-43a6-aa5f-aa162ec2ba55"}, {"rel": "bookmark", "href": "http://172.21.16.48/volume/volumes/362e8fcc-518a-43a6-aa5f-aa162ec2ba55"}], "user_id": "05936363e60f495eb883a2707f9fd9f1", "bootable": "false", "encrypted": false, "replication_status": null, "consistencygroup_id": null, "multiattach": false, "attachments": [], "os-vol-tenant-attr:tenant_id": "26b0da40e15a4c249043ef771c8df110"}}'
2026-09-07 10:32:20,674 1673304 INFO     [tempest.lib.common.rest_cli
    ent] Request (VolumesActionsTest:test_force_detach_volume): 200 GET http://172.21.16.48/volume/v3/volumes/362e8fcc-518a-43a6-aa5f-aa162ec2ba55 0.027s
2026-09-07 10:32:20,674 1673304 DEBUG    [tempest.lib.common.rest_client] Request - Headers: {'Content-Type': 'application/json', 'Accept': 'application/json', 'X-Auth-Token': '<omitted>'}
        Body: None
    Response - Headers: {'date': 'Mon, 07 Sep 2026 02:32:20 GMT', 'server': 'Apache/2.4.58 (Ubuntu)', 'content-type': 'application/json', 'x-compute-request-id': 'req-e29d27cb-9173-42a9-8af1-b723efa5905b', 'content-length': '891', 'openstack-api-version': 'volume 3.0', 'vary': 'OpenStack-API-Version', 'x-openstack-request-id': 'req-e29d27cb-9173-42a9-8af1-b723efa5905b', 'connection': 'close', 'status': '200', 'content-location': 'http://172.21.16.48/volume/v3/volumes/362e8fcc-518a-43a6-aa5f-aa162ec2ba55'}
        Body: b'{"volume": {"id": "362e8fcc-518a-43a6-aa5f-aa162ec2ba55", "status": "available", "size": 1, "availability_zone": "nova", "created_at": "2026-09-07T02:32:19.000000", "updated_at": "2026-09-07T02:32:20.000000", "name": "tempest-VolumesActionsTest-Volume-141603928", "description": null, "volume_type": "__DEFAULT__", "snapshot_id": null, "source_volid": null, "metadata": {"lun_wwn": "60015eb66a909169e400110000002e9d"}, "links": [{"rel": "self", "href": "http://172.21.16.48/volume/v3/volumes/362e8fcc-518a-43a6-aa5f-aa162ec2ba55"}, {"rel": "bookmark", "href": "http://172.21.16.48/volume/volumes/362e8fcc-518a-43a6-aa5f-aa162ec2ba55"}], "user_id": "05936363e60f495eb883a2707f9fd9f1", "bootable": "false", "encrypted": false, "replication_status": null, "consistencygroup_id": null, "multiattach": false, "attachments": [], "os-vol-tenant-attr:tenant_id": "26b0da40e15a4c249043ef771c8df110"}}'
2026-09-07 10:32:20,682 1673304 INFO     [tempest.common.waiters] volume 362e8fcc-518a-43a6-aa5f-aa162ec2ba55 reached available after waiting for 2.682449 seconds
2026-09-07 10:32:20,799 1673304 INFO     [tempest.lib.common.rest_client] Request (VolumesActionsTest:test_force_detach_volume): 202 POST http://172.21.16.48/volume/v3/volumes/362e8fcc-518a-43a6-aa5f-aa162ec2ba55/action 0.116s
2026-09-07 10:32:20,801 1673304 DEBUG    [tempest.lib.common.rest_client] Request - Headers: {'Content-Type': 'application/json', 'Accept': 'application/json', 'X-Auth-Token': '<omitted>'}
        Body: {"os-attach": {"instance_uuid": "b8bc496e-5db8-4012-82cc-d39f07b89bbe", "mountpoint": "/dev/vdb"}}
    Response - Headers: {'date': 'Mon, 07 Sep 2026 02:32:20 GMT', 'server': 'Apache/2.4.58 (Ubuntu)', 'x-compute-request-id': 'req-a7148da1-5871-4839-8976-e8badd14a28d', 'content-length': '0', 'content-type': 'application/json', 'openstack-api-version': 'volume 3.0', 'vary': 'OpenStack-API-Version', 'x-openstack-request-id': 'req-a7148da1-5871-4839-8976-e8badd14a28d', 'connection': 'close', 'status': '202', 'content-location': 'http://172.21.16.48/volume/v3/volumes/362e8fcc-518a-43a6-aa5f-aa162ec2ba55/action'}
        Body: b''
2026-09-07 10:32:20,833 1673304 INFO     [tempest.lib.common.rest_client] Request (VolumesActionsTest:test_force_detach_volume): 200 GET http://172.21.16.48/volume/v3/volumes/362e8fcc-518a-43a6-aa5f-aa162ec2ba55 0.031s
2026-09-07 10:32:20,833 1673304 DEBUG    [tempest.lib.common.rest_client] Request - Headers: {'Content-Type': 'application/json', 'Accept': 'application/json', 'X-Auth-Token': '<omitted>'}
        Body: None
    Response - Headers: {'date': 'Mon, 07 Sep 2026 02:32:20 GMT', 'server': 'Apache/2.4.58 (Ubuntu)', 'content-type': 'application/json', 'x-compute-request-id': 'req-2fcdb584-3c37-487d-a3b8-06feebb77eb9', 'content-length': '1227', 'openstack-api-version': 'volume 3.0', 'vary': 'OpenStack-API-Version', 'x-openstack-request-id': 'req-2fcdb584-3c37-487d-a3b8-06feebb77eb9', 'connection': 'close', 'status': '200', 'content-location': 'http://172.21.16.48/volume/v3/volumes/362e8fcc-518a-43a6-aa5f-aa162ec2ba55'}
        Body: b'{"volume": {"id": "362e8fcc-518a-43a6-aa5f-aa162ec2ba55", "status": "in-use", "size": 1, "availability_zone": "nova", "created_at": "2026
    -09-07T02:32:19.000000", "updated_at": "2026-09-07T02:32:21.000000", "name": "tempest-VolumesActionsTest-Volume-141603928", "description": null, "volume_type": "__DEFAULT__", "snapshot_id": null, "source_volid": null, "metadata": {"lun_wwn": "60015eb66a909169e400110000002e9d", "readonly": "False", "attached_mode": "rw"}, "links": [{"rel": "self", "href": "http://172.21.16.48/volume/v3/volumes/362e8fcc-518a-43a6-aa5f-aa162ec2ba55"}, {"rel": "bookmark", "href": "http://172.21.16.48/volume/volumes/362e8fcc-518a-43a6-aa5f-aa162ec2ba55"}], "user_id": "05936363e60f495eb883a2707f9fd9f1", "bootable": "false", "encrypted": false, "replication_status": null, "consistencygroup_id": null, "multiattach": false, "attachments": [{"id": "362e8fcc-518a-43a6-aa5f-aa162ec2ba55", "attachment_id": "4c97cd11-83fa-49c1-b100-11b1ddb3fde3", "volume_id": "362e8fcc-518a-43a6-aa5f-aa162ec2ba55", "server_id": "b8bc496e-5db8-4012-82cc-d39f07b89bbe", "host_name": null, "device": "/dev/vdb", "attached_at": "2026-09-07T02:32:21.000000"}], "os-vol-tenant-attr:tenant_id": "26b0da40e15a4c249043ef771c8df110"}}'
2026-09-07 10:32:20,841 1673304 INFO     [tempest.common.waiters] volume 362e8fcc-518a-43a6-aa5f-aa162ec2ba55 reached in-use after waiting for 0.841376 seconds
2026-09-07 10:32:20,881 1673304 INFO     [tempest.lib.common.rest_client] Request (VolumesActionsTest:test_force_detach_volume): 200 GET http://172.21.16.48/volume/v3/volumes/362e8fcc-518a-43a6-aa5f-aa162ec2ba55 0.038s
2026-09-07 10:32:20,940 1673304 DEBUG    [tempest.lib.common.rest_client] Request - Headers: {'Content-Type': 'application/json', 'Accept': 'application/json', 'X-Auth-Token': '<omitted>'}
        Body: None
    Response - Headers: {'date': 'Mon, 07 Sep 2026 02:32:20 GMT', 'server': 'Apache/2.4.58 (Ubuntu)', 'content-type': 'application/json', 'x-compute-request-id': 'req-220bd7f0-216f-449b-a837-5e4b29500649', 'content-length': '1227', 'openstack-api-version': 'volume 3.0', 'vary': 'OpenStack-API-Version', 'x-openstack-request-id': 'req-220bd7f0-216f-449b-a837-5e4b29500649', 'connection': 'close', 'status': '200', 'content-location': 'http://172.21.16.48/volume/v3/volumes/362e8fcc-518a-43a6-aa5f-aa162ec2ba55'}
        Body: b'{"volume": {"id": "362e8fcc-518a-43a6-aa5f-aa162ec2ba55", "status": "in-use", "size": 1, "availability_zone": "nova", "created_at": "2026-09-07T02:32:19.000000", "updated_at": "2026-09-07T02:32:21.000000", "name": "tempest-VolumesActionsTest-Volume-141603928", "description": null, "volume_type": "__DEFAULT__", "snapshot_id": null, "source_volid": null, "metadata": {"lun_wwn": "60015eb66a909169e400110000002e9d", "readonly": "False", "attached_mode": "rw"}, "links": [{"rel": "self", "href": "http://172.21.16.48/volume/v3/volumes/362e8fcc-518a-43a6-aa5f-aa162ec2ba55"}, {"rel": "bookmark", "href": "http://172.21.16.48/volume/volumes/362e8fcc-518a-43a6-aa5f-aa162ec2ba55"}], "user_id": "05936363e60f495eb883a2707f9fd9f1", "bootable": "false", "encrypted": false, "replication_status": null, "consistencygroup_id": null, "multiattach": false, "attachments": [{"id": "362e8fcc-518a-43a6-aa5f-aa162ec2ba55", "attachment_id": "4c97cd11-83fa-49c1-b100-11b1ddb3fde3", "volume_id": "362e8fcc-518a-43a6-aa5f-aa162ec2ba55", "server_id": "b8bc496e-5db8-4012-82cc-d39f07b89bbe", "host_name": null, "device": "/dev/vdb", "attached_at": "2026-09-07T02:32:21.000000"}], "os-vol-tenant-attr:tenant_id": "26b0da40e15a4c249043ef771c8df110"}}'
2026-09-07 10:32:21,709 1673304 INFO     [tempest.lib.common.rest_client] Request (VolumesActionsTest:test_force_detach_volume): 202 POST http://172.21.16.48/volume/v3/volumes/362e8fcc-518a-43a6-aa5f-aa162ec2ba55/action 0.761s
2026-09-07 10:32:21,710 1673304 DEBUG    [tempest.lib.common.rest_client] Request - Headers: {'Content-Type': 'application/json', 'Accept': 'application/json', 'X-Auth-Token': '<omitted>'}
        Body: {"os-reset_status": {"status": "error"}}
    Response - Headers: {'date': 'Mon, 07 Sep 2026 02:32:20 GMT', 'server': 'Apache/2.4.58 (Ubuntu)', 'x-compute-request-id': 'req-47dfcf3c-ac31-43cc-9c37-307174e42324', 'content-length': '
    0', 'content-type': 'application/json', 'openstack-api-version': 'volume 3.0', 'vary': 'OpenStack-API-Version', 'x-openstack-request-id': 'req-47dfcf3c-ac31-43cc-9c37-307174e42324', 'connection': 'close', 'status': '202', 'content-location': 'http://172.21.16.48/volume/v3/volumes/362e8fcc-518a-43a6-aa5f-aa162ec2ba55/action'}
        Body: b''
2026-09-07 10:32:21,744 1673304 INFO     [tempest.lib.common.rest_client] Request (VolumesActionsTest:test_force_detach_volume): 200 GET http://172.21.16.48/volume/v3/volumes/362e8fcc-518a-43a6-aa5f-aa162ec2ba55 0.033s
2026-09-07 10:32:21,744 1673304 DEBUG    [tempest.lib.common.rest_client] Request - Headers: {'Content-Type': 'application/json', 'Accept': 'application/json', 'X-Auth-Token': '<omitted>'}
        Body: None
    Response - Headers: {'date': 'Mon, 07 Sep 2026 02:32:21 GMT', 'server': 'Apache/2.4.58 (Ubuntu)', 'content-type': 'application/json', 'x-compute-request-id': 'req-b4078fda-8c29-4253-b137-7d9ea6049a1c', 'content-length': '1226', 'openstack-api-version': 'volume 3.0', 'vary': 'OpenStack-API-Version', 'x-openstack-request-id': 'req-b4078fda-8c29-4253-b137-7d9ea6049a1c', 'connection': 'close', 'status': '200', 'content-location': 'http://172.21.16.48/volume/v3/volumes/362e8fcc-518a-43a6-aa5f-aa162ec2ba55'}
        Body: b'{"volume": {"id": "362e8fcc-518a-43a6-aa5f-aa162ec2ba55", "status": "error", "size": 1, "availability_zone": "nova", "created_at": "2026-09-07T02:32:19.000000", "updated_at": "2026-09-07T02:32:21.000000", "name": "tempest-VolumesActionsTest-Volume-141603928", "description": null, "volume_type": "__DEFAULT__", "snapshot_id": null, "source_volid": null, "metadata": {"lun_wwn": "60015eb66a909169e400110000002e9d", "readonly": "False", "attached_mode": "rw"}, "links": [{"rel": "self", "href": "http://172.21.16.48/volume/v3/volumes/362e8fcc-518a-43a6-aa5f-aa162ec2ba55"}, {"rel": "bookmark", "href": "http://172.21.16.48/volume/volumes/362e8fcc-518a-43a6-aa5f-aa162ec2ba55"}], "user_id": "05936363e60f495eb883a2707f9fd9f1", "bootable": "false", "encrypted": false, "replication_status": null, "consistencygroup_id": null, "multiattach": false, "attachments": [{"id": "362e8fcc-518a-43a6-aa5f-aa162ec2ba55", "attachment_id": "4c97cd11-83fa-49c1-b100-11b1ddb3fde3", "volume_id": "362e8fcc-518a-43a6-aa5f-aa162ec2ba55", "server_id": "b8bc496e-5db8-4012-82cc-d39f07b89bbe", "host_name": null, "device": "/dev/vdb", "attached_at": "2026-09-07T02:32:21.000000"}], "os-vol-tenant-attr:tenant_id": "26b0da40e15a4c249043ef771c8df110"}}'
2026-09-07 10:32:21,758 1673304 INFO     [tempest.common.waiters] volume 362e8fcc-518a-43a6-aa5f-aa162ec2ba55 reached error after waiting for 0.758066 seconds
2026-09-07 10:32:21,810 1673304 INFO     [tempest.lib.common.rest_client] Request (VolumesActionsTest:test_force_detach_volume): 500 POST http://172.21.16.48/volume/v3/volumes/362e8fcc-518a-43a6-aa5f-aa162ec2ba55/action 0.051s
2026-09-07 10:32:21,815 1673304 DEBUG    [tempest.lib.common.rest_client] Request - Headers: {'Content-Type': 'application/json', 'Accept': 'application/json', 'X-Auth-Token': '<omitted>'}
        Body: {"os-force_detach": {"connector": null, "attachment_id": "4c97cd11-83fa-49c1-b100-11b1ddb3fde3"}}
    Response - Headers: {'date': 'Mon, 07 Sep 2026 02:32:21 GMT', 'server': 'Apache/2.4.58 (Ubuntu)', 'openstack-api-version': 'volume 3.0', 'vary': 'OpenStack-API-Version', 'content-length': '97', 'content-type': 'application/json', 'x-compute-request-id': 'req-f3f4b653-5c0e-44bf-be48-089bc82738e3', 'x-openstack-request-id': 'req-f3f4b653-5c0e-44bf-be48-089bc82738e3', 'connection': 'close', 'status': '500', 'content-location': 'http://172.21.16.48/volume/v3/volumes/362e8fcc-518a-43a6-aa5f-aa162ec2ba55/action'}
        Body: b'{"computeFault": {"code": 500, "message": "Unable to terminate volume connection from backend."}}'
2026-09-07 10:32:23,122 1673304 INFO     [tempest.lib.common.rest_client] Request (VolumesActionsTest:_run_cleanups): 202 POST http://172.21.16.48/volume/v3/volumes/362e8fcc-518a-43a6-aa5f-aa162ec2ba55/action 1.305s
2026-09-07 10:32:23,123 1673304 D
    EBUG    [tempest.lib.common.rest_client] Request - Headers: {'Content-Type': 'application/json', 'Accept': 'application/json', 'X-Auth-Token': '<omitted>'}
        Body: {"os-detach": {}}
    Response - Headers: {'date': 'Mon, 07 Sep 2026 02:32:21 GMT', 'server': 'Apache/2.4.58 (Ubuntu)', 'x-compute-request-id': 'req-5527832f-8ef7-417a-af88-c9917862b4b9', 'content-length': '0', 'content-type': 'application/json', 'openstack-api-version': 'volume 3.0', 'vary': 'OpenStack-API-Version', 'x-openstack-request-id': 'req-5527832f-8ef7-417a-af88-c9917862b4b9', 'connection': 'close', 'status': '202', 'content-location': 'http://172.21.16.48/volume/v3/volumes/362e8fcc-518a-43a6-aa5f-aa162ec2ba55/action'}
        Body: b''
2026-09-07 10:32:23,148 1673304 INFO     [tempest.lib.common.rest_client] Request (VolumesActionsTest:_run_cleanups): 200 GET http://172.21.16.48/volume/v3/volumes/362e8fcc-518a-43a6-aa5f-aa162ec2ba55 0.025s
2026-09-07 10:32:23,149 1673304 DEBUG    [tempest.lib.common.rest_client] Request - Headers: {'Content-Type': 'application/json', 'Accept': 'application/json', 'X-Auth-Token': '<omitted>'}
        Body: None
    Response - Headers: {'date': 'Mon, 07 Sep 2026 02:32:23 GMT', 'server': 'Apache/2.4.58 (Ubuntu)', 'content-type': 'application/json', 'x-compute-request-id': 'req-4c8d621f-ca0c-47b8-b190-087352877a06', 'content-length': '912', 'openstack-api-version': 'volume 3.0', 'vary': 'OpenStack-API-Version', 'x-openstack-request-id': 'req-4c8d621f-ca0c-47b8-b190-087352877a06', 'connection': 'close', 'status': '200', 'content-location': 'http://172.21.16.48/volume/v3/volumes/362e8fcc-518a-43a6-aa5f-aa162ec2ba55'}
        Body: b'{"volume": {"id": "362e8fcc-518a-43a6-aa5f-aa162ec2ba55", "status": "available", "size": 1, "availability_zone": "nova", "created_at": "2026-09-07T02:32:19.000000", "updated_at": "2026-09-07T02:32:22.000000", "name": "tempest-VolumesActionsTest-Volume-141603928", "description": null, "volume_type": "__DEFAULT__", "snapshot_id": null, "source_volid": null, "metadata": {"lun_wwn": "60015eb66a909169e400110000002e9d", "readonly": "False"}, "links": [{"rel": "self", "href": "http://172.21.16.48/volume/v3/volumes/362e8fcc-518a-43a6-aa5f-aa162ec2ba55"}, {"rel": "bookmark", "href": "http://172.21.16.48/volume/volumes/362e8fcc-518a-43a6-aa5f-aa162ec2ba55"}], "user_id": "05936363e60f495eb883a2707f9fd9f1", "bootable": "false", "encrypted": false, "replication_status": null, "consistencygroup_id": null, "multiattach": false, "attachments": [], "os-vol-tenant-attr:tenant_id": "26b0da40e15a4c249043ef771c8df110"}}'
2026-09-07 10:32:23,156 1673304 INFO     [tempest.common.waiters] volume 362e8fcc-518a-43a6-aa5f-aa162ec2ba55 reached available after waiting for 0.156437 seconds
2026-09-07 10:32:23,180 1673304 INFO     [tempest.lib.common.rest_client] Request (VolumesActionsTest:_run_cleanups): 200 GET http://172.21.16.48/volume/v3/volumes/362e8fcc-518a-43a6-aa5f-aa162ec2ba55 0.023s
2026-09-07 10:32:23,214 1673304 DEBUG    [tempest.lib.common.rest_client] Request - Headers: {'Content-Type': 'application/json', 'Accept': 'application/json', 'X-Auth-Token': '<omitted>'}
        Body: None
    Response - Headers: {'date': 'Mon, 07 Sep 2026 02:32:23 GMT', 'server': 'Apache/2.4.58 (Ubuntu)', 'content-type': 'application/json', 'x-compute-request-id': 'req-c03cc5ed-bb3f-47e0-82b2-ac746ba00545', 'content-length': '912', 'openstack-api-version': 'volume 3.0', 'vary': 'OpenStack-API-Version', 'x-openstack-request-id': 'req-c03cc5ed-bb3f-47e0-82b2-ac746ba00545', 'connection': 'close', 'status': '200', 'content-location': 'http://172.21.16.48/volume/v3/volumes/362e8fcc-518a-43a6-aa5f-aa162ec2ba55'}
        Body: b'{"volume": {"id": "362e8fcc-518a-43a6-aa5f-aa162ec2ba55", "status": "available", "size": 1, "availability_zone": "nova", "created_at": "2026-09-07T02:32:19.000000", "updated_at": "2026-09-07T02:32:22.000000", "name": "tempest-VolumesActionsTest-Volume-141603928", "description": null, "volume_type": "__DEFAULT__", "snapshot_id": null, "source_volid": null, "metadata": {"lun_wwn": "60015eb66a909169e40011000000
    2e9d", "readonly": "False"}, "links": [{"rel": "self", "href": "http://172.21.16.48/volume/v3/volumes/362e8fcc-518a-43a6-aa5f-aa162ec2ba55"}, {"rel": "bookmark", "href": "http://172.21.16.48/volume/volumes/362e8fcc-518a-43a6-aa5f-aa162ec2ba55"}], "user_id": "05936363e60f495eb883a2707f9fd9f1", "bootable": "false", "encrypted": false, "replication_status": null, "consistencygroup_id": null, "multiattach": false, "attachments": [], "os-vol-tenant-attr:tenant_id": "26b0da40e15a4c249043ef771c8df110"}}'
2026-09-07 10:32:24,435 1673304 INFO     [tempest.lib.common.rest_client] Request (VolumesActionsTest:_run_cleanups): 202 DELETE http://172.21.16.48/volume/v3/volumes/362e8fcc-518a-43a6-aa5f-aa162ec2ba55 1.213s
2026-09-07 10:32:24,522 1673304 DEBUG    [tempest.lib.common.rest_client] Request - Headers: {'Content-Type': 'application/json', 'Accept': 'application/json', 'X-Auth-Token': '<omitted>'}
        Body: None
    Response - Headers: {'date': 'Mon, 07 Sep 2026 02:32:23 GMT', 'server': 'Apache/2.4.58 (Ubuntu)', 'content-length': '0', 'content-type': 'text/html; charset=UTF-8', 'openstack-api-version': 'volume 3.0', 'vary': 'OpenStack-API-Version', 'x-openstack-request-id': 'req-6ba9efa9-4923-4cbb-95ca-d83a479eb3c7', 'connection': 'close', 'status': '202', 'content-location': 'http://172.21.16.48/volume/v3/volumes/362e8fcc-518a-43a6-aa5f-aa162ec2ba55'}
        Body: b''
2026-09-07 10:32:24,614 1673304 INFO     [tempest.lib.common.rest_client] Request (VolumesActionsTest:_run_cleanups): 200 GET http://172.21.16.48/volume/v3/volumes/362e8fcc-518a-43a6-aa5f-aa162ec2ba55 0.090s
2026-09-07 10:32:24,621 1673304 DEBUG    [tempest.lib.common.rest_client] Request - Headers: {'Content-Type': 'application/json', 'Accept': 'application/json', 'X-Auth-Token': '<omitted>'}
        Body: None
    Response - Headers: {'date': 'Mon, 07 Sep 2026 02:32:24 GMT', 'server': 'Apache/2.4.58 (Ubuntu)', 'content-type': 'application/json', 'x-compute-request-id': 'req-a9a074e1-d565-48e6-8ae7-bf3f1d287e1c', 'content-length': '911', 'openstack-api-version': 'volume 3.0', 'vary': 'OpenStack-API-Version', 'x-openstack-request-id': 'req-a9a074e1-d565-48e6-8ae7-bf3f1d287e1c', 'connection': 'close', 'status': '200', 'content-location': 'http://172.21.16.48/volume/v3/volumes/362e8fcc-518a-43a6-aa5f-aa162ec2ba55'}
        Body: b'{"volume": {"id": "362e8fcc-518a-43a6-aa5f-aa162ec2ba55", "status": "deleting", "size": 1, "availability_zone": "nova", "created_at": "2026-09-07T02:32:19.000000", "updated_at": "2026-09-07T02:32:23.000000", "name": "tempest-VolumesActionsTest-Volume-141603928", "description": null, "volume_type": "__DEFAULT__", "snapshot_id": null, "source_volid": null, "metadata": {"lun_wwn": "60015eb66a909169e400110000002e9d", "readonly": "False"}, "links": [{"rel": "self", "href": "http://172.21.16.48/volume/v3/volumes/362e8fcc-518a-43a6-aa5f-aa162ec2ba55"}, {"rel": "bookmark", "href": "http://172.21.16.48/volume/volumes/362e8fcc-518a-43a6-aa5f-aa162ec2ba55"}], "user_id": "05936363e60f495eb883a2707f9fd9f1", "bootable": "false", "encrypted": false, "replication_status": null, "consistencygroup_id": null, "multiattach": false, "attachments": [], "os-vol-tenant-attr:tenant_id": "26b0da40e15a4c249043ef771c8df110"}}'
2026-09-07 10:32:25,667 1673304 INFO     [tempest.lib.common.rest_client] Request (VolumesActionsTest:_run_cleanups): 200 GET http://172.21.16.48/volume/v3/volumes/362e8fcc-518a-43a6-aa5f-aa162ec2ba55 0.038s
2026-09-07 10:32:25,667 1673304 DEBUG    [tempest.lib.common.rest_client] Request - Headers: {'Content-Type': 'application/json', 'Accept': 'application/json', 'X-Auth-Token': '<omitted>'}
        Body: None
    Response - Headers: {'date': 'Mon, 07 Sep 2026 02:32:25 GMT', 'server': 'Apache/2.4.58 (Ubuntu)', 'content-type': 'application/json', 'x-compute-request-id': 'req-8ee8a7dd-efab-416f-a003-273a06a66a7f', 'content-length': '911', 'openstack-api-version': 'volume 3.0', 'vary': 'OpenStack-API-Version', 'x-openstack-request-id': 'req-8ee8a7dd-efab-416f-a003-273a06a66a7f', 'connection': 'close', 'status': '200', 'content-location': 'h
    ttp://172.21.16.48/volume/v3/volumes/362e8fcc-518a-43a6-aa5f-aa162ec2ba55'}
        Body: b'{"volume": {"id": "362e8fcc-518a-43a6-aa5f-aa162ec2ba55", "status": "deleting", "size": 1, "availability_zone": "nova", "created_at": "2026-09-07T02:32:19.000000", "updated_at": "2026-09-07T02:32:23.000000", "name": "tempest-VolumesActionsTest-Volume-141603928", "description": null, "volume_type": "__DEFAULT__", "snapshot_id": null, "source_volid": null, "metadata": {"lun_wwn": "60015eb66a909169e400110000002e9d", "readonly": "False"}, "links": [{"rel": "self", "href": "http://172.21.16.48/volume/v3/volumes/362e8fcc-518a-43a6-aa5f-aa162ec2ba55"}, {"rel": "bookmark", "href": "http://172.21.16.48/volume/volumes/362e8fcc-518a-43a6-aa5f-aa162ec2ba55"}], "user_id": "05936363e60f495eb883a2707f9fd9f1", "bootable": "false", "encrypted": false, "replication_status": null, "consistencygroup_id": null, "multiattach": false, "attachments": [], "os-vol-tenant-attr:tenant_id": "26b0da40e15a4c249043ef771c8df110"}}'
2026-09-07 10:32:26,703 1673304 INFO     [tempest.lib.common.rest_client] Request (VolumesActionsTest:_run_cleanups): 200 GET http://172.21.16.48/volume/v3/volumes/362e8fcc-518a-43a6-aa5f-aa162ec2ba55 0.027s
2026-09-07 10:32:26,703 1673304 DEBUG    [tempest.lib.common.rest_client] Request - Headers: {'Content-Type': 'application/json', 'Accept': 'application/json', 'X-Auth-Token': '<omitted>'}
        Body: None
    Response - Headers: {'date': 'Mon, 07 Sep 2026 02:32:26 GMT', 'server': 'Apache/2.4.58 (Ubuntu)', 'content-type': 'application/json', 'x-compute-request-id': 'req-0c66723c-60eb-4b4e-91f0-e80320202f36', 'content-length': '911', 'openstack-api-version': 'volume 3.0', 'vary': 'OpenStack-API-Version', 'x-openstack-request-id': 'req-0c66723c-60eb-4b4e-91f0-e80320202f36', 'connection': 'close', 'status': '200', 'content-location': 'http://172.21.16.48/volume/v3/volumes/362e8fcc-518a-43a6-aa5f-aa162ec2ba55'}
        Body: b'{"volume": {"id": "362e8fcc-518a-43a6-aa5f-aa162ec2ba55", "status": "deleting", "size": 1, "availability_zone": "nova", "created_at": "2026-09-07T02:32:19.000000", "updated_at": "2026-09-07T02:32:23.000000", "name": "tempest-VolumesActionsTest-Volume-141603928", "description": null, "volume_type": "__DEFAULT__", "snapshot_id": null, "source_volid": null, "metadata": {"lun_wwn": "60015eb66a909169e400110000002e9d", "readonly": "False"}, "links": [{"rel": "self", "href": "http://172.21.16.48/volume/v3/volumes/362e8fcc-518a-43a6-aa5f-aa162ec2ba55"}, {"rel": "bookmark", "href": "http://172.21.16.48/volume/volumes/362e8fcc-518a-43a6-aa5f-aa162ec2ba55"}], "user_id": "05936363e60f495eb883a2707f9fd9f1", "bootable": "false", "encrypted": false, "replication_status": null, "consistencygroup_id": null, "multiattach": false, "attachments": [], "os-vol-tenant-attr:tenant_id": "26b0da40e15a4c249043ef771c8df110"}}'
2026-09-07 10:32:27,729 1673304 INFO     [tempest.lib.common.rest_client] Request (VolumesActionsTest:_run_cleanups): 404 GET http://172.21.16.48/volume/v3/volumes/362e8fcc-518a-43a6-aa5f-aa162ec2ba55 0.017s
2026-09-07 10:32:27,729 1673304 DEBUG    [tempest.lib.common.rest_client] Request - Headers: {'Content-Type': 'application/json', 'Accept': 'application/json', 'X-Auth-Token': '<omitted>'}
        Body: None
    Response - Headers: {'date': 'Mon, 07 Sep 2026 02:32:27 GMT', 'server': 'Apache/2.4.58 (Ubuntu)', 'openstack-api-version': 'volume 3.0', 'vary': 'OpenStack-API-Version', 'content-length': '109', 'content-type': 'application/json', 'x-compute-request-id': 'req-63539087-e414-462c-9290-9a125ad252e6', 'x-openstack-request-id': 'req-63539087-e414-462c-9290-9a125ad252e6', 'connection': 'close', 'status': '404', 'content-location': 'http://172.21.16.48/volume/v3/volumes/362e8fcc-518a-43a6-aa5f-aa162ec2ba55'}
        Body: b'{"itemNotFound": {"code": 404, "message": "Volume 362e8fcc-518a-43a6-aa5f-aa162ec2ba55 could not be found."}}'
2026-09-07 10:32:27,836 1673304 INFO     [tempest.lib.common.rest_client] Request (VolumesActionsTest:_run_cleanups): 204 DELETE http://172.21.16.48/compute/v2.1/servers/b8bc496e-5d
    b8-4012-82cc-d39f07b89bbe 0.107s
2026-09-07 10:32:27,836 1673304 DEBUG    [tempest.lib.common.rest_client] Request - Headers: {'Content-Type': 'application/json', 'Accept': 'application/json', 'X-Auth-Token': '<omitted>'}
        Body: None
    Response - Headers: {'date': 'Mon, 07 Sep 2026 02:32:27 GMT', 'server': 'Apache/2.4.58 (Ubuntu)', 'content-type': 'application/json', 'openstack-api-version': 'compute 2.1', 'x-openstack-nova-api-version': '2.1', 'vary': 'OpenStack-API-Version,X-OpenStack-Nova-API-Version', 'x-openstack-request-id': 'req-c61f94e8-0674-4bb1-881e-d9e76d20dc9d', 'x-compute-request-id': 'req-c61f94e8-0674-4bb1-881e-d9e76d20dc9d', 'connection': 'close', 'status': '204', 'content-location': 'http://172.21.16.48/compute/v2.1/servers/b8bc496e-5db8-4012-82cc-d39f07b89bbe'}
        Body: b''
2026-09-07 10:32:28,007 1673304 INFO     [tempest.lib.common.rest_client] Request (VolumesActionsTest:_run_cleanups): 200 GET http://172.21.16.48/compute/v2.1/servers/b8bc496e-5db8-4012-82cc-d39f07b89bbe 0.170s
2026-09-07 10:32:28,007 1673304 DEBUG    [tempest.lib.common.rest_client] Request - Headers: {'Content-Type': 'application/json', 'Accept': 'application/json', 'X-Auth-Token': '<omitted>'}
        Body: None
    Response - Headers: {'date': 'Mon, 07 Sep 2026 02:32:27 GMT', 'server': 'Apache/2.4.58 (Ubuntu)', 'content-length': '1499', 'content-type': 'application/json', 'openstack-api-version': 'compute 2.1', 'x-openstack-nova-api-version': '2.1', 'vary': 'OpenStack-API-Version,X-OpenStack-Nova-API-Version', 'x-openstack-request-id': 'req-49a1777d-6109-4c76-9fe8-3dfd9f285451', 'x-compute-request-id': 'req-49a1777d-6109-4c76-9fe8-3dfd9f285451', 'connection': 'close', 'status': '200', 'content-location': 'http://172.21.16.48/compute/v2.1/servers/b8bc496e-5db8-4012-82cc-d39f07b89bbe'}
        Body: b'{"server": {"accessIPv4": "", "accessIPv6": "", "addresses": {"tempest-VolumesActionsTest-421035087-network": [{"version": 4, "addr": "10.0.0.3", "OS-EXT-IPS:type": "fixed", "OS-EXT-IPS-MAC:mac_addr": "fa:16:3e:52:76:69"}]}, "created": "2026-09-07T02:32:08Z", "flavor": {"id": "42", "links": [{"rel": "bookmark", "href": "http://172.21.16.48/compute/flavors/42"}]}, "hostId": "0aa2c7a5d4e268423c0ff0f777015f1666874ae0e7f495ee03f8d73e", "id": "b8bc496e-5db8-4012-82cc-d39f07b89bbe", "image": {"id": "c40e0f49-dfcb-4f0c-85f6-961051435368", "links": [{"rel": "bookmark", "href": "http://172.21.16.48/compute/images/c40e0f49-dfcb-4f0c-85f6-961051435368"}]}, "links": [{"rel": "self", "href": "http://172.21.16.48/compute/v2.1/servers/b8bc496e-5db8-4012-82cc-d39f07b89bbe"}, {"rel": "bookmark", "href": "http://172.21.16.48/compute/servers/b8bc496e-5db8-4012-82cc-d39f07b89bbe"}], "metadata": {}, "name": "tempest-VolumesActionsTest-instance-1101429772", "status": "ACTIVE", "tenant_id": "26b0da40e15a4c249043ef771c8df110", "user_id": "05936363e60f495eb883a2707f9fd9f1", "updated": "2026-09-07T02:32:28Z", "OS-DCF:diskConfig": "MANUAL", "progress": 0, "OS-EXT-AZ:availability_zone": "nova", "config_drive": "", "key_name": null, "OS-SRV-USG:launched_at": "2026-09-07T02:32:17.000000", "OS-SRV-USG:terminated_at": null, "security_groups": [{"name": "default"}], "OS-EXT-STS:task_state": "deleting", "OS-EXT-STS:vm_state": "active", "OS-EXT-STS:power_state": 1, "os-extended-volumes:volumes_attached": []}}'
2026-09-07 10:32:29,160 1673304 INFO     [tempest.lib.common.rest_client] Request (VolumesActionsTest:_run_cleanups): 200 GET http://172.21.16.48/compute/v2.1/servers/b8bc496e-5db8-4012-82cc-d39f07b89bbe 0.145s
2026-09-07 10:32:29,161 1673304 DEBUG    [tempest.lib.common.rest_client] Request - Headers: {'Content-Type': 'application/json', 'Accept': 'application/json', 'X-Auth-Token': '<omitted>'}
        Body: None
    Response - Headers: {'date': 'Mon, 07 Sep 2026 02:32:29 GMT', 'server': 'Apache/2.4.58 (Ubuntu)', 'content-length': '1499', 'content-type': 'application/json', 'openstack-api-version': 'compute 2.1', 'x-openstack-nova-api-version': '2.1', 'vary': 'OpenStack-API-Version,X-OpenStack-Nova-API-Version', 'x-openstack-request-id': 'req-2078
    d754-eddd-4430-b6e7-59ca8b96293b', 'x-compute-request-id': 'req-2078d754-eddd-4430-b6e7-59ca8b96293b', 'connection': 'close', 'status': '200', 'content-location': 'http://172.21.16.48/compute/v2.1/servers/b8bc496e-5db8-4012-82cc-d39f07b89bbe'}
        Body: b'{"server": {"accessIPv4": "", "accessIPv6": "", "addresses": {"tempest-VolumesActionsTest-421035087-network": [{"version": 4, "addr": "10.0.0.3", "OS-EXT-IPS:type": "fixed", "OS-EXT-IPS-MAC:mac_addr": "fa:16:3e:52:76:69"}]}, "created": "2026-09-07T02:32:08Z", "flavor": {"id": "42", "links": [{"rel": "bookmark", "href": "http://172.21.16.48/compute/flavors/42"}]}, "hostId": "0aa2c7a5d4e268423c0ff0f777015f1666874ae0e7f495ee03f8d73e", "id": "b8bc496e-5db8-4012-82cc-d39f07b89bbe", "image": {"id": "c40e0f49-dfcb-4f0c-85f6-961051435368", "links": [{"rel": "bookmark", "href": "http://172.21.16.48/compute/images/c40e0f49-dfcb-4f0c-85f6-961051435368"}]}, "links": [{"rel": "self", "href": "http://172.21.16.48/compute/v2.1/servers/b8bc496e-5db8-4012-82cc-d39f07b89bbe"}, {"rel": "bookmark", "href": "http://172.21.16.48/compute/servers/b8bc496e-5db8-4012-82cc-d39f07b89bbe"}], "metadata": {}, "name": "tempest-VolumesActionsTest-instance-1101429772", "status": "ACTIVE", "tenant_id": "26b0da40e15a4c249043ef771c8df110", "user_id": "05936363e60f495eb883a2707f9fd9f1", "updated": "2026-09-07T02:32:28Z", "OS-DCF:diskConfig": "MANUAL", "progress": 0, "OS-EXT-AZ:availability_zone": "nova", "config_drive": "", "key_name": null, "OS-SRV-USG:launched_at": "2026-09-07T02:32:17.000000", "OS-SRV-USG:terminated_at": null, "security_groups": [{"name": "default"}], "OS-EXT-STS:task_state": "deleting", "OS-EXT-STS:vm_state": "active", "OS-EXT-STS:power_state": 1, "os-extended-volumes:volumes_attached": []}}'
2026-09-07 10:32:30,301 1673304 INFO     [tempest.lib.common.rest_client] Request (VolumesActionsTest:_run_cleanups): 200 GET http://172.21.16.48/compute/v2.1/servers/b8bc496e-5db8-4012-82cc-d39f07b89bbe 0.132s
2026-09-07 10:32:30,301 1673304 DEBUG    [tempest.lib.common.rest_client] Request - Headers: {'Content-Type': 'application/json', 'Accept': 'application/json', 'X-Auth-Token': '<omitted>'}
        Body: None
    Response - Headers: {'date': 'Mon, 07 Sep 2026 02:32:30 GMT', 'server': 'Apache/2.4.58 (Ubuntu)', 'content-length': '1499', 'content-type': 'application/json', 'openstack-api-version': 'compute 2.1', 'x-openstack-nova-api-version': '2.1', 'vary': 'OpenStack-API-Version,X-OpenStack-Nova-API-Version', 'x-openstack-request-id': 'req-34203255-6f57-49e4-a7da-814863db4ee8', 'x-compute-request-id': 'req-34203255-6f57-49e4-a7da-814863db4ee8', 'connection': 'close', 'status': '200', 'content-location': 'http://172.21.16.48/compute/v2.1/servers/b8bc496e-5db8-4012-82cc-d39f07b89bbe'}
        Body: b'{"server": {"accessIPv4": "", "accessIPv6": "", "addresses": {"tempest-VolumesActionsTest-421035087-network": [{"version": 4, "addr": "10.0.0.3", "OS-EXT-IPS:type": "fixed", "OS-EXT-IPS-MAC:mac_addr": "fa:16:3e:52:76:69"}]}, "created": "2026-09-07T02:32:08Z", "flavor": {"id": "42", "links": [{"rel": "bookmark", "href": "http://172.21.16.48/compute/flavors/42"}]}, "hostId": "0aa2c7a5d4e268423c0ff0f777015f1666874ae0e7f495ee03f8d73e", "id": "b8bc496e-5db8-4012-82cc-d39f07b89bbe", "image": {"id": "c40e0f49-dfcb-4f0c-85f6-961051435368", "links": [{"rel": "bookmark", "href": "http://172.21.16.48/compute/images/c40e0f49-dfcb-4f0c-85f6-961051435368"}]}, "links": [{"rel": "self", "href": "http://172.21.16.48/compute/v2.1/servers/b8bc496e-5db8-4012-82cc-d39f07b89bbe"}, {"rel": "bookmark", "href": "http://172.21.16.48/compute/servers/b8bc496e-5db8-4012-82cc-d39f07b89bbe"}], "metadata": {}, "name": "tempest-VolumesActionsTest-instance-1101429772", "status": "ACTIVE", "tenant_id": "26b0da40e15a4c249043ef771c8df110", "user_id": "05936363e60f495eb883a2707f9fd9f1", "updated": "2026-09-07T02:32:30Z", "OS-DCF:diskConfig": "MANUAL", "progress": 0, "OS-EXT-AZ:availability_zone": "nova", "config_drive": "", "key_name": null, "OS-SRV-USG:launched_at": "2026-09-07T02:32:17.000000", "OS-SRV-USG:terminated_at": null, "s
    ecurity_groups": [{"name": "default"}], "OS-EXT-STS:task_state": "deleting", "OS-EXT-STS:vm_state": "active", "OS-EXT-STS:power_state": 1, "os-extended-volumes:volumes_attached": []}}'
2026-09-07 10:32:31,386 1673304 INFO     [tempest.lib.common.rest_client] Request (VolumesActionsTest:_run_cleanups): 200 GET http://172.21.16.48/compute/v2.1/servers/b8bc496e-5db8-4012-82cc-d39f07b89bbe 0.076s
2026-09-07 10:32:31,386 1673304 DEBUG    [tempest.lib.common.rest_client] Request - Headers: {'Content-Type': 'application/json', 'Accept': 'application/json', 'X-Auth-Token': '<omitted>'}
        Body: None
    Response - Headers: {'date': 'Mon, 07 Sep 2026 02:32:31 GMT', 'server': 'Apache/2.4.58 (Ubuntu)', 'content-length': '1302', 'content-type': 'application/json', 'openstack-api-version': 'compute 2.1', 'x-openstack-nova-api-version': '2.1', 'vary': 'OpenStack-API-Version,X-OpenStack-Nova-API-Version', 'x-openstack-request-id': 'req-d8459b17-8a41-4b83-bb17-ce88c00ca4b5', 'x-compute-request-id': 'req-d8459b17-8a41-4b83-bb17-ce88c00ca4b5', 'connection': 'close', 'status': '200', 'content-location': 'http://172.21.16.48/compute/v2.1/servers/b8bc496e-5db8-4012-82cc-d39f07b89bbe'}
        Body: b'{"server": {"accessIPv4": "", "accessIPv6": "", "addresses": {}, "created": "2026-09-07T02:32:08Z", "flavor": {"id": "42", "links": [{"rel": "bookmark", "href": "http://172.21.16.48/compute/flavors/42"}]}, "hostId": "0aa2c7a5d4e268423c0ff0f777015f1666874ae0e7f495ee03f8d73e", "id": "b8bc496e-5db8-4012-82cc-d39f07b89bbe", "image": {"id": "c40e0f49-dfcb-4f0c-85f6-961051435368", "links": [{"rel": "bookmark", "href": "http://172.21.16.48/compute/images/c40e0f49-dfcb-4f0c-85f6-961051435368"}]}, "links": [{"rel": "self", "href": "http://172.21.16.48/compute/v2.1/servers/b8bc496e-5db8-4012-82cc-d39f07b89bbe"}, {"rel": "bookmark", "href": "http://172.21.16.48/compute/servers/b8bc496e-5db8-4012-82cc-d39f07b89bbe"}], "metadata": {}, "name": "tempest-VolumesActionsTest-instance-1101429772", "status": "DELETED", "tenant_id": "26b0da40e15a4c249043ef771c8df110", "user_id": "05936363e60f495eb883a2707f9fd9f1", "updated": "2026-09-07T02:32:30Z", "OS-DCF:diskConfig": "MANUAL", "OS-EXT-AZ:availability_zone": "nova", "config_drive": "", "key_name": null, "OS-SRV-USG:launched_at": "2026-09-07T02:32:17.000000", "OS-SRV-USG:terminated_at": "2026-09-07T02:32:30.000000", "OS-EXT-STS:task_state": null, "OS-EXT-STS:vm_state": "deleted", "OS-EXT-STS:power_state": 0, "os-extended-volumes:volumes_attached": []}}'
2026-09-07 10:32:31,394 1673304 INFO     [tempest.common.waiters] State transition "ACTIVE/deleting" ==> "DELETED/None" after 3 second wait
2026-09-07 10:32:32,464 1673304 INFO     [tempest.lib.common.rest_client] Request (VolumesActionsTest:_run_cleanups): 200 GET http://172.21.16.48/compute/v2.1/servers/b8bc496e-5db8-4012-82cc-d39f07b89bbe 0.070s
2026-09-07 10:32:32,464 1673304 DEBUG    [tempest.lib.common.rest_client] Request - Headers: {'Content-Type': 'application/json', 'Accept': 'application/json', 'X-Auth-Token': '<omitted>'}
        Body: None
    Response - Headers: {'date': 'Mon, 07 Sep 2026 02:32:32 GMT', 'server': 'Apache/2.4.58 (Ubuntu)', 'content-length': '1302', 'content-type': 'application/json', 'openstack-api-version': 'compute 2.1', 'x-openstack-nova-api-version': '2.1', 'vary': 'OpenStack-API-Version,X-OpenStack-Nova-API-Version', 'x-openstack-request-id': 'req-14c01a5b-5a3c-4dd9-b196-b9731b71aa44', 'x-compute-request-id': 'req-14c01a5b-5a3c-4dd9-b196-b9731b71aa44', 'connection': 'close', 'status': '200', 'content-location': 'http://172.21.16.48/compute/v2.1/servers/b8bc496e-5db8-4012-82cc-d39f07b89bbe'}
        Body: b'{"server": {"accessIPv4": "", "accessIPv6": "", "addresses": {}, "created": "2026-09-07T02:32:08Z", "flavor": {"id": "42", "links": [{"rel": "bookmark", "href": "http://172.21.16.48/compute/flavors/42"}]}, "hostId": "0aa2c7a5d4e268423c0ff0f777015f1666874ae0e7f495ee03f8d73e", "id": "b8bc496e-5db8-4012-82cc-d39f07b89bbe", "image": {"id": "c40e0f49-dfcb-4f0c-85f6-961051435368", "links": [{"rel": "bookmark", "href": "http://172.2
    1.16.48/compute/images/c40e0f49-dfcb-4f0c-85f6-961051435368"}]}, "links": [{"rel": "self", "href": "http://172.21.16.48/compute/v2.1/servers/b8bc496e-5db8-4012-82cc-d39f07b89bbe"}, {"rel": "bookmark", "href": "http://172.21.16.48/compute/servers/b8bc496e-5db8-4012-82cc-d39f07b89bbe"}], "metadata": {}, "name": "tempest-VolumesActionsTest-instance-1101429772", "status": "DELETED", "tenant_id": "26b0da40e15a4c249043ef771c8df110", "user_id": "05936363e60f495eb883a2707f9fd9f1", "updated": "2026-09-07T02:32:30Z", "OS-DCF:diskConfig": "MANUAL", "OS-EXT-AZ:availability_zone": "nova", "config_drive": "", "key_name": null, "OS-SRV-USG:launched_at": "2026-09-07T02:32:17.000000", "OS-SRV-USG:terminated_at": "2026-09-07T02:32:30.000000", "OS-EXT-STS:task_state": null, "OS-EXT-STS:vm_state": "deleted", "OS-EXT-STS:power_state": 0, "os-extended-volumes:volumes_attached": []}}'
2026-09-07 10:32:33,500 1673304 INFO     [tempest.lib.common.rest_client] Request (VolumesActionsTest:_run_cleanups): 404 GET http://172.21.16.48/compute/v2.1/servers/b8bc496e-5db8-4012-82cc-d39f07b89bbe 0.027s
2026-09-07 10:32:33,500 1673304 DEBUG    [tempest.lib.common.rest_client] Request - Headers: {'Content-Type': 'application/json', 'Accept': 'application/json', 'X-Auth-Token': '<omitted>'}
        Body: None
    Response - Headers: {'date': 'Mon, 07 Sep 2026 02:32:33 GMT', 'server': 'Apache/2.4.58 (Ubuntu)', 'openstack-api-version': 'compute 2.1', 'x-openstack-nova-api-version': '2.1', 'vary': 'OpenStack-API-Version,X-OpenStack-Nova-API-Version', 'content-type': 'application/json; charset=UTF-8', 'content-length': '111', 'x-openstack-request-id': 'req-bfb68acc-71a0-42fb-a635-47ab3ef34cbe', 'x-compute-request-id': 'req-bfb68acc-71a0-42fb-a635-47ab3ef34cbe', 'connection': 'close', 'status': '404', 'content-location': 'http://172.21.16.48/compute/v2.1/servers/b8bc496e-5db8-4012-82cc-d39f07b89bbe'}
        Body: b'{"itemNotFound": {"code": 404, "message": "Instance b8bc496e-5db8-4012-82cc-d39f07b89bbe could not be found."}}'

{21} tempest.api.compute.servers.test_servers.ServerShowV247Test.test_update_rebuild_list_server [18.716377s] ... ok
{7} tempest.api.compute.servers.test_servers_negative.ServersNegativeTestJSON.test_shelve_shelved_server [23.635183s] ... ok
{7} tempest.api.compute.servers.test_servers_negative.ServersNegativeTestJSON.test_stop_non_existent_server [0.297403s] ... ok
{7} tempest.api.compute.servers.test_servers_negative.ServersNegativeTestJSON.test_suspend_non_existent_server [0.348049s] ... ok
{15} tempest.api.volume.admin.test_group_snapshots.GroupSnapshotsV319Test.test_reset_group_snapshot_status [9.386171s] ... ok
{27} tempest.api.volume.admin.test_group_type_specs.GroupTypeSpecsTest.test_group_type_specs_create_show_update_list_delete [0.436343s] ... ok
{22} tempest.api.volume.test_volumes_clone.VolumesCloneTest.test_create_from_bootable_volume [18.044984s] ... ok
{15} tempest.api.volume.test_versions.VersionsTest.test_list_versions [0.009873s] ... ok
{15} tempest.api.volume.test_versions.VersionsTest.test_show_version [0.141049s] ... ok
{27} tempest.api.volume.admin.test_volume_pools.VolumePoolsAdminTestsJSON.test_get_pools_with_details [0.151618s] ... FAILED

Captured traceback:
~~~~~~~~~~~~~~~~~~~
    Traceback (most recent call last):

      File "/opt/stack/tempest/tempest/api/volume/admin/test_volume_pools.py", line 44, in test_get_pools_with_details
    self._assert_pools(with_detail=True)

      File "/opt/stack/tempest/tempest/api/volume/admin/test_volume_pools.py", line 32, in _assert_pools
    self.assertIn(CONF.volume.vendor_name,

      File "/opt/stack/tempest/.tox/tempest/lib/python3.12/site-packages/testtools/testcase.py", line 522, in assertIn
    self.assertThat(haystack, Contains(needle), message)

      File "/opt/stack/tempest/.tox/tempest/lib/python3.12/site-packages/testtools/testcase.py", line 704, in assertThat
    raise mismatch_error

    testtools.matchers._impl.MismatchError: 'Open Source' not in ['ZTE-VSTORAGE']


Captured pythonlogging:
~~~~~~~~~~~~~~~~~~~~~~~
    2026-09-07 10:32:37,911 1673282 INFO     [tempest.lib.common.rest_client] Request (VolumePoolsAdminTestsJSON:test_get_pools_with_details): 200 GET http://172.21.16.48/volume/v3/scheduler-stats/get_pools?detail=True 0.146s
2026-09-07 10:32:37,912 1673282 DEBUG    [tempest.lib.common.rest_client] Request - Headers: {'Content-Type': 'application/json', 'Accept': 'application/json', 'X-Auth-Token': '<omitted>'}
        Body: None
    Response - Headers: {'date': 'Mon, 07 Sep 2026 02:32:37 GMT', 'server': 'Apache/2.4.58 (Ubuntu)', 'content-type': 'application/json', 'x-compute-request-id': 'req-94edf60a-0c7f-4ff5-aeb4-cb1e1c15d290', 'content-length': '703', 'openstack-api-version': 'volume 3.0', 'vary': 'OpenStack-API-Version', 'x-openstack-request-id': 'req-94edf60a-0c7f-4ff5-aeb4-cb1e1c15d290', 'connection': 'close', 'status': '200', 'content-location': 'http://172.21.16.48/volume/v3/scheduler-stats/get_pools?detail=True'}
        Body: b'{"pools": [{"name": "zteusr@ZTE_VSTORAGE_ISCSI-1#pool1", "capabilities": {"pool_name": "pool1", "total_capacity_gb": 4017.6, "free_capacity_gb": 4017.6, "provisioned_capacity_gb": 194.0, "QoS_support": true, "multiattach": true, "storage_usage_alarm_threshold": null, "thin_provisioning_support": true, "thick_provisioning_support": false, "reserved_percentage": 5, "max_over_subscription_ratio": "20.0", "backend_state": "up", "allocated_capacity_gb": 20, "cacheable": true, "volume_backend_name": "vstorage_migrate", "storage_protocol": "iSCSI", "vendor_name": "ZTE-VSTORAGE", "driver_version": "1.3.3", "timestamp": "2026-09-07T02:32:37.834400", "filter_function": null, "goodness_function": null}}]}'

{27} tempest.api.volume.admin.test_volume_pools.VolumePoolsAdminTestsJSON.test_get_pools_without_details [0.018084s] ... ok
{38} tempest.api.volume.admin.test_volumes_actions.VolumesActionsTest.test_volume_force_delete_when_volume_is_attaching [4.542385s] ... ok
{23} tempest.api.compute.servers.test_servers.ServersTestJSON.test_create_specify_keypair [19.403578s] ... ok
{5} tempest.api.volume.test_volumes_actions.VolumesActionsTest.test_volume_upload [37.192308s] ... ok
{38} tempest.api.volume.admin.test_volumes_actions.VolumesActionsTest.test_volume_force_delete_when_volume_is_creating [4.520593s] ... ok
{7} tempest.api.compute.servers.test_servers_negative.ServersNegativeTestJSON.test_suspend_server_invalid_state [7.643531s] ... ok
{7} tempest.api.compute.servers.test_servers_negative.ServersNegativeTestJSON.test_unpause_non_existent_server [0.277453s] ... ok
{7} tempest.api.compute.servers.test_servers_negative.ServersNegativeTestJSON.test_unpause_server_invalid_state [0.292983s] ... ok
{7} tempest.api.compute.servers.test_servers_negative.ServersNegativeTestJSON.test_unshelve_non_existent_server [0.315389s] ... ok
{7} tempest.api.compute.servers.test_servers_negative.ServersNegativeTestJSON.test_unshelve_server_invalid_state [0.301235s] ... ok
{7} tempest.api.compute.servers.test_servers_negative.ServersNegativeTestJSON.test_update_name_of_non_existent_server [0.290500s] ... ok
{7} tempest.api.compute.servers.test_servers_negative.ServersNegativeTestJSON.test_update_server_name_length_exceeds_256 [0.264573s] ... ok
{22} tempest.api.volume.test_volumes_clone.VolumesCloneTest.test_create_from_volume [7.911561s] ... ok
{7} tempest.api.compute.servers.test_servers_negative.ServersNegativeTestJSON.test_update_server_set_empty_name [0.281677s] ... ok
{38} tempest.api.volume.admin.test_volumes_actions.VolumesActionsTest.test_volume_force_delete_when_volume_is_error [4.490324s] ... ok
{5} setUpClass (tempest.api.volume.test_volumes_backup.VolumesBackupsV39Test) ... SKIPPED: Cinder backup feature disabled
{39} tempest.api.compute.servers.test_delete_server.DeleteServersTestJSON.test_delete_server_while_in_verify_resize_state [20.749286s] ... ok
{8} tempest.api.compute.security_groups.test_security_groups.SecurityGroupsTestJSON.test_server_security_groups [22.173282s] ... ok
{8} tempest.api.compute.security_groups.test_security_groups.SecurityGroupsTestJSON.test_update_security_groups [0.338079s] ... ok
{27} tempest.api.volume.test_image_metadata.VolumesImageMetadata.test_update_show_delete_image_metadata [0.255485s] ... ok
{38} tempest.api.volume.admin.test_volumes_actions.VolumesActionsTest.test_volume_force_delete_when_volume_is_maintenance [4.504380s] ... ok
{15} tempest.api.volume.test_volumes_extend.VolumesExtendTest.test_volume_extend [14.553036s] ... ok
{39} setUpClass (tempest.api.object_storage.test_account_bulk.BulkTest) ... SKIPPED: BulkTest skipped as swift is not available
{39} tempest.api.volume.admin.test_volume_hosts.VolumeHostsAdminTestsJSON.test_list_hosts [0.160758s] ... ok
{39} tempest.api.volume.admin.test_volume_hosts.VolumeHostsAdminTestsJSON.test_show_host [0.098752s] ... ok
{23} tempest.api.compute.servers.test_servers.ServersTestJSON.test_create_with_existing_server_name [16.957036s] ... ok
{38} tempest.api.volume.admin.test_volumes_actions.VolumesActionsTest.test_volume_reset_status [4.773136s] ... ok
{25} tempest.api.compute.servers.test_server_rescue.ServerStableDeviceRescueTest.test_stable_device_rescue_disk_virtio_with_volume_attached [78.537396s] ... ok
{11} tempest.api.compute.volumes.test_attach_volume_negative.AttachVolumeNegativeTest.test_delete_attached_volume [36.868587s] ... ok
{29} tempest.api.compute.servers.test_server_actions.ServerActionsTestOtherB.test_resize_server_revert_with_volume_attached [78.456082s] ... ok
{7} tempest.api.volume.admin.test_volume_retype.VolumeRetypeWithoutMigrationTest.test_available_volume_retype [5.844818s] ... ok
{15} tempest.api.volume.test_volumes_extend.VolumesExtendTest.test_volume_extend_when_volume_has_snapshot [8.869844s] ... ok
{21} tempest.api.compute.servers.test_servers.ServersUpdatePinnedAZ2104Test.test_repin_already_pinned_same_az [6.603707s] ... ok
{39} tempest.api.volume.test_volume_transfers.VolumesTransfersV355Test.test_create_get_list_accept_volume_transfer [5.384404s] ... ok
{23} tempest.api.compute.servers.test_servers.ServersTestJSON.test_update_access_server_address [9.277169s] ... ok
{7} tempest.api.volume.admin.test_volume_services.VolumesServicesTestJSON.test_get_service_by_host_name [0.016199s] ... ok
{7} tempest.api.volume.admin.test_volume_services.VolumesServicesTestJSON.test_get_service_by_service_and_host_name [0.021510s] ... ok
{7} tempest.api.volume.admin.test_volume_services.VolumesServicesTestJSON.test_get_service_by_service_binary_name [0.015915s] ... ok
{6} tempest.api.compute.servers.test_server_actions.ServerActionsTestJSON.test_resize_server_revert [39.213111s] ... ok
{11} setUpClass (tempest.api.image.v2.test_images.ImageLocationsTest) ... SKIPPED: ImageLocationsTest skipped as show_multiple_locations is not available
{39} tempest.api.volume.test_volume_transfers.VolumesTransfersV355Test.test_create_list_delete_volume_transfer [4.593942s] ... ok
{21} tempest.api.compute.servers.test_servers.ServersUpdatePinnedAZ2104Test.test_unpin_already_unpinned_server [5.801549s] ... ok
{7} tempest.api.volume.admin.test_volume_services.VolumesServicesTestJSON.test_get_service_by_volume_host_name [4.627406s] ... ok
{7} tempest.api.volume.admin.test_volume_services.VolumesServicesTestJSON.test_list_services [0.017668s] ... ok
{8} tempest.api.compute.servers.test_servers_negative.ServersNegativeTestMultiTenantJSON.test_delete_a_server_of_another_tenant [0.274967s] ... ok
{8} tempest.api.compute.servers.test_servers_negative.ServersNegativeTestMultiTenantJSON.test_update_server_of_another_tenant [0.165661s] ... ok
{23} tempest.api.compute.servers.test_servers.ServersTestJSON.test_update_server_name [9.721499s] ... ok
{21} tempest.api.compute.servers.test_servers.ServersUpdatePinnedAZ2104Test.test_unpin_and_repin_availability_zone [6.231261s] ... ok
{25} setUpClass (tempest.api.image.v2.test_images.ListUserImagesTest) ... SKIPPED: Image format enforcement prevents testing with bogus image data
{25} tempest.api.image.v2.test_images_member.ImagesMemberTest.test_get_image_member [0.795281s] ... ok
{25} tempest.api.image.v2.test_images_member.ImagesMemberTest.test_get_image_member_schema [0.006037s] ... ok
{25} tempest.api.image.v2.test_images_member.ImagesMemberTest.test_get_image_members_schema [0.007427s] ... ok
{25} tempest.api.image.v2.test_images_member.ImagesMemberTest.test_image_share_accept [0.483411s] ... ok
{25} tempest.api.image.v2.test_images_member.ImagesMemberTest.test_image_share_reject [0.482375s] ... ok
{25} tempest.api.image.v2.test_images_member.ImagesMemberTest.test_remove_image_member [0.477538s] ... ok
{25} tempest.api.volume.test_volumes_get.VolumesSummaryTest.test_show_volume_summary [0.138303s] ... ok
{23} setUpClass (tempest.api.object_storage.test_account_services.AccountTest) ... SKIPPED: AccountTest skipped as swift is not available
{8} tempest.api.image.v2.admin.test_images_metadefs_namespaces.MetadataNamespacesTest.test_basic_metadata_definition_namespaces [0.534696s] ... ok
{8} setUpClass (tempest.api.image.v2.test_images.MultiStoresImportImagesTest) ... SKIPPED: MultiStoresImportImagesTest skipped as image import is not available
{21} setUpClass (tempest.api.image.v2.admin.test_images.ImageLocationsAdminTest) ... SKIPPED: ImageLocationsAdminTest skipped as show_multiple_locations is not available
{21} setUpClass (tempest.api.volume.test_volumes_backup.VolumesBackupsTest) ... SKIPPED: Cinder backup feature disabled
{8} tempest.api.volume.admin.test_user_messages.UserMessagesTest.test_delete_message [1.718262s] ... ok
{23} tempest.api.volume.admin.test_volume_type_access.VolumeTypesAccessTest.test_volume_type_access_add [4.708794s] ... ok
{23} tempest.api.volume.admin.test_volume_type_access.VolumeTypesAccessTest.test_volume_type_access_list [0.167684s] ... ok
{8} tempest.api.volume.admin.test_user_messages.UserMessagesTest.test_list_show_messages [1.484657s] ... ok
{6} tempest.api.compute.servers.test_server_actions.ServerActionsTestJSON.test_stop_start_server [23.655619s] ... ok
{29} tempest.api.compute.servers.test_server_actions.ServerActionsTestOtherB.test_shelve_paused_server [29.678790s] ... ok
{6} tempest.api.compute.servers.test_server_actions.ServerActionsTestJSON.test_suspend_resume_server [4.078885s] ... ok
{8} tempest.api.volume.test_volume_transfers.VolumesTransfersV357Test.test_create_get_list_accept_volume_transfer [5.086948s] ... ok
{8} tempest.api.volume.test_volume_transfers.VolumesTransfersV357Test.test_create_list_delete_volume_transfer [4.761383s] ... ok
{29} tempest.api.compute.servers.test_server_actions.ServerActionsTestOtherB.test_shelve_unshelve_server [10.288664s] ... ok
{6} tempest.api.compute.volumes.test_volumes_list.VolumesTestJSON.test_volume_list [0.139159s] ... ok
{6} tempest.api.compute.volumes.test_volumes_list.VolumesTestJSON.test_volume_list_param_limit [0.040156s] ... ok
{6} tempest.api.compute.volumes.test_volumes_list.VolumesTestJSON.test_volume_list_param_offset_and_limit [0.078123s] ... ok
{6} tempest.api.compute.volumes.test_volumes_list.VolumesTestJSON.test_volume_list_with_detail_param_limit [0.040523s] ... ok
{6} tempest.api.compute.volumes.test_volumes_list.VolumesTestJSON.test_volume_list_with_detail_param_offset_and_limit [0.113975s] ... ok
{6} tempest.api.compute.volumes.test_volumes_list.VolumesTestJSON.test_volume_list_with_details [0.039872s] ... ok
{29} tempest.api.image.v2.admin.test_images_metadefs_namespace_properties.MetadataNamespacePropertiesTest.test_basic_meta_def_namespace_property [0.375232s] ... ok
{29} setUpClass (tempest.api.object_storage.test_crossdomain.CrossdomainTest) ... SKIPPED: CrossdomainTest skipped as swift is not available
{11} tempest.api.volume.admin.test_snapshot_manage.SnapshotManageAdminTest.test_snapshot_manage_with_attached_volume [35.545582s] ... FAILED

Captured traceback:
~~~~~~~~~~~~~~~~~~~
    Traceback (most recent call last):

      File "/opt/stack/tempest/tempest/common/utils/__init__.py", line 65, in wrapper
    return f(*func_args, **func_kwargs)
           ^^^^^^^^^^^^^^^^^^^^^^^^^^^^

      File "/opt/stack/tempest/tempest/api/volume/admin/test_snapshot_manage.py", line 127, in test_snapshot_manage_with_attached_volume
    self._test_unmanage_manage_snapshot(attached_volume=True)

      File "/opt/stack/tempest/tempest/api/volume/admin/test_snapshot_manage.py", line 103, in _test_unmanage_manage_snapshot
    waiters.wait_for_volume_resource_status(self.admin_snapshots_client,

      File "/opt/stack/tempest/tempest/common/waiters.py", line 379, in wait_for_volume_resource_status
    raise exceptions.VolumeResourceBuildErrorException(

    tempest.exceptions.VolumeResourceBuildErrorException: snapshot 0d495ac5-fd13-4e44-93c9-a29aea3bafcc failed to build and is in ERROR status


Captured pythonlogging:
~~~~~~~~~~~~~~~~~~~~~~~
    2026-09-07 10:33:17,520 1673250 INFO     [tempest.lib.common.rest_client] Request (SnapshotManageAdminTest:test_snapshot_manage_with_attached_volume): 202 POST http://172.21.16.48/volume/v3/volumes 0.271s
2026-09-07 10:33:17,520 1673250 DEBUG    [tempest.lib.common.rest_client] Request - Headers: {'Content-Type': 'application/json', 'Accept': 'application/json', 'X-Auth-Token': '<omitted>'}
        Body: {"volume": {"size": 1, "name": "tempest-SnapshotManageAdminTest-Volume-1291152031"}}
    Response - Headers: {'date': 'Mon, 07 Sep 2026 02:33:17 GMT', 'server': 'Apache/2.4.58 (Ubuntu)', 'content-type': 'application/json', 'x-compute-request-id': 'req-a57c049c-5b17-4d4f-85ce-f0aa4072d204', 'content-length': '759', 'openstack-api-version': 'volume 3.0', 'vary': 'OpenStack-API-Version', 'x-openstack-request-id': 'req-a57c049c-5b17-4d4f-85ce-f0aa4072d204', 'connection': 'close', 'status': '202', 'content-location': 'http://172.21.16.48/volume/v3/volumes'}
        Body: b'{"volume": {"id": "6f4b9d2c-22fd-4250-9bd3-8e010003a7cd", "status": "creating", "size": 1, "availability_zone": "nova", "created_at": "2026-09-07T02:33:17.456438", "updated_at": null, "name": "tempest-SnapshotManageAdminTest-Volume-1291152031", "description": null, "volume_type": "__DEFAULT__", "snapshot_id": null, "source_volid": null, "metadata": {}, "links": [{"rel": "self", "href": "http://172.21.16.48/volume/v3/volumes/6f4b9d2c-22fd-4250-9bd3-8e010003a7cd"}, {"rel": "bookmark", "href": "http://172.21.16.48/volume/volumes/6f4b9d2c-22fd-4250-9bd3-8e010003a7cd"}], "user_id": "6d387d30751f4123b0728fd3d09385b6", "bootable": "false", "encrypted": false, "replication_status": null, "consistencygroup_id": null, "multiattach": false, "attachments": []}}'
2026-09-07 10:33:17,552 1673250 INFO     [tempest.lib.common.rest_client] Request (SnapshotManageAdminTest:test_snapshot_manage_with_attached_volume): 200 GET http://172.21.16.48/volume/v3/volumes/6f4b9d2c-22fd-4250-9bd3-8e010003a7cd 0.025s
2026-09-07 10:33:17,552 1673250 DEBUG    [tempest.lib.common.rest_client] Request - Headers: {'Content-Type': 'application/json', 'Accept': 'application/json', 'X-Auth-Token': '<omitted>'}
        Body: None
    Response - Headers: {'date': 'Mon, 07 Sep 2026 02:33:17 GMT', 'server': 'Apache/2.4.58 (Ubuntu)', 'content-type': 'application/json', 'x-compute-request-id': 'req-2b1992bf-c8ac-4189-a02e-ae5186239310', 'content-length': '827', 'openstack-api-version': 'volume 3.0', 'vary': 'OpenStack-API-Version', 'x-openstack-request-id': 'req-2b1992bf-c8ac-4189-a02e-ae5186239310', 'connection': 'close', 'status': '200', 'content-location': 'http://172.21.16.48/volume/v3/volumes/6f4b9d2c-22fd-4250-9bd3-8e010003a7cd'}
        Body: b'{"volume": {"id": "6f4b9d2c-22fd-4250-9bd3-8e010003a7cd", "status": "creating", "size": 1, "availability_zone": "nova", "created_at": "2026-09-07T02:33:17.000000", "updated_at": null, "name": "tempest-SnapshotManageAdminTest-Volume-1291152031", "description": null, "volume_type": "__DEFAULT__", "snapshot_id": null, "source_volid": null, "metadata": {}, "links": [{"rel": "self", "href": "http://172.21.16.48/volume/v3/volumes/6f4b9d2c-22fd-4250-9bd3-8e010003a7cd"}, {"rel": "bookmark", "href": "http://172.21.16.48/volume/volumes/6f4b9d2c-22fd-4250-9bd3-8e010003a7cd"}], "user_id": "6d387d30751f4123b0728fd3d09385b6", "bootable": "false", "encrypted": false, "replication_status": null, "consistencygroup_id": null, "multiattach": false, "attachments": [], "os-vol-tenant-attr:tenant_id": "4c4c3ff54d9943a3a68f562d80861442"}}'
2026-09-07 10:33:18,585 1673250 INFO     [tempest.lib.common.rest_client] Request (SnapshotManageAdminTest:test_snapshot_manage_with_attached_volume): 200 GET http://172.21.16.48/volume/v3/volumes/6f4b9d2c-22fd-4250-9bd3-8e010003a7cd 0.024s
2026-09-07 10:33:18,586 1673250 DEBUG    [tempest.lib.common.rest_client] Request - Headers: {'Content-Type': 'application/json', 'Accept': 'application/json', 'X-Auth-Token': '<omitted>'}
        Body: None
    Response - Headers: {'date': 'Mon, 07 Sep 2026 02:33:18 GMT', 'server': 'Apache/2.4.58 (Ubuntu
    )', 'content-type': 'application/json', 'x-compute-request-id': 'req-1aa014ce-54a6-4a2c-9f36-c8910d14e7e0', 'content-length': '851', 'openstack-api-version': 'volume 3.0', 'vary': 'OpenStack-API-Version', 'x-openstack-request-id': 'req-1aa014ce-54a6-4a2c-9f36-c8910d14e7e0', 'connection': 'close', 'status': '200', 'content-location': 'http://172.21.16.48/volume/v3/volumes/6f4b9d2c-22fd-4250-9bd3-8e010003a7cd'}
        Body: b'{"volume": {"id": "6f4b9d2c-22fd-4250-9bd3-8e010003a7cd", "status": "creating", "size": 1, "availability_zone": "nova", "created_at": "2026-09-07T02:33:17.000000", "updated_at": "2026-09-07T02:33:18.000000", "name": "tempest-SnapshotManageAdminTest-Volume-1291152031", "description": null, "volume_type": "__DEFAULT__", "snapshot_id": null, "source_volid": null, "metadata": {}, "links": [{"rel": "self", "href": "http://172.21.16.48/volume/v3/volumes/6f4b9d2c-22fd-4250-9bd3-8e010003a7cd"}, {"rel": "bookmark", "href": "http://172.21.16.48/volume/volumes/6f4b9d2c-22fd-4250-9bd3-8e010003a7cd"}], "user_id": "6d387d30751f4123b0728fd3d09385b6", "bootable": "false", "encrypted": false, "replication_status": null, "consistencygroup_id": null, "multiattach": false, "attachments": [], "os-vol-tenant-attr:tenant_id": "4c4c3ff54d9943a3a68f562d80861442"}}'
2026-09-07 10:33:19,625 1673250 INFO     [tempest.lib.common.rest_client] Request (SnapshotManageAdminTest:test_snapshot_manage_with_attached_volume): 200 GET http://172.21.16.48/volume/v3/volumes/6f4b9d2c-22fd-4250-9bd3-8e010003a7cd 0.025s
2026-09-07 10:33:19,625 1673250 DEBUG    [tempest.lib.common.rest_client] Request - Headers: {'Content-Type': 'application/json', 'Accept': 'application/json', 'X-Auth-Token': '<omitted>'}
        Body: None
    Response - Headers: {'date': 'Mon, 07 Sep 2026 02:33:19 GMT', 'server': 'Apache/2.4.58 (Ubuntu)', 'content-type': 'application/json', 'x-compute-request-id': 'req-f8d2b23b-5125-4cad-8b2d-1e0009ebb581', 'content-length': '897', 'openstack-api-version': 'volume 3.0', 'vary': 'OpenStack-API-Version', 'x-openstack-request-id': 'req-f8d2b23b-5125-4cad-8b2d-1e0009ebb581', 'connection': 'close', 'status': '200', 'content-location': 'http://172.21.16.48/volume/v3/volumes/6f4b9d2c-22fd-4250-9bd3-8e010003a7cd'}
        Body: b'{"volume": {"id": "6f4b9d2c-22fd-4250-9bd3-8e010003a7cd", "status": "available", "size": 1, "availability_zone": "nova", "created_at": "2026-09-07T02:33:17.000000", "updated_at": "2026-09-07T02:33:19.000000", "name": "tempest-SnapshotManageAdminTest-Volume-1291152031", "description": null, "volume_type": "__DEFAULT__", "snapshot_id": null, "source_volid": null, "metadata": {"lun_wwn": "60015eb66a909169e400110000002eb4"}, "links": [{"rel": "self", "href": "http://172.21.16.48/volume/v3/volumes/6f4b9d2c-22fd-4250-9bd3-8e010003a7cd"}, {"rel": "bookmark", "href": "http://172.21.16.48/volume/volumes/6f4b9d2c-22fd-4250-9bd3-8e010003a7cd"}], "user_id": "6d387d30751f4123b0728fd3d09385b6", "bootable": "false", "encrypted": false, "replication_status": null, "consistencygroup_id": null, "multiattach": false, "attachments": [], "os-vol-tenant-attr:tenant_id": "4c4c3ff54d9943a3a68f562d80861442"}}'
2026-09-07 10:33:19,633 1673250 INFO     [tempest.common.waiters] volume 6f4b9d2c-22fd-4250-9bd3-8e010003a7cd reached available after waiting for 2.633175 seconds
2026-09-07 10:33:19,712 1673250 INFO     [tempest.lib.common.rest_client] Request (SnapshotManageAdminTest:test_snapshot_manage_with_attached_volume): 202 POST http://172.21.16.48/volume/v3/snapshots 0.079s
2026-09-07 10:33:19,712 1673250 DEBUG    [tempest.lib.common.rest_client] Request - Headers: {'Content-Type': 'application/json', 'Accept': 'application/json', 'X-Auth-Token': '<omitted>'}
        Body: {"snapshot": {"volume_id": "6f4b9d2c-22fd-4250-9bd3-8e010003a7cd", "name": "tempest-SnapshotManageAdminTest-Snapshot-1314351620"}}
    Response - Headers: {'date': 'Mon, 07 Sep 2026 02:33:19 GMT', 'server': 'Apache/2.4.58 (Ubuntu)', 'content-type': 'application/json', 'x-compute-request-id': 'req-07873d9d-f172-421c-af43-a5378f7274f4', 'content-length': '310', 'ope
    nstack-api-version': 'volume 3.0', 'vary': 'OpenStack-API-Version', 'x-openstack-request-id': 'req-07873d9d-f172-421c-af43-a5378f7274f4', 'connection': 'close', 'status': '202', 'content-location': 'http://172.21.16.48/volume/v3/snapshots'}
        Body: b'{"snapshot": {"id": "d23096cb-f82e-4f67-ac80-eb6d103c848c", "created_at": "2026-09-07T02:33:19.683977", "updated_at": null, "name": "tempest-SnapshotManageAdminTest-Snapshot-1314351620", "description": null, "volume_id": "6f4b9d2c-22fd-4250-9bd3-8e010003a7cd", "status": "creating", "size": 1, "metadata": {}}}'
2026-09-07 10:33:19,731 1673250 INFO     [tempest.lib.common.rest_client] Request (SnapshotManageAdminTest:test_snapshot_manage_with_attached_volume): 200 GET http://172.21.16.48/volume/v3/snapshots/d23096cb-f82e-4f67-ac80-eb6d103c848c 0.016s
2026-09-07 10:33:19,732 1673250 DEBUG    [tempest.lib.common.rest_client] Request - Headers: {'Content-Type': 'application/json', 'Accept': 'application/json', 'X-Auth-Token': '<omitted>'}
        Body: None
    Response - Headers: {'date': 'Mon, 07 Sep 2026 02:33:19 GMT', 'server': 'Apache/2.4.58 (Ubuntu)', 'content-type': 'application/json', 'x-compute-request-id': 'req-cb458e62-8fdb-4c5f-85b6-b63a1ccc9e70', 'content-length': '442', 'openstack-api-version': 'volume 3.0', 'vary': 'OpenStack-API-Version', 'x-openstack-request-id': 'req-cb458e62-8fdb-4c5f-85b6-b63a1ccc9e70', 'connection': 'close', 'status': '200', 'content-location': 'http://172.21.16.48/volume/v3/snapshots/d23096cb-f82e-4f67-ac80-eb6d103c848c'}
        Body: b'{"snapshot": {"id": "d23096cb-f82e-4f67-ac80-eb6d103c848c", "created_at": "2026-09-07T02:33:20.000000", "updated_at": null, "name": "tempest-SnapshotManageAdminTest-Snapshot-1314351620", "description": null, "volume_id": "6f4b9d2c-22fd-4250-9bd3-8e010003a7cd", "status": "creating", "size": 1, "metadata": {}, "os-extended-snapshot-attributes:project_id": "4c4c3ff54d9943a3a68f562d80861442", "os-extended-snapshot-attributes:progress": "0%"}}'
2026-09-07 10:33:20,748 1673250 INFO     [tempest.lib.common.rest_client] Request (SnapshotManageAdminTest:test_snapshot_manage_with_attached_volume): 200 GET http://172.21.16.48/volume/v3/snapshots/d23096cb-f82e-4f67-ac80-eb6d103c848c 0.013s
2026-09-07 10:33:20,748 1673250 DEBUG    [tempest.lib.common.rest_client] Request - Headers: {'Content-Type': 'application/json', 'Accept': 'application/json', 'X-Auth-Token': '<omitted>'}
        Body: None
    Response - Headers: {'date': 'Mon, 07 Sep 2026 02:33:20 GMT', 'server': 'Apache/2.4.58 (Ubuntu)', 'content-type': 'application/json', 'x-compute-request-id': 'req-71bd637a-05d3-43f4-953a-a8f2694a94ee', 'content-length': '641', 'openstack-api-version': 'volume 3.0', 'vary': 'OpenStack-API-Version', 'x-openstack-request-id': 'req-71bd637a-05d3-43f4-953a-a8f2694a94ee', 'connection': 'close', 'status': '200', 'content-location': 'http://172.21.16.48/volume/v3/snapshots/d23096cb-f82e-4f67-ac80-eb6d103c848c'}
        Body: b'{"snapshot": {"id": "d23096cb-f82e-4f67-ac80-eb6d103c848c", "created_at": "2026-09-07T02:33:20.000000", "updated_at": "2026-09-07T02:33:20.000000", "name": "tempest-SnapshotManageAdminTest-Snapshot-1314351620", "description": null, "volume_id": "6f4b9d2c-22fd-4250-9bd3-8e010003a7cd", "status": "available", "size": 1, "metadata": {"lun_wwn": "60015eb66a909169e400110000002eb5", "snapshot_name": "snapshot-d23096cb-f82e-4f67-ac80-eb6d103c848c", "source_vol": "volume-6f4b9d2c-22fd-4250-9bd3-8e010003a7cd"}, "os-extended-snapshot-attributes:project_id": "4c4c3ff54d9943a3a68f562d80861442", "os-extended-snapshot-attributes:progress": "100%"}}'
2026-09-07 10:33:20,750 1673250 INFO     [tempest.common.waiters] snapshot d23096cb-f82e-4f67-ac80-eb6d103c848c reached available after waiting for 1.750853 seconds
2026-09-07 10:33:20,751 1673250 DEBUG    [tempest.lib.common.validation_resources] Requested setup of ValidationResources keypair True, floating IP True, security group True
2026-09-07 10:33:20,751 1673250 DEBUG    [tempest.lib.common.validation_resources] Requested validation resources keypair True, floating IP T
    rue, security group True
2026-09-07 10:33:20,788 1673250 INFO     [tempest.lib.common.rest_client] Request (ValidationResourcesFixture:setUp): 200 POST http://172.21.16.48/compute/v2.1/os-keypairs 0.035s
2026-09-07 10:33:20,788 1673250 DEBUG    [tempest.lib.common.rest_client] Request - Headers: {'Content-Type': 'application/json', 'Accept': 'application/json', 'X-Auth-Token': '<omitted>'}
        Body: {"keypair": {"name": "tempest-keypair-1657999619", "public_key": "ecdsa-sha2-nistp384 AAAAE2VjZHNhLXNoYTItbmlzdHAzODQAAAAIbmlzdHAzODQAAABhBK2V4u478D/O0z3Te05s+TCvElIrm1+rbLe/JBb6CFknQcgIlfz5atMrjK8EgjAKF+iRlZOn0ijx8+VJNdZb5aUTX3Xnzc12c3DMkQTRHueQCsl6+ydV5PMsVPbYQ7xoSg=="}}
    Response - Headers: {'date': 'Mon, 07 Sep 2026 02:33:20 GMT', 'server': 'Apache/2.4.58 (Ubuntu)', 'content-length': '386', 'content-type': 'application/json', 'openstack-api-version': 'compute 2.1', 'x-openstack-nova-api-version': '2.1', 'vary': 'OpenStack-API-Version,X-OpenStack-Nova-API-Version', 'x-openstack-request-id': 'req-a6bfc51c-4ac1-483f-9ae3-d3d7c102c02b', 'x-compute-request-id': 'req-a6bfc51c-4ac1-483f-9ae3-d3d7c102c02b', 'connection': 'close', 'status': '200', 'content-location': 'http://172.21.16.48/compute/v2.1/os-keypairs'}
        Body: b'{"keypair": {"name": "tempest-keypair-1657999619", "public_key": "ecdsa-sha2-nistp384 AAAAE2VjZHNhLXNoYTItbmlzdHAzODQAAAAIbmlzdHAzODQAAABhBK2V4u478D/O0z3Te05s+TCvElIrm1+rbLe/JBb6CFknQcgIlfz5atMrjK8EgjAKF+iRlZOn0ijx8+VJNdZb5aUTX3Xnzc12c3DMkQTRHueQCsl6+ydV5PMsVPbYQ7xoSg==", "fingerprint": "bd:43:c3:ae:77:18:66:b6:9f:d4:52:35:06:57:74:2b", "user_id": "6d387d30751f4123b0728fd3d09385b6"}}'
2026-09-07 10:33:20,789 1673250 DEBUG    [tempest.lib.common.validation_resources] Validation resource key tempest-keypair-1657999619 created
2026-09-07 10:33:20,959 1673250 INFO     [tempest.lib.common.rest_client] Request (ValidationResourcesFixture:setUp): 201 POST http://172.21.16.48/networking/v2.0/security-groups 0.169s
2026-09-07 10:33:20,959 1673250 DEBUG    [tempest.lib.common.rest_client] Request - Headers: {'Content-Type': 'application/json', 'Accept': 'application/json', 'X-Auth-Token': '<omitted>'}
        Body: {"security_group": {"name": "tempest-securitygroup--876699773", "description": "tempest-description--1839735210"}}
    Response - Headers: {'date': 'Mon, 07 Sep 2026 02:33:20 GMT', 'server': 'Apache/2.4.58 (Ubuntu)', 'content-type': 'application/json', 'content-length': '1662', 'x-openstack-request-id': 'req-5e7ec298-a5b2-40c0-aa3c-8263269218d6', 'connection': 'close', 'status': '201', 'content-location': 'http://172.21.16.48/networking/v2.0/security-groups'}
        Body: b'{"security_group": {"id": "3dd29994-beff-4458-9685-7ab2ca04f6d3", "name": "tempest-securitygroup--876699773", "stateful": true, "tenant_id": "4c4c3ff54d9943a3a68f562d80861442", "project_id": "4c4c3ff54d9943a3a68f562d80861442", "description": "tempest-description--1839735210", "shared": false, "security_group_rules": [{"id": "1a950e7e-4a91-475d-bf00-d0cb1c9290ee", "project_id": "4c4c3ff54d9943a3a68f562d80861442", "security_group_id": "3dd29994-beff-4458-9685-7ab2ca04f6d3", "ethertype": "IPv6", "direction": "egress", "protocol": null, "port_range_min": null, "port_range_max": null, "remote_ip_prefix": null, "remote_address_group_id": null, "normalized_cidr": null, "remote_group_id": null, "standard_attr_id": 3166, "belongs_to_default_sg": false, "description": null, "tags": [], "created_at": "2026-09-07T02:33:20Z", "updated_at": "2026-09-07T02:33:20Z", "revision_number": 0, "tenant_id": "4c4c3ff54d9943a3a68f562d80861442"}, {"id": "fcdc4131-a63b-42b9-bd5a-3688ae2adc3c", "project_id": "4c4c3ff54d9943a3a68f562d80861442", "security_group_id": "3dd29994-beff-4458-9685-7ab2ca04f6d3", "ethertype": "IPv4", "direction": "egress", "protocol": null, "port_range_min": null, "port_range_max": null, "remote_ip_prefix": null, "remote_address_group_id": null, "normalized_cidr": null, "remote_group_id": null, "standard_attr_id": 3165, "belongs_to_default_sg": false, "description": null, "tags": [], "created_at": "2026-09-07T02:33:20Z", "updated_
    at": "2026-09-07T02:33:20Z", "revision_number": 0, "tenant_id": "4c4c3ff54d9943a3a68f562d80861442"}], "tags": [], "created_at": "2026-09-07T02:33:20Z", "updated_at": "2026-09-07T02:33:20Z", "revision_number": 1}}'
2026-09-07 10:33:21,073 1673250 INFO     [tempest.lib.common.rest_client] Request (ValidationResourcesFixture:setUp): 201 POST http://172.21.16.48/networking/v2.0/security-group-rules 0.113s
2026-09-07 10:33:21,074 1673250 DEBUG    [tempest.lib.common.rest_client] Request - Headers: {'Content-Type': 'application/json', 'Accept': 'application/json', 'X-Auth-Token': '<omitted>'}
        Body: {"security_group_rule": {"security_group_id": "3dd29994-beff-4458-9685-7ab2ca04f6d3", "protocol": "tcp", "ethertype": "IPv4", "port_range_min": 22, "port_range_max": 22, "direction": "ingress"}}
    Response - Headers: {'date': 'Mon, 07 Sep 2026 02:33:20 GMT', 'server': 'Apache/2.4.58 (Ubuntu)', 'content-type': 'application/json', 'content-length': '597', 'x-openstack-request-id': 'req-8dd4fea0-96b9-41bb-ada7-38887072aa17', 'connection': 'close', 'status': '201', 'content-location': 'http://172.21.16.48/networking/v2.0/security-group-rules'}
        Body: b'{"security_group_rule": {"id": "b00b28b8-efcd-4cdf-bdd3-fe5c35ed4911", "project_id": "4c4c3ff54d9943a3a68f562d80861442", "security_group_id": "3dd29994-beff-4458-9685-7ab2ca04f6d3", "ethertype": "IPv4", "direction": "ingress", "protocol": "tcp", "port_range_min": 22, "port_range_max": 22, "remote_ip_prefix": null, "remote_address_group_id": null, "normalized_cidr": null, "remote_group_id": null, "belongs_to_default_sg": false, "description": "", "created_at": "2026-09-07T02:33:21Z", "updated_at": "2026-09-07T02:33:21Z", "revision_number": 0, "tenant_id": "4c4c3ff54d9943a3a68f562d80861442"}}'
2026-09-07 10:33:21,237 1673250 INFO     [tempest.lib.common.rest_client] Request (ValidationResourcesFixture:setUp): 201 POST http://172.21.16.48/networking/v2.0/security-group-rules 0.163s
2026-09-07 10:33:21,238 1673250 DEBUG    [tempest.lib.common.rest_client] Request - Headers: {'Content-Type': 'application/json', 'Accept': 'application/json', 'X-Auth-Token': '<omitted>'}
        Body: {"security_group_rule": {"security_group_id": "3dd29994-beff-4458-9685-7ab2ca04f6d3", "protocol": "icmp", "ethertype": "IPv4", "direction": "ingress"}}
    Response - Headers: {'date': 'Mon, 07 Sep 2026 02:33:21 GMT', 'server': 'Apache/2.4.58 (Ubuntu)', 'content-type': 'application/json', 'content-length': '602', 'x-openstack-request-id': 'req-097409e0-975b-4656-96e6-c5daab38cfe8', 'connection': 'close', 'status': '201', 'content-location': 'http://172.21.16.48/networking/v2.0/security-group-rules'}
        Body: b'{"security_group_rule": {"id": "36b09e72-89f2-4af6-b7c6-b06cea0562de", "project_id": "4c4c3ff54d9943a3a68f562d80861442", "security_group_id": "3dd29994-beff-4458-9685-7ab2ca04f6d3", "ethertype": "IPv4", "direction": "ingress", "protocol": "icmp", "port_range_min": null, "port_range_max": null, "remote_ip_prefix": null, "remote_address_group_id": null, "normalized_cidr": null, "remote_group_id": null, "belongs_to_default_sg": false, "description": "", "created_at": "2026-09-07T02:33:21Z", "updated_at": "2026-09-07T02:33:21Z", "revision_number": 0, "tenant_id": "4c4c3ff54d9943a3a68f562d80861442"}}'
2026-09-07 10:33:21,238 1673250 DEBUG    [tempest.lib.common.validation_resources] SSH Validation resource security group with tcp and icmp rules tempest-securitygroup--876699773 created
2026-09-07 10:33:21,748 1673250 INFO     [tempest.lib.common.rest_client] Request (ValidationResourcesFixture:setUp): 201 POST http://172.21.16.48/networking/v2.0/floatingips 0.510s
2026-09-07 10:33:21,749 1673250 DEBUG    [tempest.lib.common.rest_client] Request - Headers: {'Content-Type': 'application/json', 'Accept': 'application/json', 'X-Auth-Token': '<omitted>'}
        Body: {"floatingip": {"floating_network_id": "e2d5f11b-7246-4b85-99f0-3458bc853ed6"}}
    Response - Headers: {'date': 'Mon, 07 Sep 2026 02:33:21 GMT', 'server': 'Apache/2.4.58 (Ubuntu)', 'content-type': 'application/json', 'content-length'
    : '527', 'x-openstack-request-id': 'req-1725857b-9b6e-413c-b367-59f84042ffad', 'connection': 'close', 'status': '201', 'content-location': 'http://172.21.16.48/networking/v2.0/floatingips'}
        Body: b'{"floatingip": {"id": "b967c03d-213a-4b4b-b4ed-beff4616a8a4", "tenant_id": "4c4c3ff54d9943a3a68f562d80861442", "project_id": "4c4c3ff54d9943a3a68f562d80861442", "floating_ip_address": "172.24.4.11", "floating_network_id": "e2d5f11b-7246-4b85-99f0-3458bc853ed6", "router_id": null, "port_id": null, "fixed_ip_address": null, "status": "DOWN", "description": "", "port_details": null, "dns_domain": "", "dns_name": "", "tags": [], "created_at": "2026-09-07T02:33:21Z", "updated_at": "2026-09-07T02:33:21Z", "revision_number": 0}}'
2026-09-07 10:33:21,749 1673250 DEBUG    [tempest.lib.common.validation_resources] Validation resource floating IP {'id': 'b967c03d-213a-4b4b-b4ed-beff4616a8a4', 'tenant_id': '4c4c3ff54d9943a3a68f562d80861442', 'project_id': '4c4c3ff54d9943a3a68f562d80861442', 'floating_ip_address': '172.24.4.11', 'floating_network_id': 'e2d5f11b-7246-4b85-99f0-3458bc853ed6', 'router_id': None, 'port_id': None, 'fixed_ip_address': None, 'status': 'DOWN', 'description': '', 'port_details': None, 'dns_domain': '', 'dns_name': '', 'tags': [], 'created_at': '2026-09-07T02:33:21Z', 'updated_at': '2026-09-07T02:33:21Z', 'revision_number': 0, 'ip': '172.24.4.11'} created
2026-09-07 10:33:21,810 1673250 INFO     [tempest.lib.common.rest_client] Request (SnapshotManageAdminTest:test_snapshot_manage_with_attached_volume): 201 POST http://172.21.16.48/identity/v3/auth/tokens 0.058s
2026-09-07 10:33:21,810 1673250 DEBUG    [tempest.lib.common.rest_client] Request - Headers: {'Content-Type': 'application/json', 'Accept': 'application/json'}
        Body: <omitted>
    Response - Headers: {'date': 'Mon, 07 Sep 2026 02:33:21 GMT', 'server': 'Apache/2.4.58 (Ubuntu)', 'content-type': 'application/json', 'content-length': '2507', 'x-subject-token': '<omitted>', 'vary': 'X-Auth-Token', 'x-openstack-request-id': 'req-c7262fe4-7587-4ba9-80d7-1fb9a5dacb10', 'connection': 'close', 'status': '201', 'content-location': 'http://172.21.16.48/identity/v3/auth/tokens'}
        Body: b'{"token": {"methods": ["password"], "user": {"domain": {"id": "default", "name": "Default"}, "id": "6d387d30751f4123b0728fd3d09385b6", "name": "tempest-SnapshotManageAdminTest-226131391-project-member", "password_expires_at": null}, "audit_ids": ["36dXPABFS46RqKtiX9gA7w"], "expires_at": "2026-09-07T03:33:21.000000Z", "issued_at": "2026-09-07T02:33:21.000000Z", "project": {"domain": {"id": "default", "name": "Default"}, "id": "4c4c3ff54d9943a3a68f562d80861442", "name": "tempest-SnapshotManageAdminTest-226131391"}, "is_domain": false, "roles": [{"id": "3ef9e1901aef4331a7ef6890414e876b", "name": "reader"}, {"id": "f0c902c1d27647db84d3364d71116324", "name": "member"}], "catalog": [{"endpoints": [{"id": "4793cc266e5a47169ed04883bd05e4d8", "interface": "public", "region_id": "RegionOne", "url": "http://172.21.16.48/identity", "region": "RegionOne"}], "id": "13ce648834264991b5de9d395d56fe9b", "type": "identity", "name": "keystone"}, {"endpoints": [{"id": "45279045403c469f9f96bf30b7d32ae5", "interface": "public", "region_id": "RegionOne", "url": "http://172.21.16.48/networking", "region": "RegionOne"}], "id": "31fc45254fc54b98b3fddb1dacafe1de", "type": "network", "name": "neutron"}, {"endpoints": [{"id": "bb506d94ae1645fdab573c33a1137d4e", "interface": "public", "region_id": "RegionOne", "url": "http://172.21.16.48/placement", "region": "RegionOne"}], "id": "670bed1dd5b74e80adb77ca1fa7a9748", "type": "placement", "name": "placement"}, {"endpoints": [{"id": "9e20bc32decc4385b13b0874ac2b6f15", "interface": "public", "region_id": "RegionOne", "url": "http://172.21.16.48/image", "region": "RegionOne"}], "id": "9ae04292c4b149678c54055a3523c771", "type": "image", "name": "glance"}, {"endpoints": [{"id": "dac37c18b3d14dc7b7f4ab0307ca7876", "interface": "public", "region_id": "RegionOne", "url": "http://172.21.16.48/compute/v2/4c4c3ff54d9943a3a68f562d80861442", "region": "RegionOn
    e"}], "id": "b7459395849642e1a9ec5a6522617807", "type": "compute_legacy", "name": "nova_legacy"}, {"endpoints": [{"id": "3cd65348685f4c79ac5c2d38f375b89f", "interface": "public", "region_id": "RegionOne", "url": "http://172.21.16.48/volume/v3", "region": "RegionOne"}], "id": "ce27e67ae2c14ba787e6c8545ce4653a", "type": "block-storage", "name": "cinder"}, {"endpoints": [{"id": "5a998c9c9df640e38a987a608fbead09", "interface": "public", "region_id": "RegionOne", "url": "http://172.21.16.48/compute/v2.1", "region": "RegionOne"}], "id": "db923492e91049e296224b33dd0c4b00", "type": "compute", "name": "nova"}]}}'
2026-09-07 10:33:21,811 1673250 INFO     [tempest.lib.common.fixed_network] (SnapshotManageAdminTest:test_snapshot_manage_with_attached_volume) Found network {'id': '13ca429d-518e-4144-8b23-f1f2d37e3537', 'name': 'tempest-SnapshotManageAdminTest-2002102460-network', 'tenant_id': '4c4c3ff54d9943a3a68f562d80861442', 'project_id': '4c4c3ff54d9943a3a68f562d80861442', 'admin_state_up': True, 'mtu': 1442, 'status': 'ACTIVE', 'subnets': [], 'shared': False, 'port_security_enabled': True, 'router:external': False, 'provider:network_type': 'geneve', 'provider:physical_network': None, 'provider:segmentation_id': 29520, 'vlan_transparent': False, 'qinq': False, 'is_default': False, 'availability_zone_hints': [], 'availability_zones': [], 'ipv4_address_scope': None, 'ipv6_address_scope': None, 'description': '', 'tags': [], 'created_at': '2026-09-07T02:33:07Z', 'updated_at': '2026-09-07T02:33:07Z', 'revision_number': 1} available for tenant
2026-09-07 10:33:21,811 1673250 DEBUG    [tempest.common.compute] Provisioning test server with validation resources {'keypair': {'name': 'tempest-keypair-1657999619', 'public_key': 'ecdsa-sha2-nistp384 AAAAE2VjZHNhLXNoYTItbmlzdHAzODQAAAAIbmlzdHAzODQAAABhBK2V4u478D/O0z3Te05s+TCvElIrm1+rbLe/JBb6CFknQcgIlfz5atMrjK8EgjAKF+iRlZOn0ijx8+VJNdZb5aUTX3Xnzc12c3DMkQTRHueQCsl6+ydV5PMsVPbYQ7xoSg==', 'fingerprint': 'bd:43:c3:ae:77:18:66:b6:9f:d4:52:35:06:57:74:2b', 'user_id': '6d387d30751f4123b0728fd3d09385b6', 'private_key': '-----BEGIN EC PRIVATE KEY-----\nMIGkAgEBBDAvYY9GiSb9Fx4Ov073JlQFFUZ7SPsayvH0cxb1vTxi53BS+GLrfBPL\nUZaoxXZflU2gBwYFK4EEACKhZANiAAStleLuO/A/ztM903tObPkwrxJSK5tfq2y3\nvyQW+ghZJ0HICJX8+WrTK4yvBIIwChfokZWTp9Io8fPlSTXWW+WlE191583NdnNw\nzJEE0R7nkArJevsnVeTzLFT22EO8aEo=\n-----END EC PRIVATE KEY-----\n'}, 'security_group': {'id': '3dd29994-beff-4458-9685-7ab2ca04f6d3', 'name': 'tempest-securitygroup--876699773', 'stateful': True, 'tenant_id': '4c4c3ff54d9943a3a68f562d80861442', 'project_id': '4c4c3ff54d9943a3a68f562d80861442', 'description': 'tempest-description--1839735210', 'shared': False, 'security_group_rules': [{'id': '1a950e7e-4a91-475d-bf00-d0cb1c9290ee', 'project_id': '4c4c3ff54d9943a3a68f562d80861442', 'security_group_id': '3dd29994-beff-4458-9685-7ab2ca04f6d3', 'ethertype': 'IPv6', 'direction': 'egress', 'protocol': None, 'port_range_min': None, 'port_range_max': None, 'remote_ip_prefix': None, 'remote_address_group_id': None, 'normalized_cidr': None, 'remote_group_id': None, 'standard_attr_id': 3166, 'belongs_to_default_sg': False, 'description': None, 'tags': [], 'created_at': '2026-09-07T02:33:20Z', 'updated_at': '2026-09-07T02:33:20Z', 'revision_number': 0, 'tenant_id': '4c4c3ff54d9943a3a68f562d80861442'}, {'id': 'fcdc4131-a63b-42b9-bd5a-3688ae2adc3c', 'project_id': '4c4c3ff54d9943a3a68f562d80861442', 'security_group_id': '3dd29994-beff-4458-9685-7ab2ca04f6d3', 'ethertype': 'IPv4', 'direction': 'egress', 'protocol': None, 'port_range_min': None, 'port_range_max': None, 'remote_ip_prefix': None, 'remote_address_group_id': None, 'normalized_cidr': None, 'remote_group_id': None, 'standard_attr_id': 3165, 'belongs_to_default_sg': False, 'description': None, 'tags': [], 'created_at': '2026-09-07T02:33:20Z', 'updated_at': '2026-09-07T02:33:20Z', 'revision_number': 0, 'tenant_id': '4c4c3ff54d9943a3a68f562d80861442'}], 'tags': [], 'created_at': '2026-09-07T02:33:20Z', 'updated_at': '2026-09-07T02:33:20Z', 'revision_number': 1}, 'floating_ip': {'id': 'b967c03d-213a-4b4b-b4ed-beff4616a8a4', 
    'tenant_id': '4c4c3ff54d9943a3a68f562d80861442', 'project_id': '4c4c3ff54d9943a3a68f562d80861442', 'floating_ip_address': '172.24.4.11', 'floating_network_id': 'e2d5f11b-7246-4b85-99f0-3458bc853ed6', 'router_id': None, 'port_id': None, 'fixed_ip_address': None, 'status': 'DOWN', 'description': '', 'port_details': None, 'dns_domain': '', 'dns_name': '', 'tags': [], 'created_at': '2026-09-07T02:33:21Z', 'updated_at': '2026-09-07T02:33:21Z', 'revision_number': 0, 'ip': '172.24.4.11'}}
2026-09-07 10:33:22,303 1673250 INFO     [tempest.lib.common.rest_client] Request (SnapshotManageAdminTest:test_snapshot_manage_with_attached_volume): 202 POST http://172.21.16.48/compute/v2.1/servers 0.491s
2026-09-07 10:33:22,303 1673250 DEBUG    [tempest.lib.common.rest_client] Request - Headers: {'Content-Type': 'application/json', 'Accept': 'application/json', 'X-Auth-Token': '<omitted>'}
        Body: {"server": {"name": "tempest-SnapshotManageAdminTest-instance-568974262", "imageRef": "c40e0f49-dfcb-4f0c-85f6-961051435368", "flavorRef": "42", "networks": [{"uuid": "13ca429d-518e-4144-8b23-f1f2d37e3537"}], "security_groups": [{"name": "tempest-securitygroup--876699773"}], "key_name": "tempest-keypair-1657999619", "user_data": "IyEvYmluL3NoCmVjaG8gIlByaW50aW5nIGNpcnJvcyB1c2VyIGF1dGhvcml6ZWQga2V5cyIKY2F0IH5jaXJyb3MvLnNzaC9hdXRob3JpemVkX2tleXMgfHwgdHJ1ZQo="}}
    Response - Headers: {'date': 'Mon, 07 Sep 2026 02:33:21 GMT', 'server': 'Apache/2.4.58 (Ubuntu)', 'content-length': '407', 'location': 'http://172.21.16.48/compute/v2.1/servers/5cdb83bb-9cb5-4e3d-9971-6289ea492424', 'content-type': 'application/json', 'openstack-api-version': 'compute 2.1', 'x-openstack-nova-api-version': '2.1', 'vary': 'OpenStack-API-Version,X-OpenStack-Nova-API-Version', 'x-openstack-request-id': 'req-654c57c1-733d-4c71-b56c-79d4570a17e0', 'x-compute-request-id': 'req-654c57c1-733d-4c71-b56c-79d4570a17e0', 'connection': 'close', 'status': '202', 'content-location': 'http://172.21.16.48/compute/v2.1/servers'}
        Body: b'{"server": {"id": "5cdb83bb-9cb5-4e3d-9971-6289ea492424", "links": [{"rel": "self", "href": "http://172.21.16.48/compute/v2.1/servers/5cdb83bb-9cb5-4e3d-9971-6289ea492424"}, {"rel": "bookmark", "href": "http://172.21.16.48/compute/servers/5cdb83bb-9cb5-4e3d-9971-6289ea492424"}], "OS-DCF:diskConfig": "MANUAL", "security_groups": [{"name": "tempest-securitygroup--876699773"}], "adminPass": "nRVBLvs67DzF"}}'
2026-09-07 10:33:22,359 1673250 INFO     [tempest.lib.common.rest_client] Request (SnapshotManageAdminTest:test_snapshot_manage_with_attached_volume): 200 GET http://172.21.16.48/compute/v2.1/servers/5cdb83bb-9cb5-4e3d-9971-6289ea492424 0.054s
2026-09-07 10:33:22,359 1673250 DEBUG    [tempest.lib.common.rest_client] Request - Headers: {'Content-Type': 'application/json', 'Accept': 'application/json', 'X-Auth-Token': '<omitted>'}
        Body: None
    Response - Headers: {'date': 'Mon, 07 Sep 2026 02:33:22 GMT', 'server': 'Apache/2.4.58 (Ubuntu)', 'content-length': '1244', 'content-type': 'application/json', 'openstack-api-version': 'compute 2.1', 'x-openstack-nova-api-version': '2.1', 'vary': 'OpenStack-API-Version,X-OpenStack-Nova-API-Version', 'x-openstack-request-id': 'req-a0a06089-3bbe-4f30-be3d-c07a8220ead8', 'x-compute-request-id': 'req-a0a06089-3bbe-4f30-be3d-c07a8220ead8', 'connection': 'close', 'status': '200', 'content-location': 'http://172.21.16.48/compute/v2.1/servers/5cdb83bb-9cb5-4e3d-9971-6289ea492424'}
        Body: b'{"server": {"accessIPv4": "", "accessIPv6": "", "addresses": {}, "created": "2026-09-07T02:33:22Z", "flavor": {"id": "42", "links": [{"rel": "bookmark", "href": "http://172.21.16.48/compute/flavors/42"}]}, "hostId": "", "id": "5cdb83bb-9cb5-4e3d-9971-6289ea492424", "image": {"id": "c40e0f49-dfcb-4f0c-85f6-961051435368", "links": [{"rel": "bookmark", "href": "http://172.21.16.48/compute/images/c40e0f49-dfcb-4f0c-85f6-961051435368"}]}, "links": [{"rel": "self", "href": "http://172.21.16.48/compute/v2.1/servers/5cdb83bb-9cb5-4e3d-9971-6289ea492424"}, {"rel": "bookmark", "href": "http://172.21.16.48/compute/servers
    /5cdb83bb-9cb5-4e3d-9971-6289ea492424"}], "metadata": {}, "name": "tempest-SnapshotManageAdminTest-instance-568974262", "status": "BUILD", "tenant_id": "4c4c3ff54d9943a3a68f562d80861442", "user_id": "6d387d30751f4123b0728fd3d09385b6", "updated": "2026-09-07T02:33:22Z", "OS-DCF:diskConfig": "MANUAL", "progress": 0, "OS-EXT-AZ:availability_zone": "", "config_drive": "", "key_name": "tempest-keypair-1657999619", "OS-SRV-USG:launched_at": null, "OS-SRV-USG:terminated_at": null, "OS-EXT-STS:task_state": "scheduling", "OS-EXT-STS:vm_state": "building", "OS-EXT-STS:power_state": 0, "os-extended-volumes:volumes_attached": []}}'
2026-09-07 10:33:23,507 1673250 INFO     [tempest.lib.common.rest_client] Request (SnapshotManageAdminTest:test_snapshot_manage_with_attached_volume): 200 GET http://172.21.16.48/compute/v2.1/servers/5cdb83bb-9cb5-4e3d-9971-6289ea492424 0.139s
2026-09-07 10:33:23,507 1673250 DEBUG    [tempest.lib.common.rest_client] Request - Headers: {'Content-Type': 'application/json', 'Accept': 'application/json', 'X-Auth-Token': '<omitted>'}
        Body: None
    Response - Headers: {'date': 'Mon, 07 Sep 2026 02:33:23 GMT', 'server': 'Apache/2.4.58 (Ubuntu)', 'content-length': '1369', 'content-type': 'application/json', 'openstack-api-version': 'compute 2.1', 'x-openstack-nova-api-version': '2.1', 'vary': 'OpenStack-API-Version,X-OpenStack-Nova-API-Version', 'x-openstack-request-id': 'req-c42261be-59f8-4115-901e-aaaa7265c0f4', 'x-compute-request-id': 'req-c42261be-59f8-4115-901e-aaaa7265c0f4', 'connection': 'close', 'status': '200', 'content-location': 'http://172.21.16.48/compute/v2.1/servers/5cdb83bb-9cb5-4e3d-9971-6289ea492424'}
        Body: b'{"server": {"accessIPv4": "", "accessIPv6": "", "addresses": {}, "created": "2026-09-07T02:33:22Z", "flavor": {"id": "42", "links": [{"rel": "bookmark", "href": "http://172.21.16.48/compute/flavors/42"}]}, "hostId": "51ba1d02130badba699ba95ae9da1b8d0d2c4dae92318f48cc6c74b0", "id": "5cdb83bb-9cb5-4e3d-9971-6289ea492424", "image": {"id": "c40e0f49-dfcb-4f0c-85f6-961051435368", "links": [{"rel": "bookmark", "href": "http://172.21.16.48/compute/images/c40e0f49-dfcb-4f0c-85f6-961051435368"}]}, "links": [{"rel": "self", "href": "http://172.21.16.48/compute/v2.1/servers/5cdb83bb-9cb5-4e3d-9971-6289ea492424"}, {"rel": "bookmark", "href": "http://172.21.16.48/compute/servers/5cdb83bb-9cb5-4e3d-9971-6289ea492424"}], "metadata": {}, "name": "tempest-SnapshotManageAdminTest-instance-568974262", "status": "BUILD", "tenant_id": "4c4c3ff54d9943a3a68f562d80861442", "user_id": "6d387d30751f4123b0728fd3d09385b6", "updated": "2026-09-07T02:33:23Z", "OS-DCF:diskConfig": "MANUAL", "progress": 0, "OS-EXT-AZ:availability_zone": "nova", "config_drive": "", "key_name": "tempest-keypair-1657999619", "OS-SRV-USG:launched_at": null, "OS-SRV-USG:terminated_at": null, "security_groups": [{"name": "tempest-securitygroup--876699773"}], "OS-EXT-STS:task_state": "spawning", "OS-EXT-STS:vm_state": "building", "OS-EXT-STS:power_state": 0, "os-extended-volumes:volumes_attached": []}}'
2026-09-07 10:33:23,515 1673250 INFO     [tempest.common.waiters] State transition "BUILD/scheduling" ==> "BUILD/spawning" after 1 second wait
2026-09-07 10:33:24,624 1673250 INFO     [tempest.lib.common.rest_client] Request (SnapshotManageAdminTest:test_snapshot_manage_with_attached_volume): 200 GET http://172.21.16.48/compute/v2.1/servers/5cdb83bb-9cb5-4e3d-9971-6289ea492424 0.109s
2026-09-07 10:33:24,624 1673250 DEBUG    [tempest.lib.common.rest_client] Request - Headers: {'Content-Type': 'application/json', 'Accept': 'application/json', 'X-Auth-Token': '<omitted>'}
        Body: None
    Response - Headers: {'date': 'Mon, 07 Sep 2026 02:33:24 GMT', 'server': 'Apache/2.4.58 (Ubuntu)', 'content-length': '1369', 'content-type': 'application/json', 'openstack-api-version': 'compute 2.1', 'x-openstack-nova-api-version': '2.1', 'vary': 'OpenStack-API-Version,X-OpenStack-Nova-API-Version', 'x-openstack-request-id': 'req-a038ae30-6113-48a8-855d-32981df9275d', 'x-compute-request-id': 'req-a038ae30-6113-48a8-855d-32981df9275d', 'connec
    tion': 'close', 'status': '200', 'content-location': 'http://172.21.16.48/compute/v2.1/servers/5cdb83bb-9cb5-4e3d-9971-6289ea492424'}
        Body: b'{"server": {"accessIPv4": "", "accessIPv6": "", "addresses": {}, "created": "2026-09-07T02:33:22Z", "flavor": {"id": "42", "links": [{"rel": "bookmark", "href": "http://172.21.16.48/compute/flavors/42"}]}, "hostId": "51ba1d02130badba699ba95ae9da1b8d0d2c4dae92318f48cc6c74b0", "id": "5cdb83bb-9cb5-4e3d-9971-6289ea492424", "image": {"id": "c40e0f49-dfcb-4f0c-85f6-961051435368", "links": [{"rel": "bookmark", "href": "http://172.21.16.48/compute/images/c40e0f49-dfcb-4f0c-85f6-961051435368"}]}, "links": [{"rel": "self", "href": "http://172.21.16.48/compute/v2.1/servers/5cdb83bb-9cb5-4e3d-9971-6289ea492424"}, {"rel": "bookmark", "href": "http://172.21.16.48/compute/servers/5cdb83bb-9cb5-4e3d-9971-6289ea492424"}], "metadata": {}, "name": "tempest-SnapshotManageAdminTest-instance-568974262", "status": "BUILD", "tenant_id": "4c4c3ff54d9943a3a68f562d80861442", "user_id": "6d387d30751f4123b0728fd3d09385b6", "updated": "2026-09-07T02:33:23Z", "OS-DCF:diskConfig": "MANUAL", "progress": 0, "OS-EXT-AZ:availability_zone": "nova", "config_drive": "", "key_name": "tempest-keypair-1657999619", "OS-SRV-USG:launched_at": null, "OS-SRV-USG:terminated_at": null, "security_groups": [{"name": "tempest-securitygroup--876699773"}], "OS-EXT-STS:task_state": "spawning", "OS-EXT-STS:vm_state": "building", "OS-EXT-STS:power_state": 0, "os-extended-volumes:volumes_attached": []}}'
2026-09-07 10:33:25,732 1673250 INFO     [tempest.lib.common.rest_client] Request (SnapshotManageAdminTest:test_snapshot_manage_with_attached_volume): 200 GET http://172.21.16.48/compute/v2.1/servers/5cdb83bb-9cb5-4e3d-9971-6289ea492424 0.099s
2026-09-07 10:33:25,732 1673250 DEBUG    [tempest.lib.common.rest_client] Request - Headers: {'Content-Type': 'application/json', 'Accept': 'application/json', 'X-Auth-Token': '<omitted>'}
        Body: None
    Response - Headers: {'date': 'Mon, 07 Sep 2026 02:33:25 GMT', 'server': 'Apache/2.4.58 (Ubuntu)', 'content-length': '1369', 'content-type': 'application/json', 'openstack-api-version': 'compute 2.1', 'x-openstack-nova-api-version': '2.1', 'vary': 'OpenStack-API-Version,X-OpenStack-Nova-API-Version', 'x-openstack-request-id': 'req-745a2db9-cdcd-49cd-b1f0-968972704d5a', 'x-compute-request-id': 'req-745a2db9-cdcd-49cd-b1f0-968972704d5a', 'connection': 'close', 'status': '200', 'content-location': 'http://172.21.16.48/compute/v2.1/servers/5cdb83bb-9cb5-4e3d-9971-6289ea492424'}
        Body: b'{"server": {"accessIPv4": "", "accessIPv6": "", "addresses": {}, "created": "2026-09-07T02:33:22Z", "flavor": {"id": "42", "links": [{"rel": "bookmark", "href": "http://172.21.16.48/compute/flavors/42"}]}, "hostId": "51ba1d02130badba699ba95ae9da1b8d0d2c4dae92318f48cc6c74b0", "id": "5cdb83bb-9cb5-4e3d-9971-6289ea492424", "image": {"id": "c40e0f49-dfcb-4f0c-85f6-961051435368", "links": [{"rel": "bookmark", "href": "http://172.21.16.48/compute/images/c40e0f49-dfcb-4f0c-85f6-961051435368"}]}, "links": [{"rel": "self", "href": "http://172.21.16.48/compute/v2.1/servers/5cdb83bb-9cb5-4e3d-9971-6289ea492424"}, {"rel": "bookmark", "href": "http://172.21.16.48/compute/servers/5cdb83bb-9cb5-4e3d-9971-6289ea492424"}], "metadata": {}, "name": "tempest-SnapshotManageAdminTest-instance-568974262", "status": "BUILD", "tenant_id": "4c4c3ff54d9943a3a68f562d80861442", "user_id": "6d387d30751f4123b0728fd3d09385b6", "updated": "2026-09-07T02:33:23Z", "OS-DCF:diskConfig": "MANUAL", "progress": 0, "OS-EXT-AZ:availability_zone": "nova", "config_drive": "", "key_name": "tempest-keypair-1657999619", "OS-SRV-USG:launched_at": null, "OS-SRV-USG:terminated_at": null, "security_groups": [{"name": "tempest-securitygroup--876699773"}], "OS-EXT-STS:task_state": "spawning", "OS-EXT-STS:vm_state": "building", "OS-EXT-STS:power_state": 0, "os-extended-volumes:volumes_attached": []}}'
2026-09-07 10:33:26,875 1673250 INFO     [tempest.lib.common.rest_client] Request (SnapshotManageAdminTest:test_snapshot_manage_with_attached_volume): 2
    00 GET http://172.21.16.48/compute/v2.1/servers/5cdb83bb-9cb5-4e3d-9971-6289ea492424 0.132s
2026-09-07 10:33:26,875 1673250 DEBUG    [tempest.lib.common.rest_client] Request - Headers: {'Content-Type': 'application/json', 'Accept': 'application/json', 'X-Auth-Token': '<omitted>'}
        Body: None
    Response - Headers: {'date': 'Mon, 07 Sep 2026 02:33:26 GMT', 'server': 'Apache/2.4.58 (Ubuntu)', 'content-length': '1553', 'content-type': 'application/json', 'openstack-api-version': 'compute 2.1', 'x-openstack-nova-api-version': '2.1', 'vary': 'OpenStack-API-Version,X-OpenStack-Nova-API-Version', 'x-openstack-request-id': 'req-95d947f0-b55b-48d3-92d6-edca7c2c4110', 'x-compute-request-id': 'req-95d947f0-b55b-48d3-92d6-edca7c2c4110', 'connection': 'close', 'status': '200', 'content-location': 'http://172.21.16.48/compute/v2.1/servers/5cdb83bb-9cb5-4e3d-9971-6289ea492424'}
        Body: b'{"server": {"accessIPv4": "", "accessIPv6": "", "addresses": {"tempest-SnapshotManageAdminTest-2002102460-network": [{"version": 4, "addr": "10.0.0.12", "OS-EXT-IPS:type": "fixed", "OS-EXT-IPS-MAC:mac_addr": "fa:16:3e:5d:d7:0c"}]}, "created": "2026-09-07T02:33:22Z", "flavor": {"id": "42", "links": [{"rel": "bookmark", "href": "http://172.21.16.48/compute/flavors/42"}]}, "hostId": "51ba1d02130badba699ba95ae9da1b8d0d2c4dae92318f48cc6c74b0", "id": "5cdb83bb-9cb5-4e3d-9971-6289ea492424", "image": {"id": "c40e0f49-dfcb-4f0c-85f6-961051435368", "links": [{"rel": "bookmark", "href": "http://172.21.16.48/compute/images/c40e0f49-dfcb-4f0c-85f6-961051435368"}]}, "links": [{"rel": "self", "href": "http://172.21.16.48/compute/v2.1/servers/5cdb83bb-9cb5-4e3d-9971-6289ea492424"}, {"rel": "bookmark", "href": "http://172.21.16.48/compute/servers/5cdb83bb-9cb5-4e3d-9971-6289ea492424"}], "metadata": {}, "name": "tempest-SnapshotManageAdminTest-instance-568974262", "status": "ACTIVE", "tenant_id": "4c4c3ff54d9943a3a68f562d80861442", "user_id": "6d387d30751f4123b0728fd3d09385b6", "updated": "2026-09-07T02:33:26Z", "OS-DCF:diskConfig": "MANUAL", "progress": 0, "OS-EXT-AZ:availability_zone": "nova", "config_drive": "", "key_name": "tempest-keypair-1657999619", "OS-SRV-USG:launched_at": "2026-09-07T02:33:25.000000", "OS-SRV-USG:terminated_at": null, "security_groups": [{"name": "tempest-securitygroup--876699773"}], "OS-EXT-STS:task_state": null, "OS-EXT-STS:vm_state": "active", "OS-EXT-STS:power_state": 1, "os-extended-volumes:volumes_attached": []}}'
2026-09-07 10:33:26,883 1673250 INFO     [tempest.common.waiters] State transition "BUILD/spawning" ==> "ACTIVE/None" after 4 second wait
2026-09-07 10:33:26,972 1673250 INFO     [tempest.lib.common.rest_client] Request (SnapshotManageAdminTest:test_snapshot_manage_with_attached_volume): 200 GET http://172.21.16.48/compute/v2.1/servers/5cdb83bb-9cb5-4e3d-9971-6289ea492424/os-interface 0.089s
2026-09-07 10:33:26,972 1673250 DEBUG    [tempest.lib.common.rest_client] Request - Headers: {'Content-Type': 'application/json', 'Accept': 'application/json', 'X-Auth-Token': '<omitted>'}
        Body: None
    Response - Headers: {'date': 'Mon, 07 Sep 2026 02:33:26 GMT', 'server': 'Apache/2.4.58 (Ubuntu)', 'content-length': '283', 'content-type': 'application/json', 'openstack-api-version': 'compute 2.1', 'x-openstack-nova-api-version': '2.1', 'vary': 'OpenStack-API-Version,X-OpenStack-Nova-API-Version', 'x-openstack-request-id': 'req-d1cda193-40e4-43a9-817d-f69c9b8a7e85', 'x-compute-request-id': 'req-d1cda193-40e4-43a9-817d-f69c9b8a7e85', 'connection': 'close', 'status': '200', 'content-location': 'http://172.21.16.48/compute/v2.1/servers/5cdb83bb-9cb5-4e3d-9971-6289ea492424/os-interface'}
        Body: b'{"interfaceAttachments": [{"net_id": "13ca429d-518e-4144-8b23-f1f2d37e3537", "port_id": "43a7e452-5df1-4531-bf8d-2ec7893ac54d", "mac_addr": "fa:16:3e:5d:d7:0c", "port_state": "ACTIVE", "fixed_ips": [{"subnet_id": "0c986274-4ca9-4843-9060-d273eed5ade3", "ip_address": "10.0.0.12"}]}]}'
2026-09-07 10:33:27,590 1673250 INFO     [tempest.lib.common.rest_client] Request (SnapshotManageAdminTest:test_snapshot_manage_with_attached
    _volume): 200 PUT http://172.21.16.48/networking/v2.0/floatingips/b967c03d-213a-4b4b-b4ed-beff4616a8a4 0.613s
2026-09-07 10:33:27,590 1673250 DEBUG    [tempest.lib.common.rest_client] Request - Headers: {'Content-Type': 'application/json', 'Accept': 'application/json', 'X-Auth-Token': '<omitted>'}
        Body: {"floatingip": {"port_id": "43a7e452-5df1-4531-bf8d-2ec7893ac54d"}}
    Response - Headers: {'date': 'Mon, 07 Sep 2026 02:33:26 GMT', 'server': 'Apache/2.4.58 (Ubuntu)', 'content-type': 'application/json', 'content-length': '829', 'x-openstack-request-id': 'req-722a6aee-81ed-4cca-8317-d319f5fb7dd8', 'connection': 'close', 'status': '200', 'content-location': 'http://172.21.16.48/networking/v2.0/floatingips/b967c03d-213a-4b4b-b4ed-beff4616a8a4'}
        Body: b'{"floatingip": {"id": "b967c03d-213a-4b4b-b4ed-beff4616a8a4", "tenant_id": "4c4c3ff54d9943a3a68f562d80861442", "project_id": "4c4c3ff54d9943a3a68f562d80861442", "floating_ip_address": "172.24.4.11", "floating_network_id": "e2d5f11b-7246-4b85-99f0-3458bc853ed6", "router_id": "60b26ff0-8532-4cf9-84ae-28ff333118a3", "port_id": "43a7e452-5df1-4531-bf8d-2ec7893ac54d", "fixed_ip_address": "10.0.0.12", "status": "DOWN", "description": "", "port_details": {"name": "", "network_id": "13ca429d-518e-4144-8b23-f1f2d37e3537", "mac_address": "fa:16:3e:5d:d7:0c", "admin_state_up": true, "status": "ACTIVE", "device_id": "5cdb83bb-9cb5-4e3d-9971-6289ea492424", "device_owner": "compute:nova"}, "dns_domain": "", "dns_name": "", "tags": [], "created_at": "2026-09-07T02:33:21Z", "updated_at": "2026-09-07T02:33:27Z", "revision_number": 1}}'
2026-09-07 10:33:27,591 1673250 INFO     [tempest.lib.common.ssh] Creating ssh connection to '172.24.4.11:22' as 'cirros' with public key authentication
2026-09-07 10:33:38,795 1673250 INFO     [paramiko.transport] Connected (version 2.0, client dropbear_2020.81)
2026-09-07 10:33:38,894 1673250 INFO     [paramiko.transport] Authentication (publickey) successful!
2026-09-07 10:33:38,895 1673250 INFO     [tempest.lib.common.ssh] ssh connection to cirros@172.24.4.11 successfully created
2026-09-07 10:33:39,110 1673250 INFO     [tempest.lib.common.rest_client] Request (SnapshotManageAdminTest:test_snapshot_manage_with_attached_volume): 200 POST http://172.21.16.48/compute/v2.1/servers/5cdb83bb-9cb5-4e3d-9971-6289ea492424/os-volume_attachments 0.215s
2026-09-07 10:33:39,110 1673250 DEBUG    [tempest.lib.common.rest_client] Request - Headers: {'Content-Type': 'application/json', 'Accept': 'application/json', 'X-Auth-Token': '<omitted>'}
        Body: {"volumeAttachment": {"volumeId": "6f4b9d2c-22fd-4250-9bd3-8e010003a7cd", "device": "/dev/vdb"}}
    Response - Headers: {'date': 'Mon, 07 Sep 2026 02:33:38 GMT', 'server': 'Apache/2.4.58 (Ubuntu)', 'content-length': '194', 'content-type': 'application/json', 'openstack-api-version': 'compute 2.1', 'x-openstack-nova-api-version': '2.1', 'vary': 'OpenStack-API-Version,X-OpenStack-Nova-API-Version', 'x-openstack-request-id': 'req-d4cc0c17-4b3b-43cf-b40d-6389f1d3dab1', 'x-compute-request-id': 'req-d4cc0c17-4b3b-43cf-b40d-6389f1d3dab1', 'connection': 'close', 'status': '200', 'content-location': 'http://172.21.16.48/compute/v2.1/servers/5cdb83bb-9cb5-4e3d-9971-6289ea492424/os-volume_attachments'}
        Body: b'{"volumeAttachment": {"id": "6f4b9d2c-22fd-4250-9bd3-8e010003a7cd", "serverId": "5cdb83bb-9cb5-4e3d-9971-6289ea492424", "volumeId": "6f4b9d2c-22fd-4250-9bd3-8e010003a7cd", "device": "/dev/vdb"}}'
2026-09-07 10:33:39,138 1673250 INFO     [tempest.lib.common.rest_client] Request (SnapshotManageAdminTest:test_snapshot_manage_with_attached_volume): 200 GET http://172.21.16.48/volume/v3/volumes/6f4b9d2c-22fd-4250-9bd3-8e010003a7cd 0.026s
2026-09-07 10:33:39,138 1673250 DEBUG    [tempest.lib.common.rest_client] Request - Headers: {'Content-Type': 'application/json', 'Accept': 'application/json', 'X-Auth-Token': '<omitted>'}
        Body: None
    Response - Headers: {'date': 'Mon, 07 Sep 2026 02:33:39 GMT', 'server': 'Apache/2.4.58 (Ubuntu)', 'content-type': 'application/json', 'x-compute-request-id': 're
    q-7ba79cc8-9445-47a9-80d8-7948b216e812', 'content-length': '896', 'openstack-api-version': 'volume 3.0', 'vary': 'OpenStack-API-Version', 'x-openstack-request-id': 'req-7ba79cc8-9445-47a9-80d8-7948b216e812', 'connection': 'close', 'status': '200', 'content-location': 'http://172.21.16.48/volume/v3/volumes/6f4b9d2c-22fd-4250-9bd3-8e010003a7cd'}
        Body: b'{"volume": {"id": "6f4b9d2c-22fd-4250-9bd3-8e010003a7cd", "status": "reserved", "size": 1, "availability_zone": "nova", "created_at": "2026-09-07T02:33:17.000000", "updated_at": "2026-09-07T02:33:39.000000", "name": "tempest-SnapshotManageAdminTest-Volume-1291152031", "description": null, "volume_type": "__DEFAULT__", "snapshot_id": null, "source_volid": null, "metadata": {"lun_wwn": "60015eb66a909169e400110000002eb4"}, "links": [{"rel": "self", "href": "http://172.21.16.48/volume/v3/volumes/6f4b9d2c-22fd-4250-9bd3-8e010003a7cd"}, {"rel": "bookmark", "href": "http://172.21.16.48/volume/volumes/6f4b9d2c-22fd-4250-9bd3-8e010003a7cd"}], "user_id": "6d387d30751f4123b0728fd3d09385b6", "bootable": "false", "encrypted": false, "replication_status": null, "consistencygroup_id": null, "multiattach": false, "attachments": [], "os-vol-tenant-attr:tenant_id": "4c4c3ff54d9943a3a68f562d80861442"}}'
2026-09-07 10:33:40,173 1673250 INFO     [tempest.lib.common.rest_client] Request (SnapshotManageAdminTest:test_snapshot_manage_with_attached_volume): 200 GET http://172.21.16.48/volume/v3/volumes/6f4b9d2c-22fd-4250-9bd3-8e010003a7cd 0.027s
2026-09-07 10:33:40,173 1673250 DEBUG    [tempest.lib.common.rest_client] Request - Headers: {'Content-Type': 'application/json', 'Accept': 'application/json', 'X-Auth-Token': '<omitted>'}
        Body: None
    Response - Headers: {'date': 'Mon, 07 Sep 2026 02:33:40 GMT', 'server': 'Apache/2.4.58 (Ubuntu)', 'content-type': 'application/json', 'x-compute-request-id': 'req-05b89b9b-425e-4e79-af07-909aea883ba3', 'content-length': '896', 'openstack-api-version': 'volume 3.0', 'vary': 'OpenStack-API-Version', 'x-openstack-request-id': 'req-05b89b9b-425e-4e79-af07-909aea883ba3', 'connection': 'close', 'status': '200', 'content-location': 'http://172.21.16.48/volume/v3/volumes/6f4b9d2c-22fd-4250-9bd3-8e010003a7cd'}
        Body: b'{"volume": {"id": "6f4b9d2c-22fd-4250-9bd3-8e010003a7cd", "status": "reserved", "size": 1, "availability_zone": "nova", "created_at": "2026-09-07T02:33:17.000000", "updated_at": "2026-09-07T02:33:39.000000", "name": "tempest-SnapshotManageAdminTest-Volume-1291152031", "description": null, "volume_type": "__DEFAULT__", "snapshot_id": null, "source_volid": null, "metadata": {"lun_wwn": "60015eb66a909169e400110000002eb4"}, "links": [{"rel": "self", "href": "http://172.21.16.48/volume/v3/volumes/6f4b9d2c-22fd-4250-9bd3-8e010003a7cd"}, {"rel": "bookmark", "href": "http://172.21.16.48/volume/volumes/6f4b9d2c-22fd-4250-9bd3-8e010003a7cd"}], "user_id": "6d387d30751f4123b0728fd3d09385b6", "bootable": "false", "encrypted": false, "replication_status": null, "consistencygroup_id": null, "multiattach": false, "attachments": [], "os-vol-tenant-attr:tenant_id": "4c4c3ff54d9943a3a68f562d80861442"}}'
2026-09-07 10:33:41,206 1673250 INFO     [tempest.lib.common.rest_client] Request (SnapshotManageAdminTest:test_snapshot_manage_with_attached_volume): 200 GET http://172.21.16.48/volume/v3/volumes/6f4b9d2c-22fd-4250-9bd3-8e010003a7cd 0.025s
2026-09-07 10:33:41,207 1673250 DEBUG    [tempest.lib.common.rest_client] Request - Headers: {'Content-Type': 'application/json', 'Accept': 'application/json', 'X-Auth-Token': '<omitted>'}
        Body: None
    Response - Headers: {'date': 'Mon, 07 Sep 2026 02:33:41 GMT', 'server': 'Apache/2.4.58 (Ubuntu)', 'content-type': 'application/json', 'x-compute-request-id': 'req-dce2fe99-dde0-472b-8b83-772e00c7fa1b', 'content-length': '897', 'openstack-api-version': 'volume 3.0', 'vary': 'OpenStack-API-Version', 'x-openstack-request-id': 'req-dce2fe99-dde0-472b-8b83-772e00c7fa1b', 'connection': 'close', 'status': '200', 'content-location': 'http://172.21.16.48/volume/v3/volumes/6f4b9d2c-22fd-4250-9bd3-8e010003a7cd'}
  
          Body: b'{"volume": {"id": "6f4b9d2c-22fd-4250-9bd3-8e010003a7cd", "status": "attaching", "size": 1, "availability_zone": "nova", "created_at": "2026-09-07T02:33:17.000000", "updated_at": "2026-09-07T02:33:41.000000", "name": "tempest-SnapshotManageAdminTest-Volume-1291152031", "description": null, "volume_type": "__DEFAULT__", "snapshot_id": null, "source_volid": null, "metadata": {"lun_wwn": "60015eb66a909169e400110000002eb4"}, "links": [{"rel": "self", "href": "http://172.21.16.48/volume/v3/volumes/6f4b9d2c-22fd-4250-9bd3-8e010003a7cd"}, {"rel": "bookmark", "href": "http://172.21.16.48/volume/volumes/6f4b9d2c-22fd-4250-9bd3-8e010003a7cd"}], "user_id": "6d387d30751f4123b0728fd3d09385b6", "bootable": "false", "encrypted": false, "replication_status": null, "consistencygroup_id": null, "multiattach": false, "attachments": [], "os-vol-tenant-attr:tenant_id": "4c4c3ff54d9943a3a68f562d80861442"}}'
2026-09-07 10:33:42,241 1673250 INFO     [tempest.lib.common.rest_client] Request (SnapshotManageAdminTest:test_snapshot_manage_with_attached_volume): 200 GET http://172.21.16.48/volume/v3/volumes/6f4b9d2c-22fd-4250-9bd3-8e010003a7cd 0.027s
2026-09-07 10:33:42,241 1673250 DEBUG    [tempest.lib.common.rest_client] Request - Headers: {'Content-Type': 'application/json', 'Accept': 'application/json', 'X-Auth-Token': '<omitted>'}
        Body: None
    Response - Headers: {'date': 'Mon, 07 Sep 2026 02:33:42 GMT', 'server': 'Apache/2.4.58 (Ubuntu)', 'content-type': 'application/json', 'x-compute-request-id': 'req-af788826-376d-480b-b4bf-fb78045e2279', 'content-length': '897', 'openstack-api-version': 'volume 3.0', 'vary': 'OpenStack-API-Version', 'x-openstack-request-id': 'req-af788826-376d-480b-b4bf-fb78045e2279', 'connection': 'close', 'status': '200', 'content-location': 'http://172.21.16.48/volume/v3/volumes/6f4b9d2c-22fd-4250-9bd3-8e010003a7cd'}
        Body: b'{"volume": {"id": "6f4b9d2c-22fd-4250-9bd3-8e010003a7cd", "status": "attaching", "size": 1, "availability_zone": "nova", "created_at": "2026-09-07T02:33:17.000000", "updated_at": "2026-09-07T02:33:41.000000", "name": "tempest-SnapshotManageAdminTest-Volume-1291152031", "description": null, "volume_type": "__DEFAULT__", "snapshot_id": null, "source_volid": null, "metadata": {"lun_wwn": "60015eb66a909169e400110000002eb4"}, "links": [{"rel": "self", "href": "http://172.21.16.48/volume/v3/volumes/6f4b9d2c-22fd-4250-9bd3-8e010003a7cd"}, {"rel": "bookmark", "href": "http://172.21.16.48/volume/volumes/6f4b9d2c-22fd-4250-9bd3-8e010003a7cd"}], "user_id": "6d387d30751f4123b0728fd3d09385b6", "bootable": "false", "encrypted": false, "replication_status": null, "consistencygroup_id": null, "multiattach": false, "attachments": [], "os-vol-tenant-attr:tenant_id": "4c4c3ff54d9943a3a68f562d80861442"}}'
2026-09-07 10:33:43,273 1673250 INFO     [tempest.lib.common.rest_client] Request (SnapshotManageAdminTest:test_snapshot_manage_with_attached_volume): 200 GET http://172.21.16.48/volume/v3/volumes/6f4b9d2c-22fd-4250-9bd3-8e010003a7cd 0.024s
2026-09-07 10:33:43,273 1673250 DEBUG    [tempest.lib.common.rest_client] Request - Headers: {'Content-Type': 'application/json', 'Accept': 'application/json', 'X-Auth-Token': '<omitted>'}
        Body: None
    Response - Headers: {'date': 'Mon, 07 Sep 2026 02:33:43 GMT', 'server': 'Apache/2.4.58 (Ubuntu)', 'content-type': 'application/json', 'x-compute-request-id': 'req-7fb62fd6-a8e1-432f-8d15-09c3bda4772e', 'content-length': '1189', 'openstack-api-version': 'volume 3.0', 'vary': 'OpenStack-API-Version', 'x-openstack-request-id': 'req-7fb62fd6-a8e1-432f-8d15-09c3bda4772e', 'connection': 'close', 'status': '200', 'content-location': 'http://172.21.16.48/volume/v3/volumes/6f4b9d2c-22fd-4250-9bd3-8e010003a7cd'}
        Body: b'{"volume": {"id": "6f4b9d2c-22fd-4250-9bd3-8e010003a7cd", "status": "in-use", "size": 1, "availability_zone": "nova", "created_at": "2026-09-07T02:33:17.000000", "updated_at": "2026-09-07T02:33:43.000000", "name": "tempest-SnapshotManageAdminTest-Volume-1291152031", "description": null, "volume_type": "__DEFAULT__", "snapshot_id"
    : null, "source_volid": null, "metadata": {"lun_wwn": "60015eb66a909169e400110000002eb4"}, "links": [{"rel": "self", "href": "http://172.21.16.48/volume/v3/volumes/6f4b9d2c-22fd-4250-9bd3-8e010003a7cd"}, {"rel": "bookmark", "href": "http://172.21.16.48/volume/volumes/6f4b9d2c-22fd-4250-9bd3-8e010003a7cd"}], "user_id": "6d387d30751f4123b0728fd3d09385b6", "bootable": "false", "encrypted": false, "replication_status": null, "consistencygroup_id": null, "multiattach": false, "attachments": [{"id": "6f4b9d2c-22fd-4250-9bd3-8e010003a7cd", "attachment_id": "552113b7-329d-4505-8f55-176568957c09", "volume_id": "6f4b9d2c-22fd-4250-9bd3-8e010003a7cd", "server_id": "5cdb83bb-9cb5-4e3d-9971-6289ea492424", "host_name": null, "device": "/dev/vdb", "attached_at": "2026-09-07T02:33:41.000000"}], "os-vol-tenant-attr:tenant_id": "4c4c3ff54d9943a3a68f562d80861442"}}'
2026-09-07 10:33:43,280 1673250 INFO     [tempest.common.waiters] volume 6f4b9d2c-22fd-4250-9bd3-8e010003a7cd reached in-use after waiting for 4.280931 seconds
2026-09-07 10:33:43,434 1673250 INFO     [tempest.lib.common.rest_client] Request (SnapshotManageAdminTest:test_snapshot_manage_with_attached_volume): 202 POST http://172.21.16.48/volume/v3/snapshots/d23096cb-f82e-4f67-ac80-eb6d103c848c/action 0.153s
2026-09-07 10:33:43,434 1673250 DEBUG    [tempest.lib.common.rest_client] Request - Headers: {'Content-Type': 'application/json', 'Accept': 'application/json', 'X-Auth-Token': '<omitted>'}
        Body: {"os-unmanage": {}}
    Response - Headers: {'date': 'Mon, 07 Sep 2026 02:33:43 GMT', 'server': 'Apache/2.4.58 (Ubuntu)', 'content-length': '0', 'content-type': 'text/html; charset=UTF-8', 'openstack-api-version': 'volume 3.0', 'vary': 'OpenStack-API-Version', 'x-openstack-request-id': 'req-13ca77cb-2da8-474f-b88a-7eb0c0c0ca13', 'connection': 'close', 'status': '202', 'content-location': 'http://172.21.16.48/volume/v3/snapshots/d23096cb-f82e-4f67-ac80-eb6d103c848c/action'}
        Body: b''
2026-09-07 10:33:43,449 1673250 INFO     [tempest.lib.common.rest_client] Request (SnapshotManageAdminTest:test_snapshot_manage_with_attached_volume): 200 GET http://172.21.16.48/volume/v3/snapshots/d23096cb-f82e-4f67-ac80-eb6d103c848c 0.014s
2026-09-07 10:33:43,449 1673250 DEBUG    [tempest.lib.common.rest_client] Request - Headers: {'Content-Type': 'application/json', 'Accept': 'application/json', 'X-Auth-Token': '<omitted>'}
        Body: None
    Response - Headers: {'date': 'Mon, 07 Sep 2026 02:33:43 GMT', 'server': 'Apache/2.4.58 (Ubuntu)', 'content-type': 'application/json', 'x-compute-request-id': 'req-ad493754-0bb3-4ea7-b360-d8df72fa3dc3', 'content-length': '642', 'openstack-api-version': 'volume 3.0', 'vary': 'OpenStack-API-Version', 'x-openstack-request-id': 'req-ad493754-0bb3-4ea7-b360-d8df72fa3dc3', 'connection': 'close', 'status': '200', 'content-location': 'http://172.21.16.48/volume/v3/snapshots/d23096cb-f82e-4f67-ac80-eb6d103c848c'}
        Body: b'{"snapshot": {"id": "d23096cb-f82e-4f67-ac80-eb6d103c848c", "created_at": "2026-09-07T02:33:20.000000", "updated_at": "2026-09-07T02:33:43.000000", "name": "tempest-SnapshotManageAdminTest-Snapshot-1314351620", "description": null, "volume_id": "6f4b9d2c-22fd-4250-9bd3-8e010003a7cd", "status": "unmanaging", "size": 1, "metadata": {"lun_wwn": "60015eb66a909169e400110000002eb5", "snapshot_name": "snapshot-d23096cb-f82e-4f67-ac80-eb6d103c848c", "source_vol": "volume-6f4b9d2c-22fd-4250-9bd3-8e010003a7cd"}, "os-extended-snapshot-attributes:project_id": "4c4c3ff54d9943a3a68f562d80861442", "os-extended-snapshot-attributes:progress": "100%"}}'
2026-09-07 10:33:44,462 1673250 INFO     [tempest.lib.common.rest_client] Request (SnapshotManageAdminTest:test_snapshot_manage_with_attached_volume): 404 GET http://172.21.16.48/volume/v3/snapshots/d23096cb-f82e-4f67-ac80-eb6d103c848c 0.010s
2026-09-07 10:33:44,462 1673250 DEBUG    [tempest.lib.common.rest_client] Request - Headers: {'Content-Type': 'application/json', 'Accept': 'application/json', 'X-Auth-Token': '<omitted>'}
        Body: None
    Response - Headers: {'date': 'Mon, 07 Sep 2026 
    02:33:44 GMT', 'server': 'Apache/2.4.58 (Ubuntu)', 'openstack-api-version': 'volume 3.0', 'vary': 'OpenStack-API-Version', 'content-length': '111', 'content-type': 'application/json', 'x-compute-request-id': 'req-049135e4-d4a2-4892-81ec-d19cecff511d', 'x-openstack-request-id': 'req-049135e4-d4a2-4892-81ec-d19cecff511d', 'connection': 'close', 'status': '404', 'content-location': 'http://172.21.16.48/volume/v3/snapshots/d23096cb-f82e-4f67-ac80-eb6d103c848c'}
        Body: b'{"itemNotFound": {"code": 404, "message": "Snapshot d23096cb-f82e-4f67-ac80-eb6d103c848c could not be found."}}'
2026-09-07 10:33:44,481 1673250 INFO     [tempest.lib.common.rest_client] Request (SnapshotManageAdminTest:test_snapshot_manage_with_attached_volume): 200 GET http://172.21.16.48/volume/v3/snapshots/detail?all_tenants=1 0.018s
2026-09-07 10:33:44,481 1673250 DEBUG    [tempest.lib.common.rest_client] Request - Headers: {'Content-Type': 'application/json', 'Accept': 'application/json', 'X-Auth-Token': '<omitted>'}
        Body: None
    Response - Headers: {'date': 'Mon, 07 Sep 2026 02:33:44 GMT', 'server': 'Apache/2.4.58 (Ubuntu)', 'content-type': 'application/json', 'x-compute-request-id': 'req-ce1eeb49-2d4c-433c-85e4-8acc7ee46fbf', 'content-length': '17', 'openstack-api-version': 'volume 3.0', 'vary': 'OpenStack-API-Version', 'x-openstack-request-id': 'req-ce1eeb49-2d4c-433c-85e4-8acc7ee46fbf', 'connection': 'close', 'status': '200', 'content-location': 'http://172.21.16.48/volume/v3/snapshots/detail?all_tenants=1'}
        Body: b'{"snapshots": []}'
2026-09-07 10:33:44,578 1673250 INFO     [tempest.lib.common.rest_client] Request (SnapshotManageAdminTest:test_snapshot_manage_with_attached_volume): 202 POST http://172.21.16.48/volume/v3/os-snapshot-manage 0.094s
2026-09-07 10:33:44,578 1673250 DEBUG    [tempest.lib.common.rest_client] Request - Headers: {'Content-Type': 'application/json', 'Accept': 'application/json', 'X-Auth-Token': '<omitted>'}
        Body: {"snapshot": {"volume_id": "6f4b9d2c-22fd-4250-9bd3-8e010003a7cd", "ref": {"source-name": "_snapshot-d23096cb-f82e-4f67-ac80-eb6d103c848c"}, "name": "tempest-SnapshotManageAdminTest-Managed-Snapshot-666773340", "description": "tempest-SnapshotManageAdminTest-Managed-Snapshot-Description-1670925421", "metadata": {"manage-snap-meta1": "value1", "manage-snap-meta2": "value2", "manage-snap-meta3": "value3"}}}
    Response - Headers: {'date': 'Mon, 07 Sep 2026 02:33:44 GMT', 'server': 'Apache/2.4.58 (Ubuntu)', 'content-type': 'application/json', 'x-compute-request-id': 'req-ba0557cf-7d5f-43db-9767-dbf1d6e5a760', 'content-length': '477', 'openstack-api-version': 'volume 3.0', 'vary': 'OpenStack-API-Version', 'x-openstack-request-id': 'req-ba0557cf-7d5f-43db-9767-dbf1d6e5a760', 'connection': 'close', 'status': '202', 'content-location': 'http://172.21.16.48/volume/v3/os-snapshot-manage'}
        Body: b'{"snapshot": {"id": "0d495ac5-fd13-4e44-93c9-a29aea3bafcc", "created_at": "2026-09-07T02:33:44.545639", "updated_at": null, "name": "tempest-SnapshotManageAdminTest-Managed-Snapshot-666773340", "description": "tempest-SnapshotManageAdminTest-Managed-Snapshot-Description-1670925421", "volume_id": "6f4b9d2c-22fd-4250-9bd3-8e010003a7cd", "status": "creating", "size": 1, "metadata": {"manage-snap-meta1": "value1", "manage-snap-meta2": "value2", "manage-snap-meta3": "value3"}}}'
2026-09-07 10:33:44,594 1673250 INFO     [tempest.lib.common.rest_client] Request (SnapshotManageAdminTest:test_snapshot_manage_with_attached_volume): 200 GET http://172.21.16.48/volume/v3/snapshots/0d495ac5-fd13-4e44-93c9-a29aea3bafcc 0.013s
2026-09-07 10:33:44,594 1673250 DEBUG    [tempest.lib.common.rest_client] Request - Headers: {'Content-Type': 'application/json', 'Accept': 'application/json', 'X-Auth-Token': '<omitted>'}
        Body: None
    Response - Headers: {'date': 'Mon, 07 Sep 2026 02:33:44 GMT', 'server': 'Apache/2.4.58 (Ubuntu)', 'content-type': 'application/json', 'x-compute-request-id': 'req-4cb74232-be78-45c9-978f-c3dc7680478f', 'content-length': '609', 'openstack-api-version': 'volume 3.0', 'vary': 'O
    penStack-API-Version', 'x-openstack-request-id': 'req-4cb74232-be78-45c9-978f-c3dc7680478f', 'connection': 'close', 'status': '200', 'content-location': 'http://172.21.16.48/volume/v3/snapshots/0d495ac5-fd13-4e44-93c9-a29aea3bafcc'}
        Body: b'{"snapshot": {"id": "0d495ac5-fd13-4e44-93c9-a29aea3bafcc", "created_at": "2026-09-07T02:33:45.000000", "updated_at": null, "name": "tempest-SnapshotManageAdminTest-Managed-Snapshot-666773340", "description": "tempest-SnapshotManageAdminTest-Managed-Snapshot-Description-1670925421", "volume_id": "6f4b9d2c-22fd-4250-9bd3-8e010003a7cd", "status": "creating", "size": 1, "metadata": {"manage-snap-meta1": "value1", "manage-snap-meta2": "value2", "manage-snap-meta3": "value3"}, "os-extended-snapshot-attributes:project_id": "0e0d6ab9af924de08e9fcb893b7051be", "os-extended-snapshot-attributes:progress": "0%"}}'
2026-09-07 10:33:45,610 1673250 INFO     [tempest.lib.common.rest_client] Request (SnapshotManageAdminTest:test_snapshot_manage_with_attached_volume): 200 GET http://172.21.16.48/volume/v3/snapshots/0d495ac5-fd13-4e44-93c9-a29aea3bafcc 0.014s
2026-09-07 10:33:45,610 1673250 DEBUG    [tempest.lib.common.rest_client] Request - Headers: {'Content-Type': 'application/json', 'Accept': 'application/json', 'X-Auth-Token': '<omitted>'}
        Body: None
    Response - Headers: {'date': 'Mon, 07 Sep 2026 02:33:45 GMT', 'server': 'Apache/2.4.58 (Ubuntu)', 'content-type': 'application/json', 'x-compute-request-id': 'req-986f3f88-d8dc-4ba8-896d-6f8a4c6800b3', 'content-length': '630', 'openstack-api-version': 'volume 3.0', 'vary': 'OpenStack-API-Version', 'x-openstack-request-id': 'req-986f3f88-d8dc-4ba8-896d-6f8a4c6800b3', 'connection': 'close', 'status': '200', 'content-location': 'http://172.21.16.48/volume/v3/snapshots/0d495ac5-fd13-4e44-93c9-a29aea3bafcc'}
        Body: b'{"snapshot": {"id": "0d495ac5-fd13-4e44-93c9-a29aea3bafcc", "created_at": "2026-09-07T02:33:45.000000", "updated_at": "2026-09-07T02:33:45.000000", "name": "tempest-SnapshotManageAdminTest-Managed-Snapshot-666773340", "description": "tempest-SnapshotManageAdminTest-Managed-Snapshot-Description-1670925421", "volume_id": "6f4b9d2c-22fd-4250-9bd3-8e010003a7cd", "status": "error", "size": 1, "metadata": {"manage-snap-meta1": "value1", "manage-snap-meta2": "value2", "manage-snap-meta3": "value3"}, "os-extended-snapshot-attributes:project_id": "0e0d6ab9af924de08e9fcb893b7051be", "os-extended-snapshot-attributes:progress": "0%"}}'
2026-09-07 10:33:45,661 1673250 INFO     [tempest.lib.common.rest_client] Request (SnapshotManageAdminTest:_run_cleanups): 202 DELETE http://172.21.16.48/volume/v3/snapshots/0d495ac5-fd13-4e44-93c9-a29aea3bafcc 0.047s
2026-09-07 10:33:45,661 1673250 DEBUG    [tempest.lib.common.rest_client] Request - Headers: {'Content-Type': 'application/json', 'Accept': 'application/json', 'X-Auth-Token': '<omitted>'}
        Body: None
    Response - Headers: {'date': 'Mon, 07 Sep 2026 02:33:45 GMT', 'server': 'Apache/2.4.58 (Ubuntu)', 'content-length': '0', 'content-type': 'text/html; charset=UTF-8', 'openstack-api-version': 'volume 3.0', 'vary': 'OpenStack-API-Version', 'x-openstack-request-id': 'req-6f266bd1-df31-46f0-8edb-decc0c08be60', 'connection': 'close', 'status': '202', 'content-location': 'http://172.21.16.48/volume/v3/snapshots/0d495ac5-fd13-4e44-93c9-a29aea3bafcc'}
        Body: b''
2026-09-07 10:33:45,678 1673250 INFO     [tempest.lib.common.rest_client] Request (SnapshotManageAdminTest:_run_cleanups): 200 GET http://172.21.16.48/volume/v3/snapshots/0d495ac5-fd13-4e44-93c9-a29aea3bafcc 0.016s
2026-09-07 10:33:45,678 1673250 DEBUG    [tempest.lib.common.rest_client] Request - Headers: {'Content-Type': 'application/json', 'Accept': 'application/json', 'X-Auth-Token': '<omitted>'}
        Body: None
    Response - Headers: {'date': 'Mon, 07 Sep 2026 02:33:45 GMT', 'server': 'Apache/2.4.58 (Ubuntu)', 'content-type': 'application/json', 'x-compute-request-id': 'req-2d574ed2-cfc3-45be-a130-f366831d5450', 'content-length': '633', 'openstack-api-version': 'volume 3.0', 'vary': 'OpenStack-API-Version', 'x-
    openstack-request-id': 'req-2d574ed2-cfc3-45be-a130-f366831d5450', 'connection': 'close', 'status': '200', 'content-location': 'http://172.21.16.48/volume/v3/snapshots/0d495ac5-fd13-4e44-93c9-a29aea3bafcc'}
        Body: b'{"snapshot": {"id": "0d495ac5-fd13-4e44-93c9-a29aea3bafcc", "created_at": "2026-09-07T02:33:45.000000", "updated_at": "2026-09-07T02:33:46.000000", "name": "tempest-SnapshotManageAdminTest-Managed-Snapshot-666773340", "description": "tempest-SnapshotManageAdminTest-Managed-Snapshot-Description-1670925421", "volume_id": "6f4b9d2c-22fd-4250-9bd3-8e010003a7cd", "status": "deleting", "size": 1, "metadata": {"manage-snap-meta1": "value1", "manage-snap-meta2": "value2", "manage-snap-meta3": "value3"}, "os-extended-snapshot-attributes:project_id": "0e0d6ab9af924de08e9fcb893b7051be", "os-extended-snapshot-attributes:progress": "0%"}}'
2026-09-07 10:33:46,692 1673250 INFO     [tempest.lib.common.rest_client] Request (SnapshotManageAdminTest:_run_cleanups): 404 GET http://172.21.16.48/volume/v3/snapshots/0d495ac5-fd13-4e44-93c9-a29aea3bafcc 0.011s
2026-09-07 10:33:46,692 1673250 DEBUG    [tempest.lib.common.rest_client] Request - Headers: {'Content-Type': 'application/json', 'Accept': 'application/json', 'X-Auth-Token': '<omitted>'}
        Body: None
    Response - Headers: {'date': 'Mon, 07 Sep 2026 02:33:46 GMT', 'server': 'Apache/2.4.58 (Ubuntu)', 'openstack-api-version': 'volume 3.0', 'vary': 'OpenStack-API-Version', 'content-length': '111', 'content-type': 'application/json', 'x-compute-request-id': 'req-913af664-3959-42ae-8af2-3e3344fc9aaf', 'x-openstack-request-id': 'req-913af664-3959-42ae-8af2-3e3344fc9aaf', 'connection': 'close', 'status': '404', 'content-location': 'http://172.21.16.48/volume/v3/snapshots/0d495ac5-fd13-4e44-93c9-a29aea3bafcc'}
        Body: b'{"itemNotFound": {"code": 404, "message": "Snapshot 0d495ac5-fd13-4e44-93c9-a29aea3bafcc could not be found."}}'
2026-09-07 10:33:46,794 1673250 INFO     [tempest.lib.common.rest_client] Request (SnapshotManageAdminTest:_run_cleanups): 202 DELETE http://172.21.16.48/compute/v2.1/servers/5cdb83bb-9cb5-4e3d-9971-6289ea492424/os-volume_attachments/6f4b9d2c-22fd-4250-9bd3-8e010003a7cd 0.102s
2026-09-07 10:33:46,794 1673250 DEBUG    [tempest.lib.common.rest_client] Request - Headers: {'Content-Type': 'application/json', 'Accept': 'application/json', 'X-Auth-Token': '<omitted>'}
        Body: None
    Response - Headers: {'date': 'Mon, 07 Sep 2026 02:33:46 GMT', 'server': 'Apache/2.4.58 (Ubuntu)', 'content-length': '0', 'content-type': 'application/json', 'openstack-api-version': 'compute 2.1', 'x-openstack-nova-api-version': '2.1', 'vary': 'OpenStack-API-Version,X-OpenStack-Nova-API-Version', 'x-openstack-request-id': 'req-99d8a75a-671e-413e-a258-4a476ebe0464', 'x-compute-request-id': 'req-99d8a75a-671e-413e-a258-4a476ebe0464', 'connection': 'close', 'status': '202', 'content-location': 'http://172.21.16.48/compute/v2.1/servers/5cdb83bb-9cb5-4e3d-9971-6289ea492424/os-volume_attachments/6f4b9d2c-22fd-4250-9bd3-8e010003a7cd'}
        Body: b''
2026-09-07 10:33:46,870 1673250 INFO     [tempest.lib.common.rest_client] Request (SnapshotManageAdminTest:_run_cleanups): 204 DELETE http://172.21.16.48/compute/v2.1/servers/5cdb83bb-9cb5-4e3d-9971-6289ea492424 0.075s
2026-09-07 10:33:46,870 1673250 DEBUG    [tempest.lib.common.rest_client] Request - Headers: {'Content-Type': 'application/json', 'Accept': 'application/json', 'X-Auth-Token': '<omitted>'}
        Body: None
    Response - Headers: {'date': 'Mon, 07 Sep 2026 02:33:46 GMT', 'server': 'Apache/2.4.58 (Ubuntu)', 'content-type': 'application/json', 'openstack-api-version': 'compute 2.1', 'x-openstack-nova-api-version': '2.1', 'vary': 'OpenStack-API-Version,X-OpenStack-Nova-API-Version', 'x-openstack-request-id': 'req-85e9ff4e-c4b3-4ea6-974b-a025131656d4', 'x-compute-request-id': 'req-85e9ff4e-c4b3-4ea6-974b-a025131656d4', 'connection': 'close', 'status': '204', 'content-location': 'http://172.21.16.48/compute/v2.1/servers/5cdb83bb-9cb5-4e3d-9971-6289ea492424'}
        Body: b''
2026-09-07 10:33:47,014 16
    73250 INFO     [tempest.lib.common.rest_client] Request (SnapshotManageAdminTest:_run_cleanups): 200 GET http://172.21.16.48/compute/v2.1/servers/5cdb83bb-9cb5-4e3d-9971-6289ea492424 0.144s
2026-09-07 10:33:47,015 1673250 DEBUG    [tempest.lib.common.rest_client] Request - Headers: {'Content-Type': 'application/json', 'Accept': 'application/json', 'X-Auth-Token': '<omitted>'}
        Body: None
    Response - Headers: {'date': 'Mon, 07 Sep 2026 02:33:46 GMT', 'server': 'Apache/2.4.58 (Ubuntu)', 'content-length': '1723', 'content-type': 'application/json', 'openstack-api-version': 'compute 2.1', 'x-openstack-nova-api-version': '2.1', 'vary': 'OpenStack-API-Version,X-OpenStack-Nova-API-Version', 'x-openstack-request-id': 'req-91e184b1-21c5-4b20-bf39-5ed47b530422', 'x-compute-request-id': 'req-91e184b1-21c5-4b20-bf39-5ed47b530422', 'connection': 'close', 'status': '200', 'content-location': 'http://172.21.16.48/compute/v2.1/servers/5cdb83bb-9cb5-4e3d-9971-6289ea492424'}
        Body: b'{"server": {"accessIPv4": "", "accessIPv6": "", "addresses": {"tempest-SnapshotManageAdminTest-2002102460-network": [{"version": 4, "addr": "10.0.0.12", "OS-EXT-IPS:type": "fixed", "OS-EXT-IPS-MAC:mac_addr": "fa:16:3e:5d:d7:0c"}, {"version": 4, "addr": "172.24.4.11", "OS-EXT-IPS:type": "floating", "OS-EXT-IPS-MAC:mac_addr": "fa:16:3e:5d:d7:0c"}]}, "created": "2026-09-07T02:33:22Z", "flavor": {"id": "42", "links": [{"rel": "bookmark", "href": "http://172.21.16.48/compute/flavors/42"}]}, "hostId": "51ba1d02130badba699ba95ae9da1b8d0d2c4dae92318f48cc6c74b0", "id": "5cdb83bb-9cb5-4e3d-9971-6289ea492424", "image": {"id": "c40e0f49-dfcb-4f0c-85f6-961051435368", "links": [{"rel": "bookmark", "href": "http://172.21.16.48/compute/images/c40e0f49-dfcb-4f0c-85f6-961051435368"}]}, "links": [{"rel": "self", "href": "http://172.21.16.48/compute/v2.1/servers/5cdb83bb-9cb5-4e3d-9971-6289ea492424"}, {"rel": "bookmark", "href": "http://172.21.16.48/compute/servers/5cdb83bb-9cb5-4e3d-9971-6289ea492424"}], "metadata": {}, "name": "tempest-SnapshotManageAdminTest-instance-568974262", "status": "ACTIVE", "tenant_id": "4c4c3ff54d9943a3a68f562d80861442", "user_id": "6d387d30751f4123b0728fd3d09385b6", "updated": "2026-09-07T02:33:47Z", "OS-DCF:diskConfig": "MANUAL", "progress": 0, "OS-EXT-AZ:availability_zone": "nova", "config_drive": "", "key_name": "tempest-keypair-1657999619", "OS-SRV-USG:launched_at": "2026-09-07T02:33:25.000000", "OS-SRV-USG:terminated_at": null, "security_groups": [{"name": "tempest-securitygroup--876699773"}], "OS-EXT-STS:task_state": "deleting", "OS-EXT-STS:vm_state": "active", "OS-EXT-STS:power_state": 1, "os-extended-volumes:volumes_attached": [{"id": "6f4b9d2c-22fd-4250-9bd3-8e010003a7cd"}]}}'
2026-09-07 10:33:48,160 1673250 INFO     [tempest.lib.common.rest_client] Request (SnapshotManageAdminTest:_run_cleanups): 200 GET http://172.21.16.48/compute/v2.1/servers/5cdb83bb-9cb5-4e3d-9971-6289ea492424 0.137s
2026-09-07 10:33:48,161 1673250 DEBUG    [tempest.lib.common.rest_client] Request - Headers: {'Content-Type': 'application/json', 'Accept': 'application/json', 'X-Auth-Token': '<omitted>'}
        Body: None
    Response - Headers: {'date': 'Mon, 07 Sep 2026 02:33:48 GMT', 'server': 'Apache/2.4.58 (Ubuntu)', 'content-length': '1723', 'content-type': 'application/json', 'openstack-api-version': 'compute 2.1', 'x-openstack-nova-api-version': '2.1', 'vary': 'OpenStack-API-Version,X-OpenStack-Nova-API-Version', 'x-openstack-request-id': 'req-51b9d456-bc6a-4841-aaed-aebbc5734b9c', 'x-compute-request-id': 'req-51b9d456-bc6a-4841-aaed-aebbc5734b9c', 'connection': 'close', 'status': '200', 'content-location': 'http://172.21.16.48/compute/v2.1/servers/5cdb83bb-9cb5-4e3d-9971-6289ea492424'}
        Body: b'{"server": {"accessIPv4": "", "accessIPv6": "", "addresses": {"tempest-SnapshotManageAdminTest-2002102460-network": [{"version": 4, "addr": "10.0.0.12", "OS-EXT-IPS:type": "fixed", "OS-EXT-IPS-MAC:mac_addr": "fa:16:3e:5d:d7:0c"}, {"version": 4, "addr": "172.24.4.11", "OS-EXT-IPS:type": "floating", "OS-EXT-IPS-MAC:mac_addr": "fa:16:3e:5d:d7:0c"}]},
     "created": "2026-09-07T02:33:22Z", "flavor": {"id": "42", "links": [{"rel": "bookmark", "href": "http://172.21.16.48/compute/flavors/42"}]}, "hostId": "51ba1d02130badba699ba95ae9da1b8d0d2c4dae92318f48cc6c74b0", "id": "5cdb83bb-9cb5-4e3d-9971-6289ea492424", "image": {"id": "c40e0f49-dfcb-4f0c-85f6-961051435368", "links": [{"rel": "bookmark", "href": "http://172.21.16.48/compute/images/c40e0f49-dfcb-4f0c-85f6-961051435368"}]}, "links": [{"rel": "self", "href": "http://172.21.16.48/compute/v2.1/servers/5cdb83bb-9cb5-4e3d-9971-6289ea492424"}, {"rel": "bookmark", "href": "http://172.21.16.48/compute/servers/5cdb83bb-9cb5-4e3d-9971-6289ea492424"}], "metadata": {}, "name": "tempest-SnapshotManageAdminTest-instance-568974262", "status": "ACTIVE", "tenant_id": "4c4c3ff54d9943a3a68f562d80861442", "user_id": "6d387d30751f4123b0728fd3d09385b6", "updated": "2026-09-07T02:33:47Z", "OS-DCF:diskConfig": "MANUAL", "progress": 0, "OS-EXT-AZ:availability_zone": "nova", "config_drive": "", "key_name": "tempest-keypair-1657999619", "OS-SRV-USG:launched_at": "2026-09-07T02:33:25.000000", "OS-SRV-USG:terminated_at": null, "security_groups": [{"name": "tempest-securitygroup--876699773"}], "OS-EXT-STS:task_state": "deleting", "OS-EXT-STS:vm_state": "active", "OS-EXT-STS:power_state": 1, "os-extended-volumes:volumes_attached": [{"id": "6f4b9d2c-22fd-4250-9bd3-8e010003a7cd"}]}}'
2026-09-07 10:33:49,236 1673250 INFO     [tempest.lib.common.rest_client] Request (SnapshotManageAdminTest:_run_cleanups): 200 GET http://172.21.16.48/compute/v2.1/servers/5cdb83bb-9cb5-4e3d-9971-6289ea492424 0.067s
2026-09-07 10:33:49,237 1673250 DEBUG    [tempest.lib.common.rest_client] Request - Headers: {'Content-Type': 'application/json', 'Accept': 'application/json', 'X-Auth-Token': '<omitted>'}
        Body: None
    Response - Headers: {'date': 'Mon, 07 Sep 2026 02:33:49 GMT', 'server': 'Apache/2.4.58 (Ubuntu)', 'content-length': '1610', 'content-type': 'application/json', 'openstack-api-version': 'compute 2.1', 'x-openstack-nova-api-version': '2.1', 'vary': 'OpenStack-API-Version,X-OpenStack-Nova-API-Version', 'x-openstack-request-id': 'req-ae0fec68-f403-4799-8842-a6a0557d2c87', 'x-compute-request-id': 'req-ae0fec68-f403-4799-8842-a6a0557d2c87', 'connection': 'close', 'status': '200', 'content-location': 'http://172.21.16.48/compute/v2.1/servers/5cdb83bb-9cb5-4e3d-9971-6289ea492424'}
        Body: b'{"server": {"accessIPv4": "", "accessIPv6": "", "addresses": {"tempest-SnapshotManageAdminTest-2002102460-network": [{"version": 4, "addr": "10.0.0.12", "OS-EXT-IPS:type": "fixed", "OS-EXT-IPS-MAC:mac_addr": "fa:16:3e:5d:d7:0c"}, {"version": 4, "addr": "172.24.4.11", "OS-EXT-IPS:type": "floating", "OS-EXT-IPS-MAC:mac_addr": "fa:16:3e:5d:d7:0c"}]}, "created": "2026-09-07T02:33:22Z", "flavor": {"id": "42", "links": [{"rel": "bookmark", "href": "http://172.21.16.48/compute/flavors/42"}]}, "hostId": "51ba1d02130badba699ba95ae9da1b8d0d2c4dae92318f48cc6c74b0", "id": "5cdb83bb-9cb5-4e3d-9971-6289ea492424", "image": {"id": "c40e0f49-dfcb-4f0c-85f6-961051435368", "links": [{"rel": "bookmark", "href": "http://172.21.16.48/compute/images/c40e0f49-dfcb-4f0c-85f6-961051435368"}]}, "links": [{"rel": "self", "href": "http://172.21.16.48/compute/v2.1/servers/5cdb83bb-9cb5-4e3d-9971-6289ea492424"}, {"rel": "bookmark", "href": "http://172.21.16.48/compute/servers/5cdb83bb-9cb5-4e3d-9971-6289ea492424"}], "metadata": {}, "name": "tempest-SnapshotManageAdminTest-instance-568974262", "status": "ACTIVE", "tenant_id": "4c4c3ff54d9943a3a68f562d80861442", "user_id": "6d387d30751f4123b0728fd3d09385b6", "updated": "2026-09-07T02:33:49Z", "OS-DCF:diskConfig": "MANUAL", "progress": 0, "OS-EXT-AZ:availability_zone": "nova", "config_drive": "", "key_name": "tempest-keypair-1657999619", "OS-SRV-USG:launched_at": "2026-09-07T02:33:25.000000", "OS-SRV-USG:terminated_at": null, "OS-EXT-STS:task_state": "deleting", "OS-EXT-STS:vm_state": "active", "OS-EXT-STS:power_state": 1, "os-extended-volumes:volumes_attached": []}}'
2026-09-07 10:33:50,269 1673250 INFO     [tempest.lib.common.rest_client] Request (S
    napshotManageAdminTest:_run_cleanups): 404 GET http://172.21.16.48/compute/v2.1/servers/5cdb83bb-9cb5-4e3d-9971-6289ea492424 0.024s
2026-09-07 10:33:50,269 1673250 DEBUG    [tempest.lib.common.rest_client] Request - Headers: {'Content-Type': 'application/json', 'Accept': 'application/json', 'X-Auth-Token': '<omitted>'}
        Body: None
    Response - Headers: {'date': 'Mon, 07 Sep 2026 02:33:50 GMT', 'server': 'Apache/2.4.58 (Ubuntu)', 'openstack-api-version': 'compute 2.1', 'x-openstack-nova-api-version': '2.1', 'vary': 'OpenStack-API-Version,X-OpenStack-Nova-API-Version', 'content-type': 'application/json; charset=UTF-8', 'content-length': '111', 'x-openstack-request-id': 'req-95d4707c-1dc7-40c4-b921-a0fc1bc1b6ce', 'x-compute-request-id': 'req-95d4707c-1dc7-40c4-b921-a0fc1bc1b6ce', 'connection': 'close', 'status': '404', 'content-location': 'http://172.21.16.48/compute/v2.1/servers/5cdb83bb-9cb5-4e3d-9971-6289ea492424'}
        Body: b'{"itemNotFound": {"code": 404, "message": "Instance 5cdb83bb-9cb5-4e3d-9971-6289ea492424 could not be found."}}'
2026-09-07 10:33:50,289 1673250 INFO     [tempest.lib.common.rest_client] Request (SnapshotManageAdminTest:_run_cleanups): 202 DELETE http://172.21.16.48/compute/v2.1/os-keypairs/tempest-keypair-1657999619 0.019s
2026-09-07 10:33:50,290 1673250 DEBUG    [tempest.lib.common.rest_client] Request - Headers: {'Content-Type': 'application/json', 'Accept': 'application/json', 'X-Auth-Token': '<omitted>'}
        Body: None
    Response - Headers: {'date': 'Mon, 07 Sep 2026 02:33:50 GMT', 'server': 'Apache/2.4.58 (Ubuntu)', 'content-length': '0', 'content-type': 'application/json', 'openstack-api-version': 'compute 2.1', 'x-openstack-nova-api-version': '2.1', 'vary': 'OpenStack-API-Version,X-OpenStack-Nova-API-Version', 'x-openstack-request-id': 'req-0c8e80d1-8000-4773-87ee-35e1f297ac50', 'x-compute-request-id': 'req-0c8e80d1-8000-4773-87ee-35e1f297ac50', 'connection': 'close', 'status': '202', 'content-location': 'http://172.21.16.48/compute/v2.1/os-keypairs/tempest-keypair-1657999619'}
        Body: b''
2026-09-07 10:33:50,402 1673250 INFO     [tempest.lib.common.rest_client] Request (SnapshotManageAdminTest:_run_cleanups): 204 DELETE http://172.21.16.48/networking/v2.0/security-groups/3dd29994-beff-4458-9685-7ab2ca04f6d3 0.112s
2026-09-07 10:33:50,402 1673250 DEBUG    [tempest.lib.common.rest_client] Request - Headers: {'Content-Type': 'application/json', 'Accept': 'application/json', 'X-Auth-Token': '<omitted>'}
        Body: None
    Response - Headers: {'date': 'Mon, 07 Sep 2026 02:33:50 GMT', 'server': 'Apache/2.4.58 (Ubuntu)', 'x-openstack-request-id': 'req-1d59602d-1d58-4db9-868a-7c5b050f1c89', 'connection': 'close', 'status': '204', 'content-location': 'http://172.21.16.48/networking/v2.0/security-groups/3dd29994-beff-4458-9685-7ab2ca04f6d3'}
        Body: b''
2026-09-07 10:33:50,417 1673250 INFO     [tempest.lib.common.rest_client] Request (SnapshotManageAdminTest:_run_cleanups): 404 GET http://172.21.16.48/networking/v2.0/security-groups/3dd29994-beff-4458-9685-7ab2ca04f6d3 0.014s
2026-09-07 10:33:50,417 1673250 DEBUG    [tempest.lib.common.rest_client] Request - Headers: {'Content-Type': 'application/json', 'Accept': 'application/json', 'X-Auth-Token': '<omitted>'}
        Body: None
    Response - Headers: {'date': 'Mon, 07 Sep 2026 02:33:50 GMT', 'server': 'Apache/2.4.58 (Ubuntu)', 'content-type': 'application/json', 'content-length': '146', 'x-openstack-request-id': 'req-e327eec2-a81b-415b-961e-25008dc9aa02', 'connection': 'close', 'status': '404', 'content-location': 'http://172.21.16.48/networking/v2.0/security-groups/3dd29994-beff-4458-9685-7ab2ca04f6d3'}
        Body: b'{"NeutronError": {"type": "SecurityGroupNotFound", "message": "Security group 3dd29994-beff-4458-9685-7ab2ca04f6d3 does not exist", "detail": ""}}'
2026-09-07 10:33:50,644 1673250 INFO     [tempest.lib.common.rest_client] Request (SnapshotManageAdminTest:_run_cleanups): 204 DELETE http://172.21.16.48/networking/v2.0/floatingips/b967c03d-213a-4b4b-b4ed-beff4616a8a4 0.226s
2026-09-07 10:33:50,644 1
    673250 DEBUG    [tempest.lib.common.rest_client] Request - Headers: {'Content-Type': 'application/json', 'Accept': 'application/json', 'X-Auth-Token': '<omitted>'}
        Body: None
    Response - Headers: {'date': 'Mon, 07 Sep 2026 02:33:50 GMT', 'server': 'Apache/2.4.58 (Ubuntu)', 'x-openstack-request-id': 'req-dc508982-495f-4467-a780-d3a359ed97fa', 'connection': 'close', 'status': '204', 'content-location': 'http://172.21.16.48/networking/v2.0/floatingips/b967c03d-213a-4b4b-b4ed-beff4616a8a4'}
        Body: b''
2026-09-07 10:33:50,656 1673250 INFO     [tempest.lib.common.rest_client] Request (SnapshotManageAdminTest:_run_cleanups): 404 DELETE http://172.21.16.48/volume/v3/snapshots/d23096cb-f82e-4f67-ac80-eb6d103c848c 0.011s
2026-09-07 10:33:50,656 1673250 DEBUG    [tempest.lib.common.rest_client] Request - Headers: {'Content-Type': 'application/json', 'Accept': 'application/json', 'X-Auth-Token': '<omitted>'}
        Body: None
    Response - Headers: {'date': 'Mon, 07 Sep 2026 02:33:50 GMT', 'server': 'Apache/2.4.58 (Ubuntu)', 'openstack-api-version': 'volume 3.0', 'vary': 'OpenStack-API-Version', 'content-length': '111', 'content-type': 'application/json', 'x-compute-request-id': 'req-f5820263-a30a-4f63-add1-b21a6f72edc6', 'x-openstack-request-id': 'req-f5820263-a30a-4f63-add1-b21a6f72edc6', 'connection': 'close', 'status': '404', 'content-location': 'http://172.21.16.48/volume/v3/snapshots/d23096cb-f82e-4f67-ac80-eb6d103c848c'}
        Body: b'{"itemNotFound": {"code": 404, "message": "Snapshot d23096cb-f82e-4f67-ac80-eb6d103c848c could not be found."}}'
2026-09-07 10:33:50,679 1673250 INFO     [tempest.lib.common.rest_client] Request (SnapshotManageAdminTest:_run_cleanups): 200 GET http://172.21.16.48/volume/v3/volumes/6f4b9d2c-22fd-4250-9bd3-8e010003a7cd 0.023s
2026-09-07 10:33:50,679 1673250 DEBUG    [tempest.lib.common.rest_client] Request - Headers: {'Content-Type': 'application/json', 'Accept': 'application/json', 'X-Auth-Token': '<omitted>'}
        Body: None
    Response - Headers: {'date': 'Mon, 07 Sep 2026 02:33:50 GMT', 'server': 'Apache/2.4.58 (Ubuntu)', 'content-type': 'application/json', 'x-compute-request-id': 'req-d2e3bf7a-cc24-40c0-8525-1b4f50e59bd6', 'content-length': '897', 'openstack-api-version': 'volume 3.0', 'vary': 'OpenStack-API-Version', 'x-openstack-request-id': 'req-d2e3bf7a-cc24-40c0-8525-1b4f50e59bd6', 'connection': 'close', 'status': '200', 'content-location': 'http://172.21.16.48/volume/v3/volumes/6f4b9d2c-22fd-4250-9bd3-8e010003a7cd'}
        Body: b'{"volume": {"id": "6f4b9d2c-22fd-4250-9bd3-8e010003a7cd", "status": "available", "size": 1, "availability_zone": "nova", "created_at": "2026-09-07T02:33:17.000000", "updated_at": "2026-09-07T02:33:48.000000", "name": "tempest-SnapshotManageAdminTest-Volume-1291152031", "description": null, "volume_type": "__DEFAULT__", "snapshot_id": null, "source_volid": null, "metadata": {"lun_wwn": "60015eb66a909169e400110000002eb4"}, "links": [{"rel": "self", "href": "http://172.21.16.48/volume/v3/volumes/6f4b9d2c-22fd-4250-9bd3-8e010003a7cd"}, {"rel": "bookmark", "href": "http://172.21.16.48/volume/volumes/6f4b9d2c-22fd-4250-9bd3-8e010003a7cd"}], "user_id": "6d387d30751f4123b0728fd3d09385b6", "bootable": "false", "encrypted": false, "replication_status": null, "consistencygroup_id": null, "multiattach": false, "attachments": [], "os-vol-tenant-attr:tenant_id": "4c4c3ff54d9943a3a68f562d80861442"}}'
2026-09-07 10:33:50,717 1673250 INFO     [tempest.lib.common.rest_client] Request (SnapshotManageAdminTest:_run_cleanups): 202 DELETE http://172.21.16.48/volume/v3/volumes/6f4b9d2c-22fd-4250-9bd3-8e010003a7cd 0.030s
2026-09-07 10:33:50,717 1673250 DEBUG    [tempest.lib.common.rest_client] Request - Headers: {'Content-Type': 'application/json', 'Accept': 'application/json', 'X-Auth-Token': '<omitted>'}
        Body: None
    Response - Headers: {'date': 'Mon, 07 Sep 2026 02:33:50 GMT', 'server': 'Apache/2.4.58 (Ubuntu)', 'content-length': '0', 'content-type': 'text/html; charset=UTF-8', 'openstack-api-version': 'volume 3.0', 'vary': 'OpenStack-API-Versi
    on', 'x-openstack-request-id': 'req-b8823965-d2eb-4df3-be40-1892bcb8edf3', 'connection': 'close', 'status': '202', 'content-location': 'http://172.21.16.48/volume/v3/volumes/6f4b9d2c-22fd-4250-9bd3-8e010003a7cd'}
        Body: b''
2026-09-07 10:33:50,741 1673250 INFO     [tempest.lib.common.rest_client] Request (SnapshotManageAdminTest:_run_cleanups): 200 GET http://172.21.16.48/volume/v3/volumes/6f4b9d2c-22fd-4250-9bd3-8e010003a7cd 0.023s
2026-09-07 10:33:50,741 1673250 DEBUG    [tempest.lib.common.rest_client] Request - Headers: {'Content-Type': 'application/json', 'Accept': 'application/json', 'X-Auth-Token': '<omitted>'}
        Body: None
    Response - Headers: {'date': 'Mon, 07 Sep 2026 02:33:50 GMT', 'server': 'Apache/2.4.58 (Ubuntu)', 'content-type': 'application/json', 'x-compute-request-id': 'req-b1c0d568-a08f-4557-883b-cfa0d0a2d25d', 'content-length': '896', 'openstack-api-version': 'volume 3.0', 'vary': 'OpenStack-API-Version', 'x-openstack-request-id': 'req-b1c0d568-a08f-4557-883b-cfa0d0a2d25d', 'connection': 'close', 'status': '200', 'content-location': 'http://172.21.16.48/volume/v3/volumes/6f4b9d2c-22fd-4250-9bd3-8e010003a7cd'}
        Body: b'{"volume": {"id": "6f4b9d2c-22fd-4250-9bd3-8e010003a7cd", "status": "deleting", "size": 1, "availability_zone": "nova", "created_at": "2026-09-07T02:33:17.000000", "updated_at": "2026-09-07T02:33:51.000000", "name": "tempest-SnapshotManageAdminTest-Volume-1291152031", "description": null, "volume_type": "__DEFAULT__", "snapshot_id": null, "source_volid": null, "metadata": {"lun_wwn": "60015eb66a909169e400110000002eb4"}, "links": [{"rel": "self", "href": "http://172.21.16.48/volume/v3/volumes/6f4b9d2c-22fd-4250-9bd3-8e010003a7cd"}, {"rel": "bookmark", "href": "http://172.21.16.48/volume/volumes/6f4b9d2c-22fd-4250-9bd3-8e010003a7cd"}], "user_id": "6d387d30751f4123b0728fd3d09385b6", "bootable": "false", "encrypted": false, "replication_status": null, "consistencygroup_id": null, "multiattach": false, "attachments": [], "os-vol-tenant-attr:tenant_id": "4c4c3ff54d9943a3a68f562d80861442"}}'
2026-09-07 10:33:51,773 1673250 INFO     [tempest.lib.common.rest_client] Request (SnapshotManageAdminTest:_run_cleanups): 200 GET http://172.21.16.48/volume/v3/volumes/6f4b9d2c-22fd-4250-9bd3-8e010003a7cd 0.023s
2026-09-07 10:33:51,773 1673250 DEBUG    [tempest.lib.common.rest_client] Request - Headers: {'Content-Type': 'application/json', 'Accept': 'application/json', 'X-Auth-Token': '<omitted>'}
        Body: None
    Response - Headers: {'date': 'Mon, 07 Sep 2026 02:33:51 GMT', 'server': 'Apache/2.4.58 (Ubuntu)', 'content-type': 'application/json', 'x-compute-request-id': 'req-121bab24-da8a-426a-8cea-016f1edc5e8e', 'content-length': '896', 'openstack-api-version': 'volume 3.0', 'vary': 'OpenStack-API-Version', 'x-openstack-request-id': 'req-121bab24-da8a-426a-8cea-016f1edc5e8e', 'connection': 'close', 'status': '200', 'content-location': 'http://172.21.16.48/volume/v3/volumes/6f4b9d2c-22fd-4250-9bd3-8e010003a7cd'}
        Body: b'{"volume": {"id": "6f4b9d2c-22fd-4250-9bd3-8e010003a7cd", "status": "deleting", "size": 1, "availability_zone": "nova", "created_at": "2026-09-07T02:33:17.000000", "updated_at": "2026-09-07T02:33:51.000000", "name": "tempest-SnapshotManageAdminTest-Volume-1291152031", "description": null, "volume_type": "__DEFAULT__", "snapshot_id": null, "source_volid": null, "metadata": {"lun_wwn": "60015eb66a909169e400110000002eb4"}, "links": [{"rel": "self", "href": "http://172.21.16.48/volume/v3/volumes/6f4b9d2c-22fd-4250-9bd3-8e010003a7cd"}, {"rel": "bookmark", "href": "http://172.21.16.48/volume/volumes/6f4b9d2c-22fd-4250-9bd3-8e010003a7cd"}], "user_id": "6d387d30751f4123b0728fd3d09385b6", "bootable": "false", "encrypted": false, "replication_status": null, "consistencygroup_id": null, "multiattach": false, "attachments": [], "os-vol-tenant-attr:tenant_id": "4c4c3ff54d9943a3a68f562d80861442"}}'
2026-09-07 10:33:52,793 1673250 INFO     [tempest.lib.common.rest_client] Request (SnapshotManageAdminTest:_run_cleanups): 404 GET http://172.21.16.48/volume/v3/volumes/6f4b
    9d2c-22fd-4250-9bd3-8e010003a7cd 0.012s
2026-09-07 10:33:52,793 1673250 DEBUG    [tempest.lib.common.rest_client] Request - Headers: {'Content-Type': 'application/json', 'Accept': 'application/json', 'X-Auth-Token': '<omitted>'}
        Body: None
    Response - Headers: {'date': 'Mon, 07 Sep 2026 02:33:52 GMT', 'server': 'Apache/2.4.58 (Ubuntu)', 'openstack-api-version': 'volume 3.0', 'vary': 'OpenStack-API-Version', 'content-length': '109', 'content-type': 'application/json', 'x-compute-request-id': 'req-8fcce34c-6c63-4cf1-8787-3792389e5a10', 'x-openstack-request-id': 'req-8fcce34c-6c63-4cf1-8787-3792389e5a10', 'connection': 'close', 'status': '404', 'content-location': 'http://172.21.16.48/volume/v3/volumes/6f4b9d2c-22fd-4250-9bd3-8e010003a7cd'}
        Body: b'{"itemNotFound": {"code": 404, "message": "Volume 6f4b9d2c-22fd-4250-9bd3-8e010003a7cd could not be found."}}'

{6} tempest.api.image.v2.test_images.ListSharedImagesTest.test_list_images_param_member_status [1.072889s] ... ok
{29} tempest.api.volume.test_volume_metadata.VolumesMetadataTest.test_crud_volume_metadata [0.274878s] ... ok
{29} tempest.api.volume.test_volume_metadata.VolumesMetadataTest.test_update_show_volume_metadata_item [0.125750s] ... ok
{6} setUpClass (tempest.api.object_storage.test_container_acl.ObjectTestACLs) ... SKIPPED: ObjectTestACLs skipped as swift is not available
{11} tempest.api.volume.admin.test_snapshot_manage.SnapshotManageAdminTest.test_unmanage_manage_snapshot [8.771792s] ... FAILED

Captured traceback:
~~~~~~~~~~~~~~~~~~~
    Traceback (most recent call last):

      File "/opt/stack/tempest/tempest/api/volume/admin/test_snapshot_manage.py", line 117, in test_unmanage_manage_snapshot
    self._test_unmanage_manage_snapshot()

      File "/opt/stack/tempest/tempest/api/volume/admin/test_snapshot_manage.py", line 103, in _test_unmanage_manage_snapshot
    waiters.wait_for_volume_resource_status(self.admin_snapshots_client,

      File "/opt/stack/tempest/tempest/common/waiters.py", line 379, in wait_for_volume_resource_status
    raise exceptions.VolumeResourceBuildErrorException(

    tempest.exceptions.VolumeResourceBuildErrorException: snapshot c2e99524-24cb-426e-8391-8ce41c2627dd failed to build and is in ERROR status


Captured pythonlogging:
~~~~~~~~~~~~~~~~~~~~~~~
    2026-09-07 10:33:52,941 1673250 INFO     [tempest.lib.common.rest_client] Request (SnapshotManageAdminTest:test_unmanage_manage_snapshot): 202 POST http://172.21.16.48/volume/v3/volumes 0.141s
2026-09-07 10:33:52,941 1673250 DEBUG    [tempest.lib.common.rest_client] Request - Headers: {'Content-Type': 'application/json', 'Accept': 'application/json', 'X-Auth-Token': '<omitted>'}
        Body: {"volume": {"size": 1, "name": "tempest-SnapshotManageAdminTest-Volume-897613217"}}
    Response - Headers: {'date': 'Mon, 07 Sep 2026 02:33:52 GMT', 'server': 'Apache/2.4.58 (Ubuntu)', 'content-type': 'application/json', 'x-compute-request-id': 'req-b073e1a4-0556-44a5-87ca-fc8f444187cb', 'content-length': '758', 'openstack-api-version': 'volume 3.0', 'vary': 'OpenStack-API-Version', 'x-openstack-request-id': 'req-b073e1a4-0556-44a5-87ca-fc8f444187cb', 'connection': 'close', 'status': '202', 'content-location': 'http://172.21.16.48/volume/v3/volumes'}
        Body: b'{"volume": {"id": "c9025db7-9be1-4317-b129-a75d1a4b2f58", "status": "creating", "size": 1, "availability_zone": "nova", "created_at": "2026-09-07T02:33:52.891809", "updated_at": null, "name": "tempest-SnapshotManageAdminTest-Volume-897613217", "description": null, "volume_type": "__DEFAULT__", "snapshot_id": null, "source_volid": null, "metadata": {}, "links": [{"rel": "self", "href": "http://172.21.16.48/volume/v3/volumes/c9025db7-9be1-4317-b129-a75d1a4b2f58"}, {"rel": "bookmark", "href": "http://172.21.16.48/volume/volumes/c9025db7-9be1-4317-b129-a75d1a4b2f58"}], "user_id": "6d387d30751f4123b0728fd3d09385b6", "bootable": "false", "encrypted": false, "replication_status": null, "consistencygroup_id": null, "multiattach": false, "attachments": []}}'
2026-09-07 10:33:52,973 1673250 INFO     [tempest.lib.common.rest_client] Request (SnapshotManageAdminTest:test_unmanage_manage_snapshot): 200 GET http://172.21.16.48/volume/v3/volumes/c9025db7-9be1-4317-b129-a75d1a4b2f58 0.024s
2026-09-07 10:33:52,973 1673250 DEBUG    [tempest.lib.common.rest_client] Request - Headers: {'Content-Type': 'application/json', 'Accept': 'application/json', 'X-Auth-Token': '<omitted>'}
        Body: None
    Response - Headers: {'date': 'Mon, 07 Sep 2026 02:33:52 GMT', 'server': 'Apache/2.4.58 (Ubuntu)', 'content-type': 'application/json', 'x-compute-request-id': 'req-7d8304e6-ab0d-4748-b4c7-3840587e23f3', 'content-length': '826', 'openstack-api-version': 'volume 3.0', 'vary': 'OpenStack-API-Version', 'x-openstack-request-id': 'req-7d8304e6-ab0d-4748-b4c7-3840587e23f3', 'connection': 'close', 'status': '200', 'content-location': 'http://172.21.16.48/volume/v3/volumes/c9025db7-9be1-4317-b129-a75d1a4b2f58'}
        Body: b'{"volume": {"id": "c9025db7-9be1-4317-b129-a75d1a4b2f58", "status": "creating", "size": 1, "availability_zone": "nova", "created_at": "2026-09-07T02:33:53.000000", "updated_at": null, "name": "tempest-SnapshotManageAdminTest-Volume-897613217", "description": null, "volume_type": "__DEFAULT__", "snapshot_id": null, "source_volid": null, "metadata": {}, "links": [{"rel": "self", "href": "http://172.21.16.48/volume/v3/volumes/c9025db7-9be1-4317-b129-a75d1a4b2f58"}, {"rel": "bookmark", "href": "http://172.21.16.48/volume/volumes/c9025db7-9be1-4317-b129-a75d1a4b2f58"}], "user_id": "6d387d30751f4123b0728fd3d09385b6", "bootable": "false", "encrypted": false, "replication_status": null, "consistencygroup_id": null, "multiattach": false, "attachments": [], "os-vol-tenant-attr:tenant_id": "4c4c3ff54d9943a3a68f562d80861442"}}'
2026-09-07 10:33:54,003 1673250 INFO     [tempest.lib.common.rest_client] Request (SnapshotManageAdminTest:test_unmanage_manage_snapshot): 200 GET http://172.21.16.48/volume/v3/volumes/c9025db7-9be1-4317-b129-a75d1a4b2f58 0.022s
2026-09-07 10:33:54,003 1673250 DEBUG    [tempest.lib.common.rest_client] Request - Headers: {'Content-Type': 'application/json', 'Accept': 'application/json', 'X-Auth-Token': '<omitted>'}
        Body: None
    Response - Headers: {'date': 'Mon, 07 Sep 2026 02:33:53 GMT', 'server': 'Apache/2.4.58 (Ubuntu)', 'content-type': 'application/json',
     'x-compute-request-id': 'req-9f6d1d2e-df6c-4c9e-a46d-d74b30a1f751', 'content-length': '850', 'openstack-api-version': 'volume 3.0', 'vary': 'OpenStack-API-Version', 'x-openstack-request-id': 'req-9f6d1d2e-df6c-4c9e-a46d-d74b30a1f751', 'connection': 'close', 'status': '200', 'content-location': 'http://172.21.16.48/volume/v3/volumes/c9025db7-9be1-4317-b129-a75d1a4b2f58'}
        Body: b'{"volume": {"id": "c9025db7-9be1-4317-b129-a75d1a4b2f58", "status": "creating", "size": 1, "availability_zone": "nova", "created_at": "2026-09-07T02:33:53.000000", "updated_at": "2026-09-07T02:33:53.000000", "name": "tempest-SnapshotManageAdminTest-Volume-897613217", "description": null, "volume_type": "__DEFAULT__", "snapshot_id": null, "source_volid": null, "metadata": {}, "links": [{"rel": "self", "href": "http://172.21.16.48/volume/v3/volumes/c9025db7-9be1-4317-b129-a75d1a4b2f58"}, {"rel": "bookmark", "href": "http://172.21.16.48/volume/volumes/c9025db7-9be1-4317-b129-a75d1a4b2f58"}], "user_id": "6d387d30751f4123b0728fd3d09385b6", "bootable": "false", "encrypted": false, "replication_status": null, "consistencygroup_id": null, "multiattach": false, "attachments": [], "os-vol-tenant-attr:tenant_id": "4c4c3ff54d9943a3a68f562d80861442"}}'
2026-09-07 10:33:55,034 1673250 INFO     [tempest.lib.common.rest_client] Request (SnapshotManageAdminTest:test_unmanage_manage_snapshot): 200 GET http://172.21.16.48/volume/v3/volumes/c9025db7-9be1-4317-b129-a75d1a4b2f58 0.023s
2026-09-07 10:33:55,034 1673250 DEBUG    [tempest.lib.common.rest_client] Request - Headers: {'Content-Type': 'application/json', 'Accept': 'application/json', 'X-Auth-Token': '<omitted>'}
        Body: None
    Response - Headers: {'date': 'Mon, 07 Sep 2026 02:33:55 GMT', 'server': 'Apache/2.4.58 (Ubuntu)', 'content-type': 'application/json', 'x-compute-request-id': 'req-eeab21dc-1ba4-4469-958a-67842adc6e79', 'content-length': '896', 'openstack-api-version': 'volume 3.0', 'vary': 'OpenStack-API-Version', 'x-openstack-request-id': 'req-eeab21dc-1ba4-4469-958a-67842adc6e79', 'connection': 'close', 'status': '200', 'content-location': 'http://172.21.16.48/volume/v3/volumes/c9025db7-9be1-4317-b129-a75d1a4b2f58'}
        Body: b'{"volume": {"id": "c9025db7-9be1-4317-b129-a75d1a4b2f58", "status": "available", "size": 1, "availability_zone": "nova", "created_at": "2026-09-07T02:33:53.000000", "updated_at": "2026-09-07T02:33:54.000000", "name": "tempest-SnapshotManageAdminTest-Volume-897613217", "description": null, "volume_type": "__DEFAULT__", "snapshot_id": null, "source_volid": null, "metadata": {"lun_wwn": "60015eb66a909169e400110000002ebc"}, "links": [{"rel": "self", "href": "http://172.21.16.48/volume/v3/volumes/c9025db7-9be1-4317-b129-a75d1a4b2f58"}, {"rel": "bookmark", "href": "http://172.21.16.48/volume/volumes/c9025db7-9be1-4317-b129-a75d1a4b2f58"}], "user_id": "6d387d30751f4123b0728fd3d09385b6", "bootable": "false", "encrypted": false, "replication_status": null, "consistencygroup_id": null, "multiattach": false, "attachments": [], "os-vol-tenant-attr:tenant_id": "4c4c3ff54d9943a3a68f562d80861442"}}'
2026-09-07 10:33:55,041 1673250 INFO     [tempest.common.waiters] volume c9025db7-9be1-4317-b129-a75d1a4b2f58 reached available after waiting for 3.041340 seconds
2026-09-07 10:33:55,112 1673250 INFO     [tempest.lib.common.rest_client] Request (SnapshotManageAdminTest:test_unmanage_manage_snapshot): 202 POST http://172.21.16.48/volume/v3/snapshots 0.071s
2026-09-07 10:33:55,112 1673250 DEBUG    [tempest.lib.common.rest_client] Request - Headers: {'Content-Type': 'application/json', 'Accept': 'application/json', 'X-Auth-Token': '<omitted>'}
        Body: {"snapshot": {"volume_id": "c9025db7-9be1-4317-b129-a75d1a4b2f58", "name": "tempest-SnapshotManageAdminTest-Snapshot-548614765"}}
    Response - Headers: {'date': 'Mon, 07 Sep 2026 02:33:55 GMT', 'server': 'Apache/2.4.58 (Ubuntu)', 'content-type': 'application/json', 'x-compute-request-id': 'req-f4d099f4-9d35-45ba-b0f7-53890b199599', 'content-length': '309', 'openstack-api-version': 'volume 3.0', 'vary': 'OpenStack-API-Version'
    , 'x-openstack-request-id': 'req-f4d099f4-9d35-45ba-b0f7-53890b199599', 'connection': 'close', 'status': '202', 'content-location': 'http://172.21.16.48/volume/v3/snapshots'}
        Body: b'{"snapshot": {"id": "247e4399-d791-4d0f-b328-4d9446d3581e", "created_at": "2026-09-07T02:33:55.084808", "updated_at": null, "name": "tempest-SnapshotManageAdminTest-Snapshot-548614765", "description": null, "volume_id": "c9025db7-9be1-4317-b129-a75d1a4b2f58", "status": "creating", "size": 1, "metadata": {}}}'
2026-09-07 10:33:55,127 1673250 INFO     [tempest.lib.common.rest_client] Request (SnapshotManageAdminTest:test_unmanage_manage_snapshot): 200 GET http://172.21.16.48/volume/v3/snapshots/247e4399-d791-4d0f-b328-4d9446d3581e 0.013s
2026-09-07 10:33:55,128 1673250 DEBUG    [tempest.lib.common.rest_client] Request - Headers: {'Content-Type': 'application/json', 'Accept': 'application/json', 'X-Auth-Token': '<omitted>'}
        Body: None
    Response - Headers: {'date': 'Mon, 07 Sep 2026 02:33:55 GMT', 'server': 'Apache/2.4.58 (Ubuntu)', 'content-type': 'application/json', 'x-compute-request-id': 'req-d26cec2f-9d7c-468e-8369-34d02b98d0d8', 'content-length': '441', 'openstack-api-version': 'volume 3.0', 'vary': 'OpenStack-API-Version', 'x-openstack-request-id': 'req-d26cec2f-9d7c-468e-8369-34d02b98d0d8', 'connection': 'close', 'status': '200', 'content-location': 'http://172.21.16.48/volume/v3/snapshots/247e4399-d791-4d0f-b328-4d9446d3581e'}
        Body: b'{"snapshot": {"id": "247e4399-d791-4d0f-b328-4d9446d3581e", "created_at": "2026-09-07T02:33:55.000000", "updated_at": null, "name": "tempest-SnapshotManageAdminTest-Snapshot-548614765", "description": null, "volume_id": "c9025db7-9be1-4317-b129-a75d1a4b2f58", "status": "creating", "size": 1, "metadata": {}, "os-extended-snapshot-attributes:project_id": "4c4c3ff54d9943a3a68f562d80861442", "os-extended-snapshot-attributes:progress": "0%"}}'
2026-09-07 10:33:56,143 1673250 INFO     [tempest.lib.common.rest_client] Request (SnapshotManageAdminTest:test_unmanage_manage_snapshot): 200 GET http://172.21.16.48/volume/v3/snapshots/247e4399-d791-4d0f-b328-4d9446d3581e 0.013s
2026-09-07 10:33:56,143 1673250 DEBUG    [tempest.lib.common.rest_client] Request - Headers: {'Content-Type': 'application/json', 'Accept': 'application/json', 'X-Auth-Token': '<omitted>'}
        Body: None
    Response - Headers: {'date': 'Mon, 07 Sep 2026 02:33:56 GMT', 'server': 'Apache/2.4.58 (Ubuntu)', 'content-type': 'application/json', 'x-compute-request-id': 'req-bb367472-f60e-4f42-bf55-15eeed14e68a', 'content-length': '640', 'openstack-api-version': 'volume 3.0', 'vary': 'OpenStack-API-Version', 'x-openstack-request-id': 'req-bb367472-f60e-4f42-bf55-15eeed14e68a', 'connection': 'close', 'status': '200', 'content-location': 'http://172.21.16.48/volume/v3/snapshots/247e4399-d791-4d0f-b328-4d9446d3581e'}
        Body: b'{"snapshot": {"id": "247e4399-d791-4d0f-b328-4d9446d3581e", "created_at": "2026-09-07T02:33:55.000000", "updated_at": "2026-09-07T02:33:56.000000", "name": "tempest-SnapshotManageAdminTest-Snapshot-548614765", "description": null, "volume_id": "c9025db7-9be1-4317-b129-a75d1a4b2f58", "status": "available", "size": 1, "metadata": {"lun_wwn": "60015eb66a909169e400110000002ebe", "snapshot_name": "snapshot-247e4399-d791-4d0f-b328-4d9446d3581e", "source_vol": "volume-c9025db7-9be1-4317-b129-a75d1a4b2f58"}, "os-extended-snapshot-attributes:project_id": "4c4c3ff54d9943a3a68f562d80861442", "os-extended-snapshot-attributes:progress": "100%"}}'
2026-09-07 10:33:56,146 1673250 INFO     [tempest.common.waiters] snapshot 247e4399-d791-4d0f-b328-4d9446d3581e reached available after waiting for 1.146136 seconds
2026-09-07 10:33:56,193 1673250 INFO     [tempest.lib.common.rest_client] Request (SnapshotManageAdminTest:test_unmanage_manage_snapshot): 202 POST http://172.21.16.48/volume/v3/snapshots/247e4399-d791-4d0f-b328-4d9446d3581e/action 0.047s
2026-09-07 10:33:56,194 1673250 DEBUG    [tempest.lib.common.rest_client] Request - Headers: {'Content-Type': 'application/json', 'Accept': 'application/json', 'X-Auth-T
    oken': '<omitted>'}
        Body: {"os-unmanage": {}}
    Response - Headers: {'date': 'Mon, 07 Sep 2026 02:33:56 GMT', 'server': 'Apache/2.4.58 (Ubuntu)', 'content-length': '0', 'content-type': 'text/html; charset=UTF-8', 'openstack-api-version': 'volume 3.0', 'vary': 'OpenStack-API-Version', 'x-openstack-request-id': 'req-6ac15546-a286-4ad9-bab5-3c3ceacd5f5f', 'connection': 'close', 'status': '202', 'content-location': 'http://172.21.16.48/volume/v3/snapshots/247e4399-d791-4d0f-b328-4d9446d3581e/action'}
        Body: b''
2026-09-07 10:33:56,209 1673250 INFO     [tempest.lib.common.rest_client] Request (SnapshotManageAdminTest:test_unmanage_manage_snapshot): 200 GET http://172.21.16.48/volume/v3/snapshots/247e4399-d791-4d0f-b328-4d9446d3581e 0.015s
2026-09-07 10:33:56,209 1673250 DEBUG    [tempest.lib.common.rest_client] Request - Headers: {'Content-Type': 'application/json', 'Accept': 'application/json', 'X-Auth-Token': '<omitted>'}
        Body: None
    Response - Headers: {'date': 'Mon, 07 Sep 2026 02:33:56 GMT', 'server': 'Apache/2.4.58 (Ubuntu)', 'content-type': 'application/json', 'x-compute-request-id': 'req-33be12e6-80bc-4f4a-884d-03d7e8a5591d', 'content-length': '641', 'openstack-api-version': 'volume 3.0', 'vary': 'OpenStack-API-Version', 'x-openstack-request-id': 'req-33be12e6-80bc-4f4a-884d-03d7e8a5591d', 'connection': 'close', 'status': '200', 'content-location': 'http://172.21.16.48/volume/v3/snapshots/247e4399-d791-4d0f-b328-4d9446d3581e'}
        Body: b'{"snapshot": {"id": "247e4399-d791-4d0f-b328-4d9446d3581e", "created_at": "2026-09-07T02:33:55.000000", "updated_at": "2026-09-07T02:33:56.000000", "name": "tempest-SnapshotManageAdminTest-Snapshot-548614765", "description": null, "volume_id": "c9025db7-9be1-4317-b129-a75d1a4b2f58", "status": "unmanaging", "size": 1, "metadata": {"lun_wwn": "60015eb66a909169e400110000002ebe", "snapshot_name": "snapshot-247e4399-d791-4d0f-b328-4d9446d3581e", "source_vol": "volume-c9025db7-9be1-4317-b129-a75d1a4b2f58"}, "os-extended-snapshot-attributes:project_id": "4c4c3ff54d9943a3a68f562d80861442", "os-extended-snapshot-attributes:progress": "100%"}}'
2026-09-07 10:33:57,224 1673250 INFO     [tempest.lib.common.rest_client] Request (SnapshotManageAdminTest:test_unmanage_manage_snapshot): 404 GET http://172.21.16.48/volume/v3/snapshots/247e4399-d791-4d0f-b328-4d9446d3581e 0.011s
2026-09-07 10:33:57,224 1673250 DEBUG    [tempest.lib.common.rest_client] Request - Headers: {'Content-Type': 'application/json', 'Accept': 'application/json', 'X-Auth-Token': '<omitted>'}
        Body: None
    Response - Headers: {'date': 'Mon, 07 Sep 2026 02:33:57 GMT', 'server': 'Apache/2.4.58 (Ubuntu)', 'openstack-api-version': 'volume 3.0', 'vary': 'OpenStack-API-Version', 'content-length': '111', 'content-type': 'application/json', 'x-compute-request-id': 'req-fafc7662-e763-4011-b946-6dfce37180e4', 'x-openstack-request-id': 'req-fafc7662-e763-4011-b946-6dfce37180e4', 'connection': 'close', 'status': '404', 'content-location': 'http://172.21.16.48/volume/v3/snapshots/247e4399-d791-4d0f-b328-4d9446d3581e'}
        Body: b'{"itemNotFound": {"code": 404, "message": "Snapshot 247e4399-d791-4d0f-b328-4d9446d3581e could not be found."}}'
2026-09-07 10:33:57,244 1673250 INFO     [tempest.lib.common.rest_client] Request (SnapshotManageAdminTest:test_unmanage_manage_snapshot): 200 GET http://172.21.16.48/volume/v3/snapshots/detail?all_tenants=1 0.020s
2026-09-07 10:33:57,244 1673250 DEBUG    [tempest.lib.common.rest_client] Request - Headers: {'Content-Type': 'application/json', 'Accept': 'application/json', 'X-Auth-Token': '<omitted>'}
        Body: None
    Response - Headers: {'date': 'Mon, 07 Sep 2026 02:33:57 GMT', 'server': 'Apache/2.4.58 (Ubuntu)', 'content-type': 'application/json', 'x-compute-request-id': 'req-2e9801bb-23c0-40c3-be24-aa7833d185c7', 'content-length': '17', 'openstack-api-version': 'volume 3.0', 'vary': 'OpenStack-API-Version', 'x-openstack-request-id': 'req-2e9801bb-23c0-40c3-be24-aa7833d185c7', 'connection': 'close', 'status': '200', 'content-location': 'http://172.21.16.4
    8/volume/v3/snapshots/detail?all_tenants=1'}
        Body: b'{"snapshots": []}'
2026-09-07 10:33:57,332 1673250 INFO     [tempest.lib.common.rest_client] Request (SnapshotManageAdminTest:test_unmanage_manage_snapshot): 202 POST http://172.21.16.48/volume/v3/os-snapshot-manage 0.085s
2026-09-07 10:33:57,333 1673250 DEBUG    [tempest.lib.common.rest_client] Request - Headers: {'Content-Type': 'application/json', 'Accept': 'application/json', 'X-Auth-Token': '<omitted>'}
        Body: {"snapshot": {"volume_id": "c9025db7-9be1-4317-b129-a75d1a4b2f58", "ref": {"source-name": "_snapshot-247e4399-d791-4d0f-b328-4d9446d3581e"}, "name": "tempest-SnapshotManageAdminTest-Managed-Snapshot-2030734648", "description": "tempest-SnapshotManageAdminTest-Managed-Snapshot-Description-1429408938", "metadata": {"manage-snap-meta1": "value1", "manage-snap-meta2": "value2", "manage-snap-meta3": "value3"}}}
    Response - Headers: {'date': 'Mon, 07 Sep 2026 02:33:57 GMT', 'server': 'Apache/2.4.58 (Ubuntu)', 'content-type': 'application/json', 'x-compute-request-id': 'req-6e5a95bf-6a63-43af-8d79-1a1a2372c512', 'content-length': '478', 'openstack-api-version': 'volume 3.0', 'vary': 'OpenStack-API-Version', 'x-openstack-request-id': 'req-6e5a95bf-6a63-43af-8d79-1a1a2372c512', 'connection': 'close', 'status': '202', 'content-location': 'http://172.21.16.48/volume/v3/os-snapshot-manage'}
        Body: b'{"snapshot": {"id": "c2e99524-24cb-426e-8391-8ce41c2627dd", "created_at": "2026-09-07T02:33:57.301132", "updated_at": null, "name": "tempest-SnapshotManageAdminTest-Managed-Snapshot-2030734648", "description": "tempest-SnapshotManageAdminTest-Managed-Snapshot-Description-1429408938", "volume_id": "c9025db7-9be1-4317-b129-a75d1a4b2f58", "status": "creating", "size": 1, "metadata": {"manage-snap-meta1": "value1", "manage-snap-meta2": "value2", "manage-snap-meta3": "value3"}}}'
2026-09-07 10:33:57,348 1673250 INFO     [tempest.lib.common.rest_client] Request (SnapshotManageAdminTest:test_unmanage_manage_snapshot): 200 GET http://172.21.16.48/volume/v3/snapshots/c2e99524-24cb-426e-8391-8ce41c2627dd 0.013s
2026-09-07 10:33:57,348 1673250 DEBUG    [tempest.lib.common.rest_client] Request - Headers: {'Content-Type': 'application/json', 'Accept': 'application/json', 'X-Auth-Token': '<omitted>'}
        Body: None
    Response - Headers: {'date': 'Mon, 07 Sep 2026 02:33:57 GMT', 'server': 'Apache/2.4.58 (Ubuntu)', 'content-type': 'application/json', 'x-compute-request-id': 'req-9a73e95d-d332-498d-a8f0-ae2eb4c27fab', 'content-length': '610', 'openstack-api-version': 'volume 3.0', 'vary': 'OpenStack-API-Version', 'x-openstack-request-id': 'req-9a73e95d-d332-498d-a8f0-ae2eb4c27fab', 'connection': 'close', 'status': '200', 'content-location': 'http://172.21.16.48/volume/v3/snapshots/c2e99524-24cb-426e-8391-8ce41c2627dd'}
        Body: b'{"snapshot": {"id": "c2e99524-24cb-426e-8391-8ce41c2627dd", "created_at": "2026-09-07T02:33:57.000000", "updated_at": null, "name": "tempest-SnapshotManageAdminTest-Managed-Snapshot-2030734648", "description": "tempest-SnapshotManageAdminTest-Managed-Snapshot-Description-1429408938", "volume_id": "c9025db7-9be1-4317-b129-a75d1a4b2f58", "status": "creating", "size": 1, "metadata": {"manage-snap-meta1": "value1", "manage-snap-meta2": "value2", "manage-snap-meta3": "value3"}, "os-extended-snapshot-attributes:project_id": "0e0d6ab9af924de08e9fcb893b7051be", "os-extended-snapshot-attributes:progress": "0%"}}'
2026-09-07 10:33:58,364 1673250 INFO     [tempest.lib.common.rest_client] Request (SnapshotManageAdminTest:test_unmanage_manage_snapshot): 200 GET http://172.21.16.48/volume/v3/snapshots/c2e99524-24cb-426e-8391-8ce41c2627dd 0.013s
2026-09-07 10:33:58,365 1673250 DEBUG    [tempest.lib.common.rest_client] Request - Headers: {'Content-Type': 'application/json', 'Accept': 'application/json', 'X-Auth-Token': '<omitted>'}
        Body: None
    Response - Headers: {'date': 'Mon, 07 Sep 2026 02:33:58 GMT', 'server': 'Apache/2.4.58 (Ubuntu)', 'content-type': 'application/json', 'x-compute-request-id': 'req-f7c04750-376d-44bd-9520-20c57475
    0c37', 'content-length': '631', 'openstack-api-version': 'volume 3.0', 'vary': 'OpenStack-API-Version', 'x-openstack-request-id': 'req-f7c04750-376d-44bd-9520-20c574750c37', 'connection': 'close', 'status': '200', 'content-location': 'http://172.21.16.48/volume/v3/snapshots/c2e99524-24cb-426e-8391-8ce41c2627dd'}
        Body: b'{"snapshot": {"id": "c2e99524-24cb-426e-8391-8ce41c2627dd", "created_at": "2026-09-07T02:33:57.000000", "updated_at": "2026-09-07T02:33:57.000000", "name": "tempest-SnapshotManageAdminTest-Managed-Snapshot-2030734648", "description": "tempest-SnapshotManageAdminTest-Managed-Snapshot-Description-1429408938", "volume_id": "c9025db7-9be1-4317-b129-a75d1a4b2f58", "status": "error", "size": 1, "metadata": {"manage-snap-meta1": "value1", "manage-snap-meta2": "value2", "manage-snap-meta3": "value3"}, "os-extended-snapshot-attributes:project_id": "0e0d6ab9af924de08e9fcb893b7051be", "os-extended-snapshot-attributes:progress": "0%"}}'
2026-09-07 10:33:58,395 1673250 INFO     [tempest.lib.common.rest_client] Request (SnapshotManageAdminTest:_run_cleanups): 202 DELETE http://172.21.16.48/volume/v3/snapshots/c2e99524-24cb-426e-8391-8ce41c2627dd 0.027s
2026-09-07 10:33:58,395 1673250 DEBUG    [tempest.lib.common.rest_client] Request - Headers: {'Content-Type': 'application/json', 'Accept': 'application/json', 'X-Auth-Token': '<omitted>'}
        Body: None
    Response - Headers: {'date': 'Mon, 07 Sep 2026 02:33:58 GMT', 'server': 'Apache/2.4.58 (Ubuntu)', 'content-length': '0', 'content-type': 'text/html; charset=UTF-8', 'openstack-api-version': 'volume 3.0', 'vary': 'OpenStack-API-Version', 'x-openstack-request-id': 'req-e545eeda-6608-49d5-996d-454298a4203d', 'connection': 'close', 'status': '202', 'content-location': 'http://172.21.16.48/volume/v3/snapshots/c2e99524-24cb-426e-8391-8ce41c2627dd'}
        Body: b''
2026-09-07 10:33:58,410 1673250 INFO     [tempest.lib.common.rest_client] Request (SnapshotManageAdminTest:_run_cleanups): 200 GET http://172.21.16.48/volume/v3/snapshots/c2e99524-24cb-426e-8391-8ce41c2627dd 0.014s
2026-09-07 10:33:58,410 1673250 DEBUG    [tempest.lib.common.rest_client] Request - Headers: {'Content-Type': 'application/json', 'Accept': 'application/json', 'X-Auth-Token': '<omitted>'}
        Body: None
    Response - Headers: {'date': 'Mon, 07 Sep 2026 02:33:58 GMT', 'server': 'Apache/2.4.58 (Ubuntu)', 'content-type': 'application/json', 'x-compute-request-id': 'req-055db4da-c4c8-434d-ab88-aff0f7f71286', 'content-length': '634', 'openstack-api-version': 'volume 3.0', 'vary': 'OpenStack-API-Version', 'x-openstack-request-id': 'req-055db4da-c4c8-434d-ab88-aff0f7f71286', 'connection': 'close', 'status': '200', 'content-location': 'http://172.21.16.48/volume/v3/snapshots/c2e99524-24cb-426e-8391-8ce41c2627dd'}
        Body: b'{"snapshot": {"id": "c2e99524-24cb-426e-8391-8ce41c2627dd", "created_at": "2026-09-07T02:33:57.000000", "updated_at": "2026-09-07T02:33:58.000000", "name": "tempest-SnapshotManageAdminTest-Managed-Snapshot-2030734648", "description": "tempest-SnapshotManageAdminTest-Managed-Snapshot-Description-1429408938", "volume_id": "c9025db7-9be1-4317-b129-a75d1a4b2f58", "status": "deleting", "size": 1, "metadata": {"manage-snap-meta1": "value1", "manage-snap-meta2": "value2", "manage-snap-meta3": "value3"}, "os-extended-snapshot-attributes:project_id": "0e0d6ab9af924de08e9fcb893b7051be", "os-extended-snapshot-attributes:progress": "0%"}}'
2026-09-07 10:33:59,423 1673250 INFO     [tempest.lib.common.rest_client] Request (SnapshotManageAdminTest:_run_cleanups): 404 GET http://172.21.16.48/volume/v3/snapshots/c2e99524-24cb-426e-8391-8ce41c2627dd 0.011s
2026-09-07 10:33:59,423 1673250 DEBUG    [tempest.lib.common.rest_client] Request - Headers: {'Content-Type': 'application/json', 'Accept': 'application/json', 'X-Auth-Token': '<omitted>'}
        Body: None
    Response - Headers: {'date': 'Mon, 07 Sep 2026 02:33:59 GMT', 'server': 'Apache/2.4.58 (Ubuntu)', 'openstack-api-version': 'volume 3.0', 'vary': 'OpenStack-API-Version', 'content-length': '111', 'content-type': 'application
    /json', 'x-compute-request-id': 'req-59e981eb-3298-4bbb-bbb7-cec68996d61f', 'x-openstack-request-id': 'req-59e981eb-3298-4bbb-bbb7-cec68996d61f', 'connection': 'close', 'status': '404', 'content-location': 'http://172.21.16.48/volume/v3/snapshots/c2e99524-24cb-426e-8391-8ce41c2627dd'}
        Body: b'{"itemNotFound": {"code": 404, "message": "Snapshot c2e99524-24cb-426e-8391-8ce41c2627dd could not be found."}}'
2026-09-07 10:33:59,434 1673250 INFO     [tempest.lib.common.rest_client] Request (SnapshotManageAdminTest:_run_cleanups): 404 DELETE http://172.21.16.48/volume/v3/snapshots/247e4399-d791-4d0f-b328-4d9446d3581e 0.010s
2026-09-07 10:33:59,434 1673250 DEBUG    [tempest.lib.common.rest_client] Request - Headers: {'Content-Type': 'application/json', 'Accept': 'application/json', 'X-Auth-Token': '<omitted>'}
        Body: None
    Response - Headers: {'date': 'Mon, 07 Sep 2026 02:33:59 GMT', 'server': 'Apache/2.4.58 (Ubuntu)', 'openstack-api-version': 'volume 3.0', 'vary': 'OpenStack-API-Version', 'content-length': '111', 'content-type': 'application/json', 'x-compute-request-id': 'req-43af0c58-f570-4a85-914e-b7228e93efe6', 'x-openstack-request-id': 'req-43af0c58-f570-4a85-914e-b7228e93efe6', 'connection': 'close', 'status': '404', 'content-location': 'http://172.21.16.48/volume/v3/snapshots/247e4399-d791-4d0f-b328-4d9446d3581e'}
        Body: b'{"itemNotFound": {"code": 404, "message": "Snapshot 247e4399-d791-4d0f-b328-4d9446d3581e could not be found."}}'
2026-09-07 10:33:59,458 1673250 INFO     [tempest.lib.common.rest_client] Request (SnapshotManageAdminTest:_run_cleanups): 200 GET http://172.21.16.48/volume/v3/volumes/c9025db7-9be1-4317-b129-a75d1a4b2f58 0.023s
2026-09-07 10:33:59,458 1673250 DEBUG    [tempest.lib.common.rest_client] Request - Headers: {'Content-Type': 'application/json', 'Accept': 'application/json', 'X-Auth-Token': '<omitted>'}
        Body: None
    Response - Headers: {'date': 'Mon, 07 Sep 2026 02:33:59 GMT', 'server': 'Apache/2.4.58 (Ubuntu)', 'content-type': 'application/json', 'x-compute-request-id': 'req-47f18ac5-4603-4785-b12b-296199f303a1', 'content-length': '896', 'openstack-api-version': 'volume 3.0', 'vary': 'OpenStack-API-Version', 'x-openstack-request-id': 'req-47f18ac5-4603-4785-b12b-296199f303a1', 'connection': 'close', 'status': '200', 'content-location': 'http://172.21.16.48/volume/v3/volumes/c9025db7-9be1-4317-b129-a75d1a4b2f58'}
        Body: b'{"volume": {"id": "c9025db7-9be1-4317-b129-a75d1a4b2f58", "status": "available", "size": 1, "availability_zone": "nova", "created_at": "2026-09-07T02:33:53.000000", "updated_at": "2026-09-07T02:33:54.000000", "name": "tempest-SnapshotManageAdminTest-Volume-897613217", "description": null, "volume_type": "__DEFAULT__", "snapshot_id": null, "source_volid": null, "metadata": {"lun_wwn": "60015eb66a909169e400110000002ebc"}, "links": [{"rel": "self", "href": "http://172.21.16.48/volume/v3/volumes/c9025db7-9be1-4317-b129-a75d1a4b2f58"}, {"rel": "bookmark", "href": "http://172.21.16.48/volume/volumes/c9025db7-9be1-4317-b129-a75d1a4b2f58"}], "user_id": "6d387d30751f4123b0728fd3d09385b6", "bootable": "false", "encrypted": false, "replication_status": null, "consistencygroup_id": null, "multiattach": false, "attachments": [], "os-vol-tenant-attr:tenant_id": "4c4c3ff54d9943a3a68f562d80861442"}}'
2026-09-07 10:33:59,496 1673250 INFO     [tempest.lib.common.rest_client] Request (SnapshotManageAdminTest:_run_cleanups): 202 DELETE http://172.21.16.48/volume/v3/volumes/c9025db7-9be1-4317-b129-a75d1a4b2f58 0.030s
2026-09-07 10:33:59,496 1673250 DEBUG    [tempest.lib.common.rest_client] Request - Headers: {'Content-Type': 'application/json', 'Accept': 'application/json', 'X-Auth-Token': '<omitted>'}
        Body: None
    Response - Headers: {'date': 'Mon, 07 Sep 2026 02:33:59 GMT', 'server': 'Apache/2.4.58 (Ubuntu)', 'content-length': '0', 'content-type': 'text/html; charset=UTF-8', 'openstack-api-version': 'volume 3.0', 'vary': 'OpenStack-API-Version', 'x-openstack-request-id': 'req-d7dd6e3c-1dad-447f-a390-b42c7da5dc11', 'connection': 'close', 'status':
     '202', 'content-location': 'http://172.21.16.48/volume/v3/volumes/c9025db7-9be1-4317-b129-a75d1a4b2f58'}
        Body: b''
2026-09-07 10:33:59,521 1673250 INFO     [tempest.lib.common.rest_client] Request (SnapshotManageAdminTest:_run_cleanups): 200 GET http://172.21.16.48/volume/v3/volumes/c9025db7-9be1-4317-b129-a75d1a4b2f58 0.024s
2026-09-07 10:33:59,521 1673250 DEBUG    [tempest.lib.common.rest_client] Request - Headers: {'Content-Type': 'application/json', 'Accept': 'application/json', 'X-Auth-Token': '<omitted>'}
        Body: None
    Response - Headers: {'date': 'Mon, 07 Sep 2026 02:33:59 GMT', 'server': 'Apache/2.4.58 (Ubuntu)', 'content-type': 'application/json', 'x-compute-request-id': 'req-a094eb08-8dcd-4b30-86de-69424bb4500b', 'content-length': '895', 'openstack-api-version': 'volume 3.0', 'vary': 'OpenStack-API-Version', 'x-openstack-request-id': 'req-a094eb08-8dcd-4b30-86de-69424bb4500b', 'connection': 'close', 'status': '200', 'content-location': 'http://172.21.16.48/volume/v3/volumes/c9025db7-9be1-4317-b129-a75d1a4b2f58'}
        Body: b'{"volume": {"id": "c9025db7-9be1-4317-b129-a75d1a4b2f58", "status": "deleting", "size": 1, "availability_zone": "nova", "created_at": "2026-09-07T02:33:53.000000", "updated_at": "2026-09-07T02:33:59.000000", "name": "tempest-SnapshotManageAdminTest-Volume-897613217", "description": null, "volume_type": "__DEFAULT__", "snapshot_id": null, "source_volid": null, "metadata": {"lun_wwn": "60015eb66a909169e400110000002ebc"}, "links": [{"rel": "self", "href": "http://172.21.16.48/volume/v3/volumes/c9025db7-9be1-4317-b129-a75d1a4b2f58"}, {"rel": "bookmark", "href": "http://172.21.16.48/volume/volumes/c9025db7-9be1-4317-b129-a75d1a4b2f58"}], "user_id": "6d387d30751f4123b0728fd3d09385b6", "bootable": "false", "encrypted": false, "replication_status": null, "consistencygroup_id": null, "multiattach": false, "attachments": [], "os-vol-tenant-attr:tenant_id": "4c4c3ff54d9943a3a68f562d80861442"}}'
2026-09-07 10:34:00,550 1673250 INFO     [tempest.lib.common.rest_client] Request (SnapshotManageAdminTest:_run_cleanups): 200 GET http://172.21.16.48/volume/v3/volumes/c9025db7-9be1-4317-b129-a75d1a4b2f58 0.022s
2026-09-07 10:34:00,550 1673250 DEBUG    [tempest.lib.common.rest_client] Request - Headers: {'Content-Type': 'application/json', 'Accept': 'application/json', 'X-Auth-Token': '<omitted>'}
        Body: None
    Response - Headers: {'date': 'Mon, 07 Sep 2026 02:34:00 GMT', 'server': 'Apache/2.4.58 (Ubuntu)', 'content-type': 'application/json', 'x-compute-request-id': 'req-92ef451c-a61c-4926-a57a-4913d108a7d7', 'content-length': '895', 'openstack-api-version': 'volume 3.0', 'vary': 'OpenStack-API-Version', 'x-openstack-request-id': 'req-92ef451c-a61c-4926-a57a-4913d108a7d7', 'connection': 'close', 'status': '200', 'content-location': 'http://172.21.16.48/volume/v3/volumes/c9025db7-9be1-4317-b129-a75d1a4b2f58'}
        Body: b'{"volume": {"id": "c9025db7-9be1-4317-b129-a75d1a4b2f58", "status": "deleting", "size": 1, "availability_zone": "nova", "created_at": "2026-09-07T02:33:53.000000", "updated_at": "2026-09-07T02:33:59.000000", "name": "tempest-SnapshotManageAdminTest-Volume-897613217", "description": null, "volume_type": "__DEFAULT__", "snapshot_id": null, "source_volid": null, "metadata": {"lun_wwn": "60015eb66a909169e400110000002ebc"}, "links": [{"rel": "self", "href": "http://172.21.16.48/volume/v3/volumes/c9025db7-9be1-4317-b129-a75d1a4b2f58"}, {"rel": "bookmark", "href": "http://172.21.16.48/volume/volumes/c9025db7-9be1-4317-b129-a75d1a4b2f58"}], "user_id": "6d387d30751f4123b0728fd3d09385b6", "bootable": "false", "encrypted": false, "replication_status": null, "consistencygroup_id": null, "multiattach": false, "attachments": [], "os-vol-tenant-attr:tenant_id": "4c4c3ff54d9943a3a68f562d80861442"}}'
2026-09-07 10:34:01,570 1673250 INFO     [tempest.lib.common.rest_client] Request (SnapshotManageAdminTest:_run_cleanups): 404 GET http://172.21.16.48/volume/v3/volumes/c9025db7-9be1-4317-b129-a75d1a4b2f58 0.012s
2026-09-07 10:34:01,571 1673250 DEBUG    [tempest.lib.common.rest_cli
    ent] Request - Headers: {'Content-Type': 'application/json', 'Accept': 'application/json', 'X-Auth-Token': '<omitted>'}
        Body: None
    Response - Headers: {'date': 'Mon, 07 Sep 2026 02:34:01 GMT', 'server': 'Apache/2.4.58 (Ubuntu)', 'openstack-api-version': 'volume 3.0', 'vary': 'OpenStack-API-Version', 'content-length': '109', 'content-type': 'application/json', 'x-compute-request-id': 'req-62ccd543-77df-4c0b-94cf-9015206cb9ff', 'x-openstack-request-id': 'req-62ccd543-77df-4c0b-94cf-9015206cb9ff', 'connection': 'close', 'status': '404', 'content-location': 'http://172.21.16.48/volume/v3/volumes/c9025db7-9be1-4317-b129-a75d1a4b2f58'}
        Body: b'{"itemNotFound": {"code": 404, "message": "Volume c9025db7-9be1-4317-b129-a75d1a4b2f58 could not be found."}}'

{6} tempest.api.volume.test_volumes_snapshots.VolumesSnapshotTestJSON.test_snapshot_backup ... SKIPPED: Cinder backup is disabled
{11} tempest.api.volume.test_snapshot_metadata.SnapshotMetadataTestJSON.test_crud_snapshot_metadata [0.211402s] ... ok
{11} tempest.api.volume.test_snapshot_metadata.SnapshotMetadataTestJSON.test_update_show_snapshot_metadata_item [0.146751s] ... ok
{6} tempest.api.volume.test_volumes_snapshots.VolumesSnapshotTestJSON.test_snapshot_create_delete_with_volume_in_use [66.481033s] ... ok
{6} tempest.api.volume.test_volumes_snapshots.VolumesSnapshotTestJSON.test_snapshot_create_get_list_update_delete [2.276059s] ... ok
{6} tempest.api.volume.test_volumes_snapshots.VolumesSnapshotTestJSON.test_snapshot_create_offline_delete_online [31.782724s] ... ok
{6} tempest.api.volume.test_volumes_snapshots.VolumesSnapshotTestJSON.test_volume_from_snapshot [9.984255s] ... ok
{6} tempest.api.volume.test_volumes_snapshots.VolumesSnapshotTestJSON.test_volume_from_snapshot_no_size [9.961543s] ... ok

==============================
Failed 6 tests - output below:
==============================

tempest.api.volume.admin.test_volume_types.VolumeTypesTest.test_volume_crud_with_volume_type_and_extra_specs[id-c03cc62c-f4e9-4623-91ec-64ce2f9c1260]
-----------------------------------------------------------------------------------------------------------------------------------------------------

Captured traceback:
~~~~~~~~~~~~~~~~~~~
    Traceback (most recent call last):

      File "/opt/stack/tempest/tempest/api/volume/admin/test_volume_types.py", line 56, in test_volume_crud_with_volume_type_and_extra_specs
    volume = self.create_volume(**params)
             ^^^^^^^^^^^^^^^^^^^^^^^^^^^^

      File "/opt/stack/tempest/tempest/api/volume/base.py", line 149, in create_volume
    waiters.wait_for_volume_resource_status(self.volumes_client,

      File "/opt/stack/tempest/tempest/common/waiters.py", line 379, in wait_for_volume_resource_status
    raise exceptions.VolumeResourceBuildErrorException(

    tempest.exceptions.VolumeResourceBuildErrorException: volume 796f9978-fb90-4af4-9b1b-502f8974c0fd failed to build and is in ERROR status


Captured pythonlogging:
~~~~~~~~~~~~~~~~~~~~~~~
    2026-09-07 10:31:22,991 1673288 INFO     [tempest.lib.common.rest_client] Request (VolumeTypesTest:test_volume_crud_with_volume_type_and_extra_specs): 200 POST http://172.21.16.48/volume/v3/types 0.183s
2026-09-07 10:31:22,991 1673288 DEBUG    [tempest.lib.common.rest_client] Request - Headers: {'Content-Type': 'application/json', 'Accept': 'application/json', 'X-Auth-Token': '<omitted>'}
        Body: {"volume_type": {"name": "tempest-VolumeTypesTest-volume-type-2003586772", "extra_specs": {"storage_protocol": "iSCSI", "vendor_name": "Open Source"}}}
    Response - Headers: {'date': 'Mon, 07 Sep 2026 02:31:22 GMT', 'server': 'Apache/2.4.58 (Ubuntu)', 'content-type': 'application/json', 'x-compute-request-id': 'req-8582ff8b-df95-4d5f-a9ee-3b0a0acd6579', 'content-length': '278', 'openstack-api-version': 'volume 3.0', 'vary': 'OpenStack-API-Version', 'x-openstack-request-id': 'req-8582ff8b-df95-4d5f-a9ee-3b0a0acd6579', 'connection': 'close', 'status': '200', 'content-location': 'http://172.21.16.48/volume/v3/types'}
        Body: b'{"volume_type": {"id": "a3ba0ba8-c5c7-460e-b4e5-dd9fb28041c2", "name": "tempest-VolumeTypesTest-volume-type-2003586772", "is_public": true, "extra_specs": {"storage_protocol": "iSCSI", "vendor_name": "Open Source"}, "description": null, "os-volume-type-access:is_public": true}}'
2026-09-07 10:31:23,018 1673288 INFO     [tempest.lib.common.rest_client] Request (VolumeTypesTest:test_volume_crud_with_volume_type_and_extra_specs): 200 POST http://172.21.16.48/volume/v3/types 0.023s
2026-09-07 10:31:23,018 1673288 DEBUG    [tempest.lib.common.rest_client] Request - Headers: {'Content-Type': 'application/json', 'Accept': 'application/json', 'X-Auth-Token': '<omitted>'}
        Body: {"volume_type": {"name": "tempest-VolumeTypesTest-volume-type-1711984915", "extra_specs": {"storage_protocol": "iSCSI", "vendor_name": "Open Source"}}}
    Response - Headers: {'date': 'Mon, 07 Sep 2026 02:31:22 GMT', 'server': 'Apache/2.4.58 (Ubuntu)', 'content-type': 'application/json', 'x-compute-request-id': 'req-fb9f2515-c17c-4d64-9f5d-9b65b838492f', 'content-length': '278', 'openstack-api-version': 'volume 3.0', 'vary': 'OpenStack-API-Version', 'x-openstack-request-id': 'req-fb9f2515-c17c-4d64-9f5d-9b65b838492f', 'connection': 'close', 'status': '200', 'content-location': 'http://172.21.16.48/volume/v3/types'}
        Body: b'{"volume_type": {"id": "1bf0a88a-1708-4dcb-a548-381df3905328", "name": "tempest-VolumeTypesTest-volume-type-1711984915", "is_public": true, "extra_specs": {"storage_protocol": "iSCSI", "vendor_name": "Open Source"}, "description": null, "os-volume-type-access:is_public": true}}'
2026-09-07 10:31:23,359 1673288 INFO     [tempest.lib.common.rest_client] Request (VolumeTypesTest:test_volume_crud_with_volume_type_and_extra_specs): 202 POST http://172.21.16.48/volume/v3/volumes 0.338s
2026-09-07 10:31:23,359 1673288 DEBUG    [tempest.lib.common.rest_client] Request - Headers: {'Content-Type': 'application/json', 'Accept': 'application/json', 'X-Auth-Token': '<omitted>'}
        Body: {"volume": {"name": "tempest-VolumeTypesTest-volume-754745203", "volume_type": "a3ba0ba8-c5c7-460e-b4e5-dd9fb28041c2", "size": 1}}
    Response - Headers: {'date': 'Mon, 07 Sep 2026 02:31:23 GMT', 'server': 'Apache/2.4.58 (Ubuntu)', 'content-type': 'application/json', 'x-compute-request-id': 'req-b022555c-3b96-4b50-a894-ce4c508a4676', 'content-length': '785', 'openstack-api-version': 'volume 3.0', 'vary': 'OpenStack-API-Version', 'x-openstack-request-id': 'req-b022555c-3b96-4b50-a894-ce4c508a4676', 'connection': 'close', 'status': '202', 'content-location': 'http://172.21.16.48/volume/v3/volumes'}
        Body: b'{"volume": {"id": "796f9978-fb90-4af4-9b1b-502f8974c0fd", "status": "creating", "size": 1, "availability_zone": "nova", "created_at": "2026-09-07T02:31:23.242944", "updated_at": null, "name": "tempest-VolumeTypesTest-volume-754745203", "description": null, "volume_type": "tempest-VolumeTypesTest-volume-type-2003586772", "snapshot_id": null, "source_volid": null, "metadata": {}, "links": [{"rel": "self", "href": 
    "http://172.21.16.48/volume/v3/volumes/796f9978-fb90-4af4-9b1b-502f8974c0fd"}, {"rel": "bookmark", "href": "http://172.21.16.48/volume/volumes/796f9978-fb90-4af4-9b1b-502f8974c0fd"}], "user_id": "f7d9b04eaf5a4c7281fc4dad19e1da75", "bootable": "false", "encrypted": false, "replication_status": null, "consistencygroup_id": null, "multiattach": false, "attachments": []}}'
2026-09-07 10:31:23,400 1673288 INFO     [tempest.lib.common.rest_client] Request (VolumeTypesTest:test_volume_crud_with_volume_type_and_extra_specs): 200 GET http://172.21.16.48/volume/v3/volumes/796f9978-fb90-4af4-9b1b-502f8974c0fd 0.033s
2026-09-07 10:31:23,400 1673288 DEBUG    [tempest.lib.common.rest_client] Request - Headers: {'Content-Type': 'application/json', 'Accept': 'application/json', 'X-Auth-Token': '<omitted>'}
        Body: None
    Response - Headers: {'date': 'Mon, 07 Sep 2026 02:31:23 GMT', 'server': 'Apache/2.4.58 (Ubuntu)', 'content-type': 'application/json', 'x-compute-request-id': 'req-41122f94-934d-4139-97ae-ba53f1beff69', 'content-length': '853', 'openstack-api-version': 'volume 3.0', 'vary': 'OpenStack-API-Version', 'x-openstack-request-id': 'req-41122f94-934d-4139-97ae-ba53f1beff69', 'connection': 'close', 'status': '200', 'content-location': 'http://172.21.16.48/volume/v3/volumes/796f9978-fb90-4af4-9b1b-502f8974c0fd'}
        Body: b'{"volume": {"id": "796f9978-fb90-4af4-9b1b-502f8974c0fd", "status": "creating", "size": 1, "availability_zone": "nova", "created_at": "2026-09-07T02:31:23.000000", "updated_at": null, "name": "tempest-VolumeTypesTest-volume-754745203", "description": null, "volume_type": "tempest-VolumeTypesTest-volume-type-2003586772", "snapshot_id": null, "source_volid": null, "metadata": {}, "links": [{"rel": "self", "href": "http://172.21.16.48/volume/v3/volumes/796f9978-fb90-4af4-9b1b-502f8974c0fd"}, {"rel": "bookmark", "href": "http://172.21.16.48/volume/volumes/796f9978-fb90-4af4-9b1b-502f8974c0fd"}], "user_id": "f7d9b04eaf5a4c7281fc4dad19e1da75", "bootable": "false", "encrypted": false, "replication_status": null, "consistencygroup_id": null, "multiattach": false, "attachments": [], "os-vol-tenant-attr:tenant_id": "de9ef6192cac4665a3b28206fae131f4"}}'
2026-09-07 10:31:24,435 1673288 INFO     [tempest.lib.common.rest_client] Request (VolumeTypesTest:test_volume_crud_with_volume_type_and_extra_specs): 200 GET http://172.21.16.48/volume/v3/volumes/796f9978-fb90-4af4-9b1b-502f8974c0fd 0.025s
2026-09-07 10:31:24,435 1673288 DEBUG    [tempest.lib.common.rest_client] Request - Headers: {'Content-Type': 'application/json', 'Accept': 'application/json', 'X-Auth-Token': '<omitted>'}
        Body: None
    Response - Headers: {'date': 'Mon, 07 Sep 2026 02:31:24 GMT', 'server': 'Apache/2.4.58 (Ubuntu)', 'content-type': 'application/json', 'x-compute-request-id': 'req-818515f7-7741-470f-ae19-53f7183e2633', 'content-length': '874', 'openstack-api-version': 'volume 3.0', 'vary': 'OpenStack-API-Version', 'x-openstack-request-id': 'req-818515f7-7741-470f-ae19-53f7183e2633', 'connection': 'close', 'status': '200', 'content-location': 'http://172.21.16.48/volume/v3/volumes/796f9978-fb90-4af4-9b1b-502f8974c0fd'}
        Body: b'{"volume": {"id": "796f9978-fb90-4af4-9b1b-502f8974c0fd", "status": "error", "size": 1, "availability_zone": "nova", "created_at": "2026-09-07T02:31:23.000000", "updated_at": "2026-09-07T02:31:23.000000", "name": "tempest-VolumeTypesTest-volume-754745203", "description": null, "volume_type": "tempest-VolumeTypesTest-volume-type-2003586772", "snapshot_id": null, "source_volid": null, "metadata": {}, "links": [{"rel": "self", "href": "http://172.21.16.48/volume/v3/volumes/796f9978-fb90-4af4-9b1b-502f8974c0fd"}, {"rel": "bookmark", "href": "http://172.21.16.48/volume/volumes/796f9978-fb90-4af4-9b1b-502f8974c0fd"}], "user_id": "f7d9b04eaf5a4c7281fc4dad19e1da75", "bootable": "false", "encrypted": false, "replication_status": null, "consistencygroup_id": null, "multiattach": false, "attachments": [], "os-vol-tenant-attr:tenant_id": "de9ef6192cac4665a3b28206fae131f4"}}'
2026-09-07 10:31:24,475 1673288 INFO     
    [tempest.lib.common.rest_client] Request (VolumeTypesTest:_run_cleanups): 200 GET http://172.21.16.48/volume/v3/volumes/796f9978-fb90-4af4-9b1b-502f8974c0fd 0.030s
2026-09-07 10:31:24,475 1673288 DEBUG    [tempest.lib.common.rest_client] Request - Headers: {'Content-Type': 'application/json', 'Accept': 'application/json', 'X-Auth-Token': '<omitted>'}
        Body: None
    Response - Headers: {'date': 'Mon, 07 Sep 2026 02:31:24 GMT', 'server': 'Apache/2.4.58 (Ubuntu)', 'content-type': 'application/json', 'x-compute-request-id': 'req-974094ec-db9a-41a6-9a2a-041c911995fa', 'content-length': '874', 'openstack-api-version': 'volume 3.0', 'vary': 'OpenStack-API-Version', 'x-openstack-request-id': 'req-974094ec-db9a-41a6-9a2a-041c911995fa', 'connection': 'close', 'status': '200', 'content-location': 'http://172.21.16.48/volume/v3/volumes/796f9978-fb90-4af4-9b1b-502f8974c0fd'}
        Body: b'{"volume": {"id": "796f9978-fb90-4af4-9b1b-502f8974c0fd", "status": "error", "size": 1, "availability_zone": "nova", "created_at": "2026-09-07T02:31:23.000000", "updated_at": "2026-09-07T02:31:23.000000", "name": "tempest-VolumeTypesTest-volume-754745203", "description": null, "volume_type": "tempest-VolumeTypesTest-volume-type-2003586772", "snapshot_id": null, "source_volid": null, "metadata": {}, "links": [{"rel": "self", "href": "http://172.21.16.48/volume/v3/volumes/796f9978-fb90-4af4-9b1b-502f8974c0fd"}, {"rel": "bookmark", "href": "http://172.21.16.48/volume/volumes/796f9978-fb90-4af4-9b1b-502f8974c0fd"}], "user_id": "f7d9b04eaf5a4c7281fc4dad19e1da75", "bootable": "false", "encrypted": false, "replication_status": null, "consistencygroup_id": null, "multiattach": false, "attachments": [], "os-vol-tenant-attr:tenant_id": "de9ef6192cac4665a3b28206fae131f4"}}'
2026-09-07 10:31:24,570 1673288 INFO     [tempest.lib.common.rest_client] Request (VolumeTypesTest:_run_cleanups): 202 DELETE http://172.21.16.48/volume/v3/volumes/796f9978-fb90-4af4-9b1b-502f8974c0fd 0.087s
2026-09-07 10:31:24,571 1673288 DEBUG    [tempest.lib.common.rest_client] Request - Headers: {'Content-Type': 'application/json', 'Accept': 'application/json', 'X-Auth-Token': '<omitted>'}
        Body: None
    Response - Headers: {'date': 'Mon, 07 Sep 2026 02:31:24 GMT', 'server': 'Apache/2.4.58 (Ubuntu)', 'content-length': '0', 'content-type': 'text/html; charset=UTF-8', 'openstack-api-version': 'volume 3.0', 'vary': 'OpenStack-API-Version', 'x-openstack-request-id': 'req-022de509-acc0-4f90-a929-93a886d5c77d', 'connection': 'close', 'status': '202', 'content-location': 'http://172.21.16.48/volume/v3/volumes/796f9978-fb90-4af4-9b1b-502f8974c0fd'}
        Body: b''
2026-09-07 10:31:24,590 1673288 INFO     [tempest.lib.common.rest_client] Request (VolumeTypesTest:_run_cleanups): 404 GET http://172.21.16.48/volume/v3/volumes/796f9978-fb90-4af4-9b1b-502f8974c0fd 0.018s
2026-09-07 10:31:24,590 1673288 DEBUG    [tempest.lib.common.rest_client] Request - Headers: {'Content-Type': 'application/json', 'Accept': 'application/json', 'X-Auth-Token': '<omitted>'}
        Body: None
    Response - Headers: {'date': 'Mon, 07 Sep 2026 02:31:24 GMT', 'server': 'Apache/2.4.58 (Ubuntu)', 'openstack-api-version': 'volume 3.0', 'vary': 'OpenStack-API-Version', 'content-length': '109', 'content-type': 'application/json', 'x-compute-request-id': 'req-9f96d40b-8162-4b58-af67-955809843f27', 'x-openstack-request-id': 'req-9f96d40b-8162-4b58-af67-955809843f27', 'connection': 'close', 'status': '404', 'content-location': 'http://172.21.16.48/volume/v3/volumes/796f9978-fb90-4af4-9b1b-502f8974c0fd'}
        Body: b'{"itemNotFound": {"code": 404, "message": "Volume 796f9978-fb90-4af4-9b1b-502f8974c0fd could not be found."}}'
2026-09-07 10:31:24,638 1673288 INFO     [tempest.lib.common.rest_client] Request (VolumeTypesTest:_run_cleanups): 202 DELETE http://172.21.16.48/volume/v3/types/1bf0a88a-1708-4dcb-a548-381df3905328 0.047s
2026-09-07 10:31:24,638 1673288 DEBUG    [tempest.lib.common.rest_client] Request - Headers: {'Content-Type': 'application/json', 'Accept': 'application/json', 'X-Auth-Token': '<omi
    tted>'}
        Body: None
    Response - Headers: {'date': 'Mon, 07 Sep 2026 02:31:24 GMT', 'server': 'Apache/2.4.58 (Ubuntu)', 'content-length': '0', 'content-type': 'text/html; charset=UTF-8', 'openstack-api-version': 'volume 3.0', 'vary': 'OpenStack-API-Version', 'x-openstack-request-id': 'req-3e3c1bd1-e225-4d83-91d7-a81e261ffa01', 'connection': 'close', 'status': '202', 'content-location': 'http://172.21.16.48/volume/v3/types/1bf0a88a-1708-4dcb-a548-381df3905328'}
        Body: b''
2026-09-07 10:31:24,653 1673288 INFO     [tempest.lib.common.rest_client] Request (VolumeTypesTest:_run_cleanups): 404 GET http://172.21.16.48/volume/v3/types/1bf0a88a-1708-4dcb-a548-381df3905328 0.014s
2026-09-07 10:31:24,654 1673288 DEBUG    [tempest.lib.common.rest_client] Request - Headers: {'Content-Type': 'application/json', 'Accept': 'application/json', 'X-Auth-Token': '<omitted>'}
        Body: None
    Response - Headers: {'date': 'Mon, 07 Sep 2026 02:31:24 GMT', 'server': 'Apache/2.4.58 (Ubuntu)', 'openstack-api-version': 'volume 3.0', 'vary': 'OpenStack-API-Version', 'content-length': '114', 'content-type': 'application/json', 'x-compute-request-id': 'req-e283507e-7664-4869-b340-cfe03e1fe3a2', 'x-openstack-request-id': 'req-e283507e-7664-4869-b340-cfe03e1fe3a2', 'connection': 'close', 'status': '404', 'content-location': 'http://172.21.16.48/volume/v3/types/1bf0a88a-1708-4dcb-a548-381df3905328'}
        Body: b'{"itemNotFound": {"code": 404, "message": "Volume type 1bf0a88a-1708-4dcb-a548-381df3905328 could not be found."}}'
2026-09-07 10:31:24,688 1673288 INFO     [tempest.lib.common.rest_client] Request (VolumeTypesTest:_run_cleanups): 202 DELETE http://172.21.16.48/volume/v3/types/a3ba0ba8-c5c7-460e-b4e5-dd9fb28041c2 0.033s
2026-09-07 10:31:24,688 1673288 DEBUG    [tempest.lib.common.rest_client] Request - Headers: {'Content-Type': 'application/json', 'Accept': 'application/json', 'X-Auth-Token': '<omitted>'}
        Body: None
    Response - Headers: {'date': 'Mon, 07 Sep 2026 02:31:24 GMT', 'server': 'Apache/2.4.58 (Ubuntu)', 'content-length': '0', 'content-type': 'text/html; charset=UTF-8', 'openstack-api-version': 'volume 3.0', 'vary': 'OpenStack-API-Version', 'x-openstack-request-id': 'req-b57f4d03-8d05-4c0d-ba68-148382f609bc', 'connection': 'close', 'status': '202', 'content-location': 'http://172.21.16.48/volume/v3/types/a3ba0ba8-c5c7-460e-b4e5-dd9fb28041c2'}
        Body: b''
2026-09-07 10:31:24,704 1673288 INFO     [tempest.lib.common.rest_client] Request (VolumeTypesTest:_run_cleanups): 404 GET http://172.21.16.48/volume/v3/types/a3ba0ba8-c5c7-460e-b4e5-dd9fb28041c2 0.015s
2026-09-07 10:31:24,705 1673288 DEBUG    [tempest.lib.common.rest_client] Request - Headers: {'Content-Type': 'application/json', 'Accept': 'application/json', 'X-Auth-Token': '<omitted>'}
        Body: None
    Response - Headers: {'date': 'Mon, 07 Sep 2026 02:31:24 GMT', 'server': 'Apache/2.4.58 (Ubuntu)', 'openstack-api-version': 'volume 3.0', 'vary': 'OpenStack-API-Version', 'content-length': '114', 'content-type': 'application/json', 'x-compute-request-id': 'req-4327ca6d-f700-4072-a10c-1d5dd3711cab', 'x-openstack-request-id': 'req-4327ca6d-f700-4072-a10c-1d5dd3711cab', 'connection': 'close', 'status': '404', 'content-location': 'http://172.21.16.48/volume/v3/types/a3ba0ba8-c5c7-460e-b4e5-dd9fb28041c2'}
        Body: b'{"itemNotFound": {"code": 404, "message": "Volume type a3ba0ba8-c5c7-460e-b4e5-dd9fb28041c2 could not be found."}}'


tempest.api.volume.admin.test_volume_manage.VolumeManageAdminTest.test_unmanage_manage_volume[id-70076c71-0ce1-4208-a8ff-36a66e65cc1e]
--------------------------------------------------------------------------------------------------------------------------------------

Captured traceback:
~~~~~~~~~~~~~~~~~~~
    Traceback (most recent call last):

      File "/opt/stack/tempest/tempest/api/volume/admin/test_volume_manage.py", line 74, in test_unmanage_manage_volume
    waiters.wait_for_volume_resource_status(self.admin_volume_client,

      File "/opt/stack/tempest/tempest/common/waiters.py", line 379, in wait_for_volume_resource_status
    raise exceptions.VolumeResourceBuildErrorException(

    tempest.exceptions.VolumeResourceBuildErrorException: volume b9604ee2-729a-4e92-9484-f20f4ec0a100 failed to build and is in ERROR status


Captured pythonlogging:
~~~~~~~~~~~~~~~~~~~~~~~
    2026-09-07 10:31:29,885 1673228 INFO     [tempest.lib.common.rest_client] Request (VolumeManageAdminTest:test_unmanage_manage_volume): 202 POST http://172.21.16.48/volume/v3/volumes 0.328s
2026-09-07 10:31:29,886 1673228 DEBUG    [tempest.lib.common.rest_client] Request - Headers: {'Content-Type': 'application/json', 'Accept': 'application/json', 'X-Auth-Token': '<omitted>'}
        Body: {"volume": {"size": 1, "name": "tempest-VolumeManageAdminTest-Volume-390143480"}}
    Response - Headers: {'date': 'Mon, 07 Sep 2026 02:31:29 GMT', 'server': 'Apache/2.4.58 (Ubuntu)', 'content-type': 'application/json', 'x-compute-request-id': 'req-ff5ec93b-8838-442d-8190-d1764caa1f26', 'content-length': '756', 'openstack-api-version': 'volume 3.0', 'vary': 'OpenStack-API-Version', 'x-openstack-request-id': 'req-ff5ec93b-8838-442d-8190-d1764caa1f26', 'connection': 'close', 'status': '202', 'content-location': 'http://172.21.16.48/volume/v3/volumes'}
        Body: b'{"volume": {"id": "a9799778-7511-4987-9c42-a373baa5c78f", "status": "creating", "size": 1, "availability_zone": "nova", "created_at": "2026-09-07T02:31:29.831402", "updated_at": null, "name": "tempest-VolumeManageAdminTest-Volume-390143480", "description": null, "volume_type": "__DEFAULT__", "snapshot_id": null, "source_volid": null, "metadata": {}, "links": [{"rel": "self", "href": "http://172.21.16.48/volume/v3/volumes/a9799778-7511-4987-9c42-a373baa5c78f"}, {"rel": "bookmark", "href": "http://172.21.16.48/volume/volumes/a9799778-7511-4987-9c42-a373baa5c78f"}], "user_id": "bf72e60330e9455499fdcea2ae57a218", "bootable": "false", "encrypted": false, "replication_status": null, "consistencygroup_id": null, "multiattach": false, "attachments": []}}'
2026-09-07 10:31:29,920 1673228 INFO     [tempest.lib.common.rest_client] Request (VolumeManageAdminTest:test_unmanage_manage_volume): 200 GET http://172.21.16.48/volume/v3/volumes/a9799778-7511-4987-9c42-a373baa5c78f 0.027s
2026-09-07 10:31:29,921 1673228 DEBUG    [tempest.lib.common.rest_client] Request - Headers: {'Content-Type': 'application/json', 'Accept': 'application/json', 'X-Auth-Token': '<omitted>'}
        Body: None
    Response - Headers: {'date': 'Mon, 07 Sep 2026 02:31:29 GMT', 'server': 'Apache/2.4.58 (Ubuntu)', 'content-type': 'application/json', 'x-compute-request-id': 'req-ef81c46b-22f5-43d7-adc8-422215830a61', 'content-length': '824', 'openstack-api-version': 'volume 3.0', 'vary': 'OpenStack-API-Version', 'x-openstack-request-id': 'req-ef81c46b-22f5-43d7-adc8-422215830a61', 'connection': 'close', 'status': '200', 'content-location': 'http://172.21.16.48/volume/v3/volumes/a9799778-7511-4987-9c42-a373baa5c78f'}
        Body: b'{"volume": {"id": "a9799778-7511-4987-9c42-a373baa5c78f", "status": "creating", "size": 1, "availability_zone": "nova", "created_at": "2026-09-07T02:31:30.000000", "updated_at": null, "name": "tempest-VolumeManageAdminTest-Volume-390143480", "description": null, "volume_type": "__DEFAULT__", "snapshot_id": null, "source_volid": null, "metadata": {}, "links": [{"rel": "self", "href": "http://172.21.16.48/volume/v3/volumes/a9799778-7511-4987-9c42-a373baa5c78f"}, {"rel": "bookmark", "href": "http://172.21.16.48/volume/volumes/a9799778-7511-4987-9c42-a373baa5c78f"}], "user_id": "bf72e60330e9455499fdcea2ae57a218", "bootable": "false", "encrypted": false, "replication_status": null, "consistencygroup_id": null, "multiattach": false, "attachments": [], "os-vol-tenant-attr:tenant_id": "44dfa82266474bf79b2584a400f0a548"}}'
2026-09-07 10:31:30,976 1673228 INFO     [tempest.lib.common.rest_client] Request (VolumeManageAdminTest:test_unmanage_manage_volume): 200 GET http://172.21.16.48/volume/v3/volumes/a9799778-7511-4987-9c42-a373baa5c78f 0.047s
2026-09-07 10:31:30,976 1673228 DEBUG    [tempest.lib.common.rest_client] Request - Headers: {'Content-Type': 'application/json', 'Accept': 'application/json', 'X-Auth-Token': '<omitted>'}
        Body: None
    Response - Headers: {'date': 'Mon, 07 Sep 2026 02:31:30 GMT', 'server': 'Apache/2.4.58 (Ubuntu)', 'content-type': 'application/json', 'x-compute-reques
    t-id': 'req-f5e04ce2-e1d0-429c-9a10-3a026bae92e0', 'content-length': '848', 'openstack-api-version': 'volume 3.0', 'vary': 'OpenStack-API-Version', 'x-openstack-request-id': 'req-f5e04ce2-e1d0-429c-9a10-3a026bae92e0', 'connection': 'close', 'status': '200', 'content-location': 'http://172.21.16.48/volume/v3/volumes/a9799778-7511-4987-9c42-a373baa5c78f'}
        Body: b'{"volume": {"id": "a9799778-7511-4987-9c42-a373baa5c78f", "status": "creating", "size": 1, "availability_zone": "nova", "created_at": "2026-09-07T02:31:30.000000", "updated_at": "2026-09-07T02:31:30.000000", "name": "tempest-VolumeManageAdminTest-Volume-390143480", "description": null, "volume_type": "__DEFAULT__", "snapshot_id": null, "source_volid": null, "metadata": {}, "links": [{"rel": "self", "href": "http://172.21.16.48/volume/v3/volumes/a9799778-7511-4987-9c42-a373baa5c78f"}, {"rel": "bookmark", "href": "http://172.21.16.48/volume/volumes/a9799778-7511-4987-9c42-a373baa5c78f"}], "user_id": "bf72e60330e9455499fdcea2ae57a218", "bootable": "false", "encrypted": false, "replication_status": null, "consistencygroup_id": null, "multiattach": false, "attachments": [], "os-vol-tenant-attr:tenant_id": "44dfa82266474bf79b2584a400f0a548"}}'
2026-09-07 10:31:32,009 1673228 INFO     [tempest.lib.common.rest_client] Request (VolumeManageAdminTest:test_unmanage_manage_volume): 200 GET http://172.21.16.48/volume/v3/volumes/a9799778-7511-4987-9c42-a373baa5c78f 0.025s
2026-09-07 10:31:32,010 1673228 DEBUG    [tempest.lib.common.rest_client] Request - Headers: {'Content-Type': 'application/json', 'Accept': 'application/json', 'X-Auth-Token': '<omitted>'}
        Body: None
    Response - Headers: {'date': 'Mon, 07 Sep 2026 02:31:31 GMT', 'server': 'Apache/2.4.58 (Ubuntu)', 'content-type': 'application/json', 'x-compute-request-id': 'req-f32087db-5cb6-47ed-9ba4-b8536c1a07a1', 'content-length': '894', 'openstack-api-version': 'volume 3.0', 'vary': 'OpenStack-API-Version', 'x-openstack-request-id': 'req-f32087db-5cb6-47ed-9ba4-b8536c1a07a1', 'connection': 'close', 'status': '200', 'content-location': 'http://172.21.16.48/volume/v3/volumes/a9799778-7511-4987-9c42-a373baa5c78f'}
        Body: b'{"volume": {"id": "a9799778-7511-4987-9c42-a373baa5c78f", "status": "available", "size": 1, "availability_zone": "nova", "created_at": "2026-09-07T02:31:30.000000", "updated_at": "2026-09-07T02:31:31.000000", "name": "tempest-VolumeManageAdminTest-Volume-390143480", "description": null, "volume_type": "__DEFAULT__", "snapshot_id": null, "source_volid": null, "metadata": {"lun_wwn": "60015eb66a909169e400110000002e95"}, "links": [{"rel": "self", "href": "http://172.21.16.48/volume/v3/volumes/a9799778-7511-4987-9c42-a373baa5c78f"}, {"rel": "bookmark", "href": "http://172.21.16.48/volume/volumes/a9799778-7511-4987-9c42-a373baa5c78f"}], "user_id": "bf72e60330e9455499fdcea2ae57a218", "bootable": "false", "encrypted": false, "replication_status": null, "consistencygroup_id": null, "multiattach": false, "attachments": [], "os-vol-tenant-attr:tenant_id": "44dfa82266474bf79b2584a400f0a548"}}'
2026-09-07 10:31:32,022 1673228 INFO     [tempest.common.waiters] volume a9799778-7511-4987-9c42-a373baa5c78f reached available after waiting for 3.022349 seconds
2026-09-07 10:31:32,163 1673228 INFO     [tempest.lib.common.rest_client] Request (VolumeManageAdminTest:test_unmanage_manage_volume): 200 GET http://172.21.16.48/volume/v3/volumes/a9799778-7511-4987-9c42-a373baa5c78f 0.140s
2026-09-07 10:31:32,163 1673228 DEBUG    [tempest.lib.common.rest_client] Request - Headers: {'Content-Type': 'application/json', 'Accept': 'application/json', 'X-Auth-Token': '<omitted>'}
        Body: None
    Response - Headers: {'date': 'Mon, 07 Sep 2026 02:31:32 GMT', 'server': 'Apache/2.4.58 (Ubuntu)', 'content-type': 'application/json', 'x-compute-request-id': 'req-8dbe47b0-efe8-4e93-a4b9-bab5c4bbef4b', 'content-length': '1062', 'openstack-api-version': 'volume 3.0', 'vary': 'OpenStack-API-Version', 'x-openstack-request-id': 'req-8dbe47b0-efe8-4e93-a4b9-bab5c4bbef4b', 'connection': 'close', 'status': '200', 'content
    -location': 'http://172.21.16.48/volume/v3/volumes/a9799778-7511-4987-9c42-a373baa5c78f'}
        Body: b'{"volume": {"id": "a9799778-7511-4987-9c42-a373baa5c78f", "status": "available", "size": 1, "availability_zone": "nova", "created_at": "2026-09-07T02:31:30.000000", "updated_at": "2026-09-07T02:31:31.000000", "name": "tempest-VolumeManageAdminTest-Volume-390143480", "description": null, "volume_type": "__DEFAULT__", "snapshot_id": null, "source_volid": null, "metadata": {"lun_wwn": "60015eb66a909169e400110000002e95"}, "links": [{"rel": "self", "href": "http://172.21.16.48/volume/v3/volumes/a9799778-7511-4987-9c42-a373baa5c78f"}, {"rel": "bookmark", "href": "http://172.21.16.48/volume/volumes/a9799778-7511-4987-9c42-a373baa5c78f"}], "user_id": "bf72e60330e9455499fdcea2ae57a218", "bootable": "false", "encrypted": false, "replication_status": null, "consistencygroup_id": null, "multiattach": false, "attachments": [], "migration_status": null, "os-vol-host-attr:host": "zteusr@ZTE_VSTORAGE_ISCSI-1#pool1", "os-vol-mig-status-attr:migstat": null, "os-vol-mig-status-attr:name_id": null, "os-vol-tenant-attr:tenant_id": "44dfa82266474bf79b2584a400f0a548"}}'
2026-09-07 10:31:32,203 1673228 INFO     [tempest.lib.common.rest_client] Request (VolumeManageAdminTest:test_unmanage_manage_volume): 202 POST http://172.21.16.48/volume/v3/volumes/a9799778-7511-4987-9c42-a373baa5c78f/action 0.032s
2026-09-07 10:31:32,204 1673228 DEBUG    [tempest.lib.common.rest_client] Request - Headers: {'Content-Type': 'application/json', 'Accept': 'application/json', 'X-Auth-Token': '<omitted>'}
        Body: {"os-unmanage": {}}
    Response - Headers: {'date': 'Mon, 07 Sep 2026 02:31:32 GMT', 'server': 'Apache/2.4.58 (Ubuntu)', 'content-length': '0', 'content-type': 'text/html; charset=UTF-8', 'openstack-api-version': 'volume 3.0', 'vary': 'OpenStack-API-Version', 'x-openstack-request-id': 'req-5397d6ac-8b24-4dbe-9426-ea55b5ba9f80', 'connection': 'close', 'status': '202', 'content-location': 'http://172.21.16.48/volume/v3/volumes/a9799778-7511-4987-9c42-a373baa5c78f/action'}
        Body: b''
2026-09-07 10:31:32,235 1673228 INFO     [tempest.lib.common.rest_client] Request (VolumeManageAdminTest:test_unmanage_manage_volume): 200 GET http://172.21.16.48/volume/v3/volumes/a9799778-7511-4987-9c42-a373baa5c78f 0.031s
2026-09-07 10:31:32,236 1673228 DEBUG    [tempest.lib.common.rest_client] Request - Headers: {'Content-Type': 'application/json', 'Accept': 'application/json', 'X-Auth-Token': '<omitted>'}
        Body: None
    Response - Headers: {'date': 'Mon, 07 Sep 2026 02:31:32 GMT', 'server': 'Apache/2.4.58 (Ubuntu)', 'content-type': 'application/json', 'x-compute-request-id': 'req-8ec89b78-fa5c-40a8-ad17-ae5b6c270287', 'content-length': '1063', 'openstack-api-version': 'volume 3.0', 'vary': 'OpenStack-API-Version', 'x-openstack-request-id': 'req-8ec89b78-fa5c-40a8-ad17-ae5b6c270287', 'connection': 'close', 'status': '200', 'content-location': 'http://172.21.16.48/volume/v3/volumes/a9799778-7511-4987-9c42-a373baa5c78f'}
        Body: b'{"volume": {"id": "a9799778-7511-4987-9c42-a373baa5c78f", "status": "unmanaging", "size": 1, "availability_zone": "nova", "created_at": "2026-09-07T02:31:30.000000", "updated_at": "2026-09-07T02:31:32.000000", "name": "tempest-VolumeManageAdminTest-Volume-390143480", "description": null, "volume_type": "__DEFAULT__", "snapshot_id": null, "source_volid": null, "metadata": {"lun_wwn": "60015eb66a909169e400110000002e95"}, "links": [{"rel": "self", "href": "http://172.21.16.48/volume/v3/volumes/a9799778-7511-4987-9c42-a373baa5c78f"}, {"rel": "bookmark", "href": "http://172.21.16.48/volume/volumes/a9799778-7511-4987-9c42-a373baa5c78f"}], "user_id": "bf72e60330e9455499fdcea2ae57a218", "bootable": "false", "encrypted": false, "replication_status": null, "consistencygroup_id": null, "multiattach": false, "attachments": [], "migration_status": null, "os-vol-host-attr:host": "zteusr@ZTE_VSTORAGE_ISCSI-1#pool1", "os-vol-mig-status-attr:migstat": null, "os-vol-mig-status-attr:name_id": null, "os-vol-tenant-attr:tenant_id": "44dfa82
    266474bf79b2584a400f0a548"}}'
2026-09-07 10:31:33,257 1673228 INFO     [tempest.lib.common.rest_client] Request (VolumeManageAdminTest:test_unmanage_manage_volume): 404 GET http://172.21.16.48/volume/v3/volumes/a9799778-7511-4987-9c42-a373baa5c78f 0.013s
2026-09-07 10:31:33,258 1673228 DEBUG    [tempest.lib.common.rest_client] Request - Headers: {'Content-Type': 'application/json', 'Accept': 'application/json', 'X-Auth-Token': '<omitted>'}
        Body: None
    Response - Headers: {'date': 'Mon, 07 Sep 2026 02:31:33 GMT', 'server': 'Apache/2.4.58 (Ubuntu)', 'openstack-api-version': 'volume 3.0', 'vary': 'OpenStack-API-Version', 'content-length': '109', 'content-type': 'application/json', 'x-compute-request-id': 'req-f0ae5795-90ba-480a-89b9-f081a3d6c88e', 'x-openstack-request-id': 'req-f0ae5795-90ba-480a-89b9-f081a3d6c88e', 'connection': 'close', 'status': '404', 'content-location': 'http://172.21.16.48/volume/v3/volumes/a9799778-7511-4987-9c42-a373baa5c78f'}
        Body: b'{"itemNotFound": {"code": 404, "message": "Volume a9799778-7511-4987-9c42-a373baa5c78f could not be found."}}'
2026-09-07 10:31:33,330 1673228 INFO     [tempest.lib.common.rest_client] Request (VolumeManageAdminTest:test_unmanage_manage_volume): 200 GET http://172.21.16.48/volume/v3/volumes/detail?all_tenants=1 0.072s
2026-09-07 10:31:33,331 1673228 DEBUG    [tempest.lib.common.rest_client] Request - Headers: {'Content-Type': 'application/json', 'Accept': 'application/json', 'X-Auth-Token': '<omitted>'}
        Body: None
    Response - Headers: {'date': 'Mon, 07 Sep 2026 02:31:33 GMT', 'server': 'Apache/2.4.58 (Ubuntu)', 'content-type': 'application/json', 'x-compute-request-id': 'req-f9505284-f249-4f7e-9b2c-1b2416a934a2', 'content-length': '12536', 'openstack-api-version': 'volume 3.0', 'vary': 'OpenStack-API-Version', 'x-openstack-request-id': 'req-f9505284-f249-4f7e-9b2c-1b2416a934a2', 'connection': 'close', 'status': '200', 'content-location': 'http://172.21.16.48/volume/v3/volumes/detail?all_tenants=1'}
        Body: b'{"volumes": [{"id": "11b4f398-db38-47fa-89e9-f3bd2bf54e7b", "status": "available", "size": 1, "availability_zone": "nova", "created_at": "2026-09-07T02:31:28.000000", "updated_at": "2026-09-07T02:31:30.000000", "name": "tempest-VolumesActionsTest-Volume-661909629", "description": null, "volume_type": "__DEFAULT__", "snapshot_id": null, "source_volid": null, "metadata": {"lun_wwn": "60015eb66a909169e400110000002e94"}, "links": [{"rel": "self", "href": "http://172.21.16.48/volume/v3/volumes/11b4f398-db38-47fa-89e9-f3bd2bf54e7b"}, {"rel": "bookmark", "href": "http://172.21.16.48/volume/volumes/11b4f398-db38-47fa-89e9-f3bd2bf54e7b"}], "user_id": "4c0c3a7407fb44749ae97582609ec358", "bootable": "false", "encrypted": false, "replication_status": null, "consistencygroup_id": null, "multiattach": false, "attachments": [], "migration_status": null, "os-vol-host-attr:host": "zteusr@ZTE_VSTORAGE_ISCSI-1#pool1", "os-vol-mig-status-attr:migstat": null, "os-vol-mig-status-attr:name_id": null, "os-vol-tenant-attr:tenant_id": "92640cca39ae406fb402f960ae82ce72"}, {"id": "bda55c0d-392f-4827-b028-aff72f785dd9", "status": "in-use", "size": 1, "availability_zone": "nova", "created_at": "2026-09-07T02:31:25.000000", "updated_at": "2026-09-07T02:31:32.000000", "name": "tempest-AttachVolumeTestJSON-volume-1383293069", "description": null, "volume_type": "__DEFAULT__", "snapshot_id": null, "source_volid": null, "metadata": {"lun_wwn": "60015eb66a909169e400110000002e93"}, "links": [{"rel": "self", "href": "http://172.21.16.48/volume/v3/volumes/bda55c0d-392f-4827-b028-aff72f785dd9"}, {"rel": "bookmark", "href": "http://172.21.16.48/volume/volumes/bda55c0d-392f-4827-b028-aff72f785dd9"}], "user_id": "9486a34a34704acd94c23790bc7f3b4a", "bootable": "false", "encrypted": false, "replication_status": null, "consistencygroup_id": null, "multiattach": false, "attachments": [{"id": "bda55c0d-392f-4827-b028-aff72f785dd9", "attachment_id": "5da8e161-098b-4328-a404-982acd0691ee", "volume_id": "bda55c0d-392f-4827-b028-aff72f785dd9", "server_id": "9e52faf1-39cd-4c79-9669
    -ed98ae4f8ee7", "host_name": "zteusr", "device": "/dev/vdc", "attached_at": "2026-09-07T02:31:29.000000"}], "migration_status": null, "os-vol-host-attr:host": "zteusr@ZTE_VSTORAGE_ISCSI-1#pool1", "os-vol-mig-status-attr:migstat": null, "os-vol-mig-status-attr:name_id": null, "os-vol-tenant-attr:tenant_id": "0c0b17671989417b809aec094cdd478d"}, {"id": "c0765329-1224-4f2e-b2a6-529d502bc412", "status": "detaching", "size": 1, "availability_zone": "nova", "created_at": "2026-09-07T02:31:18.000000", "updated_at": "2026-09-07T02:31:33.000000", "name": "tempest-AttachVolumeTestJSON-volume-1907810207", "description": null, "volume_type": "__DEFAULT__", "snapshot_id": null, "source_volid": null, "metadata": {"lun_wwn": "60015eb66a909169e400110000002e92"}, "links": [{"rel": "self", "href": "http://172.21.16.48/volume/v3/volumes/c0765329-1224-4f2e-b2a6-529d502bc412"}, {"rel": "bookmark", "href": "http://172.21.16.48/volume/volumes/c0765329-1224-4f2e-b2a6-529d502bc412"}], "user_id": "9486a34a34704acd94c23790bc7f3b4a", "bootable": "false", "encrypted": false, "replication_status": null, "consistencygroup_id": null, "multiattach": false, "attachments": [{"id": "c0765329-1224-4f2e-b2a6-529d502bc412", "attachment_id": "8dc2ec1d-af25-43ae-a96b-113b5e1b246e", "volume_id": "c0765329-1224-4f2e-b2a6-529d502bc412", "server_id": "9e52faf1-39cd-4c79-9669-ed98ae4f8ee7", "host_name": "zteusr", "device": "/dev/vdb", "attached_at": "2026-09-07T02:31:22.000000"}], "migration_status": null, "os-vol-host-attr:host": "zteusr@ZTE_VSTORAGE_ISCSI-1#pool1", "os-vol-mig-status-attr:migstat": null, "os-vol-mig-status-attr:name_id": null, "os-vol-tenant-attr:tenant_id": "0c0b17671989417b809aec094cdd478d"}, {"id": "843c16ad-58a9-4d4c-9d9d-764b0b7cccd1", "status": "reserved", "size": 1, "availability_zone": "nova", "created_at": "2026-09-07T02:31:15.000000", "updated_at": "2026-09-07T02:31:26.000000", "name": "tempest-tempest.common.compute-volume-276011229", "description": null, "volume_type": "__DEFAULT__", "snapshot_id": null, "sour
2026-09-07 10:31:33,480 1673228 INFO     [tempest.lib.common.rest_client] Request (VolumeManageAdminTest:test_unmanage_manage_volume): 202 POST http://172.21.16.48/volume/v3/os-volume-manage 0.137s
2026-09-07 10:31:33,480 1673228 DEBUG    [tempest.lib.common.rest_client] Request - Headers: {'Content-Type': 'application/json', 'Accept': 'application/json', 'X-Auth-Token': '<omitted>'}
        Body: {"volume": {"name": "tempest-VolumeManageAdminTest-volume-1529215935", "host": "zteusr@ZTE_VSTORAGE_ISCSI-1#pool1", "ref": {"source-name": "volume-a9799778-7511-4987-9c42-a373baa5c78f"}, "volume_type": "__DEFAULT__", "availability_zone": "nova"}}
    Response - Headers: {'date': 'Mon, 07 Sep 2026 02:31:33 GMT', 'server': 'Apache/2.4.58 (Ubuntu)', 'content-type': 'application/json', 'x-compute-request-id': 'req-d000276a-db99-4417-9cdb-e4f9c1346607', 'content-length': '783', 'openstack-api-version': 'volume 3.0', 'vary': 'OpenStack-API-Version', 'x-openstack-request-id': 'req-d000276a-db99-4417-9cdb-e4f9c1346607', 'connection': 'close', 'status': '202', 'content-location': 'http://172.21.16.48/volume/v3/os-volume-manage'}
        Body: b'{"volume": {"id": "b9604ee2-729a-4e92-9484-f20f4ec0a100", "status": "creating", "size": 0, "availability_zone": "nova", "created_at": "2026-09-07T02:31:33.430376", "updated_at": null, "name": "tempest-VolumeManageAdminTest-volume-1529215935", "description": null, "volume_type": "__DEFAULT__", "snapshot_id": null, "source_volid": null, "metadata": {}, "links": [{"rel": "self", "href": "http://172.21.16.48/volume/v3/volumes/b9604ee2-729a-4e92-9484-f20f4ec0a100"}, {"rel": "bookmark", "href": "http://172.21.16.48/volume/volumes/b9604ee2-729a-4e92-9484-f20f4ec0a100"}], "user_id": "da266e5d9c6a46aeb356fbc6d0a60f1f", "bootable": "false", "encrypted": false, "replication_status": null, "consistencygroup_id": null, "multiattach": false, "attachments": [], "migration_status": null}}'
2026-09-07 10:31:33,512 1673228 INFO     [tempest.lib.common.rest_client] Request (VolumeManageAdminTest:test_unmanage_manage_volume):
     200 GET http://172.21.16.48/volume/v3/volumes/b9604ee2-729a-4e92-9484-f20f4ec0a100 0.023s
2026-09-07 10:31:33,512 1673228 DEBUG    [tempest.lib.common.rest_client] Request - Headers: {'Content-Type': 'application/json', 'Accept': 'application/json', 'X-Auth-Token': '<omitted>'}
        Body: None
    Response - Headers: {'date': 'Mon, 07 Sep 2026 02:31:33 GMT', 'server': 'Apache/2.4.58 (Ubuntu)', 'content-type': 'application/json', 'x-compute-request-id': 'req-8385bfeb-4135-4bf5-b020-68a433766ab4', 'content-length': '1017', 'openstack-api-version': 'volume 3.0', 'vary': 'OpenStack-API-Version', 'x-openstack-request-id': 'req-8385bfeb-4135-4bf5-b020-68a433766ab4', 'connection': 'close', 'status': '200', 'content-location': 'http://172.21.16.48/volume/v3/volumes/b9604ee2-729a-4e92-9484-f20f4ec0a100'}
        Body: b'{"volume": {"id": "b9604ee2-729a-4e92-9484-f20f4ec0a100", "status": "creating", "size": 0, "availability_zone": "nova", "created_at": "2026-09-07T02:31:33.000000", "updated_at": "2026-09-07T02:31:33.000000", "name": "tempest-VolumeManageAdminTest-volume-1529215935", "description": null, "volume_type": "__DEFAULT__", "snapshot_id": null, "source_volid": null, "metadata": {}, "links": [{"rel": "self", "href": "http://172.21.16.48/volume/v3/volumes/b9604ee2-729a-4e92-9484-f20f4ec0a100"}, {"rel": "bookmark", "href": "http://172.21.16.48/volume/volumes/b9604ee2-729a-4e92-9484-f20f4ec0a100"}], "user_id": "da266e5d9c6a46aeb356fbc6d0a60f1f", "bootable": "false", "encrypted": false, "replication_status": null, "consistencygroup_id": null, "multiattach": false, "attachments": [], "migration_status": null, "os-vol-host-attr:host": "zteusr@ZTE_VSTORAGE_ISCSI-1#pool1", "os-vol-mig-status-attr:migstat": null, "os-vol-mig-status-attr:name_id": null, "os-vol-tenant-attr:tenant_id": "cbcd57250fc64300be65d1806fce8d9e"}}'
2026-09-07 10:31:34,546 1673228 INFO     [tempest.lib.common.rest_client] Request (VolumeManageAdminTest:test_unmanage_manage_volume): 200 GET http://172.21.16.48/volume/v3/volumes/b9604ee2-729a-4e92-9484-f20f4ec0a100 0.025s
2026-09-07 10:31:34,547 1673228 DEBUG    [tempest.lib.common.rest_client] Request - Headers: {'Content-Type': 'application/json', 'Accept': 'application/json', 'X-Auth-Token': '<omitted>'}
        Body: None
    Response - Headers: {'date': 'Mon, 07 Sep 2026 02:31:34 GMT', 'server': 'Apache/2.4.58 (Ubuntu)', 'content-type': 'application/json', 'x-compute-request-id': 'req-501793e6-3c7e-49d8-b356-3c3e62fe57e1', 'content-length': '1014', 'openstack-api-version': 'volume 3.0', 'vary': 'OpenStack-API-Version', 'x-openstack-request-id': 'req-501793e6-3c7e-49d8-b356-3c3e62fe57e1', 'connection': 'close', 'status': '200', 'content-location': 'http://172.21.16.48/volume/v3/volumes/b9604ee2-729a-4e92-9484-f20f4ec0a100'}
        Body: b'{"volume": {"id": "b9604ee2-729a-4e92-9484-f20f4ec0a100", "status": "error", "size": 0, "availability_zone": "nova", "created_at": "2026-09-07T02:31:33.000000", "updated_at": "2026-09-07T02:31:34.000000", "name": "tempest-VolumeManageAdminTest-volume-1529215935", "description": null, "volume_type": "__DEFAULT__", "snapshot_id": null, "source_volid": null, "metadata": {}, "links": [{"rel": "self", "href": "http://172.21.16.48/volume/v3/volumes/b9604ee2-729a-4e92-9484-f20f4ec0a100"}, {"rel": "bookmark", "href": "http://172.21.16.48/volume/volumes/b9604ee2-729a-4e92-9484-f20f4ec0a100"}], "user_id": "da266e5d9c6a46aeb356fbc6d0a60f1f", "bootable": "false", "encrypted": false, "replication_status": null, "consistencygroup_id": null, "multiattach": false, "attachments": [], "migration_status": null, "os-vol-host-attr:host": "zteusr@ZTE_VSTORAGE_ISCSI-1#pool1", "os-vol-mig-status-attr:migstat": null, "os-vol-mig-status-attr:name_id": null, "os-vol-tenant-attr:tenant_id": "cbcd57250fc64300be65d1806fce8d9e"}}'
2026-09-07 10:31:34,585 1673228 INFO     [tempest.lib.common.rest_client] Request (VolumeManageAdminTest:_run_cleanups): 202 DELETE http://172.21.16.48/volume/v3/volumes/b9604ee2-729a-4e92-9484-f20f4ec0a100 0.029s
2026-09-07 10:31:34,585 1673228 DEBUG    [tempest.lib.commo
    n.rest_client] Request - Headers: {'Content-Type': 'application/json', 'Accept': 'application/json', 'X-Auth-Token': '<omitted>'}
        Body: None
    Response - Headers: {'date': 'Mon, 07 Sep 2026 02:31:34 GMT', 'server': 'Apache/2.4.58 (Ubuntu)', 'content-length': '0', 'content-type': 'text/html; charset=UTF-8', 'openstack-api-version': 'volume 3.0', 'vary': 'OpenStack-API-Version', 'x-openstack-request-id': 'req-3a4bcc73-91d3-4f1b-817e-5934c937c5f6', 'connection': 'close', 'status': '202', 'content-location': 'http://172.21.16.48/volume/v3/volumes/b9604ee2-729a-4e92-9484-f20f4ec0a100'}
        Body: b''
2026-09-07 10:31:34,619 1673228 INFO     [tempest.lib.common.rest_client] Request (VolumeManageAdminTest:_run_cleanups): 200 GET http://172.21.16.48/volume/v3/volumes/b9604ee2-729a-4e92-9484-f20f4ec0a100 0.033s
2026-09-07 10:31:34,619 1673228 DEBUG    [tempest.lib.common.rest_client] Request - Headers: {'Content-Type': 'application/json', 'Accept': 'application/json', 'X-Auth-Token': '<omitted>'}
        Body: None
    Response - Headers: {'date': 'Mon, 07 Sep 2026 02:31:34 GMT', 'server': 'Apache/2.4.58 (Ubuntu)', 'content-type': 'application/json', 'x-compute-request-id': 'req-eeebed00-8e5a-453c-8c49-9c5dee406c70', 'content-length': '1017', 'openstack-api-version': 'volume 3.0', 'vary': 'OpenStack-API-Version', 'x-openstack-request-id': 'req-eeebed00-8e5a-453c-8c49-9c5dee406c70', 'connection': 'close', 'status': '200', 'content-location': 'http://172.21.16.48/volume/v3/volumes/b9604ee2-729a-4e92-9484-f20f4ec0a100'}
        Body: b'{"volume": {"id": "b9604ee2-729a-4e92-9484-f20f4ec0a100", "status": "deleting", "size": 0, "availability_zone": "nova", "created_at": "2026-09-07T02:31:33.000000", "updated_at": "2026-09-07T02:31:35.000000", "name": "tempest-VolumeManageAdminTest-volume-1529215935", "description": null, "volume_type": "__DEFAULT__", "snapshot_id": null, "source_volid": null, "metadata": {}, "links": [{"rel": "self", "href": "http://172.21.16.48/volume/v3/volumes/b9604ee2-729a-4e92-9484-f20f4ec0a100"}, {"rel": "bookmark", "href": "http://172.21.16.48/volume/volumes/b9604ee2-729a-4e92-9484-f20f4ec0a100"}], "user_id": "da266e5d9c6a46aeb356fbc6d0a60f1f", "bootable": "false", "encrypted": false, "replication_status": null, "consistencygroup_id": null, "multiattach": false, "attachments": [], "migration_status": null, "os-vol-host-attr:host": "zteusr@ZTE_VSTORAGE_ISCSI-1#pool1", "os-vol-mig-status-attr:migstat": null, "os-vol-mig-status-attr:name_id": null, "os-vol-tenant-attr:tenant_id": "cbcd57250fc64300be65d1806fce8d9e"}}'
2026-09-07 10:31:35,651 1673228 INFO     [tempest.lib.common.rest_client] Request (VolumeManageAdminTest:_run_cleanups): 404 GET http://172.21.16.48/volume/v3/volumes/b9604ee2-729a-4e92-9484-f20f4ec0a100 0.020s
2026-09-07 10:31:35,651 1673228 DEBUG    [tempest.lib.common.rest_client] Request - Headers: {'Content-Type': 'application/json', 'Accept': 'application/json', 'X-Auth-Token': '<omitted>'}
        Body: None
    Response - Headers: {'date': 'Mon, 07 Sep 2026 02:31:35 GMT', 'server': 'Apache/2.4.58 (Ubuntu)', 'openstack-api-version': 'volume 3.0', 'vary': 'OpenStack-API-Version', 'content-length': '109', 'content-type': 'application/json', 'x-compute-request-id': 'req-913b63e0-a5da-4b41-b701-0afb795209d1', 'x-openstack-request-id': 'req-913b63e0-a5da-4b41-b701-0afb795209d1', 'connection': 'close', 'status': '404', 'content-location': 'http://172.21.16.48/volume/v3/volumes/b9604ee2-729a-4e92-9484-f20f4ec0a100'}
        Body: b'{"itemNotFound": {"code": 404, "message": "Volume b9604ee2-729a-4e92-9484-f20f4ec0a100 could not be found."}}'
2026-09-07 10:31:35,666 1673228 INFO     [tempest.lib.common.rest_client] Request (VolumeManageAdminTest:_run_cleanups): 404 GET http://172.21.16.48/volume/v3/volumes/a9799778-7511-4987-9c42-a373baa5c78f 0.014s
2026-09-07 10:31:35,666 1673228 DEBUG    [tempest.lib.common.rest_client] Request - Headers: {'Content-Type': 'application/json', 'Accept': 'application/json', 'X-Auth-Token': '<omitted>'}
        Body: None
    Response - Headers: {'date': 'Mon,
     07 Sep 2026 02:31:35 GMT', 'server': 'Apache/2.4.58 (Ubuntu)', 'openstack-api-version': 'volume 3.0', 'vary': 'OpenStack-API-Version', 'content-length': '109', 'content-type': 'application/json', 'x-compute-request-id': 'req-6032f2c4-0f1a-46dd-855b-3f14d1d5bed3', 'x-openstack-request-id': 'req-6032f2c4-0f1a-46dd-855b-3f14d1d5bed3', 'connection': 'close', 'status': '404', 'content-location': 'http://172.21.16.48/volume/v3/volumes/a9799778-7511-4987-9c42-a373baa5c78f'}
        Body: b'{"itemNotFound": {"code": 404, "message": "Volume a9799778-7511-4987-9c42-a373baa5c78f could not be found."}}'
2026-09-07 10:31:35,680 1673228 INFO     [tempest.lib.common.rest_client] Request (VolumeManageAdminTest:_run_cleanups): 404 DELETE http://172.21.16.48/volume/v3/volumes/a9799778-7511-4987-9c42-a373baa5c78f 0.013s
2026-09-07 10:31:35,680 1673228 DEBUG    [tempest.lib.common.rest_client] Request - Headers: {'Content-Type': 'application/json', 'Accept': 'application/json', 'X-Auth-Token': '<omitted>'}
        Body: None
    Response - Headers: {'date': 'Mon, 07 Sep 2026 02:31:35 GMT', 'server': 'Apache/2.4.58 (Ubuntu)', 'openstack-api-version': 'volume 3.0', 'vary': 'OpenStack-API-Version', 'content-length': '109', 'content-type': 'application/json', 'x-compute-request-id': 'req-f957283f-d834-4928-8ed6-d367a1f77f50', 'x-openstack-request-id': 'req-f957283f-d834-4928-8ed6-d367a1f77f50', 'connection': 'close', 'status': '404', 'content-location': 'http://172.21.16.48/volume/v3/volumes/a9799778-7511-4987-9c42-a373baa5c78f'}
        Body: b'{"itemNotFound": {"code": 404, "message": "Volume a9799778-7511-4987-9c42-a373baa5c78f could not be found."}}'


tempest.api.volume.admin.test_volumes_actions.VolumesActionsTest.test_force_detach_volume[compute,id-d38285d9-929d-478f-96a5-00e66a115b81]
------------------------------------------------------------------------------------------------------------------------------------------

Captured traceback:
~~~~~~~~~~~~~~~~~~~
    Traceback (most recent call last):

      File "/opt/stack/tempest/tempest/common/utils/__init__.py", line 65, in wrapper
    return f(*func_args, **func_kwargs)
           ^^^^^^^^^^^^^^^^^^^^^^^^^^^^

      File "/opt/stack/tempest/tempest/api/volume/admin/test_volumes_actions.py", line 107, in test_force_detach_volume
    self.admin_volume_client.force_detach_volume(

      File "/opt/stack/tempest/tempest/lib/services/volume/v3/volumes_client.py", line 389, in force_detach_volume
    resp, body = self.post(url, post_body)
                 ^^^^^^^^^^^^^^^^^^^^^^^^^

      File "/opt/stack/tempest/tempest/lib/common/rest_client.py", line 317, in post
    resp_header, resp_body = self.request(
                             ^^^^^^^^^^^^^

      File "/opt/stack/tempest/tempest/lib/services/volume/base_client.py", line 39, in request
    resp, resp_body = super(BaseClient, self).request(
                      ^^^^^^^^^^^^^^^^^^^^^^^^^^^^^^^^

      File "/opt/stack/tempest/tempest/lib/common/rest_client.py", line 767, in request
    self._error_checker(resp, resp_body)

      File "/opt/stack/tempest/tempest/lib/common/rest_client.py", line 952, in _error_checker
    raise exceptions.ServerFault(resp_body, resp=resp,

    tempest.lib.exceptions.ServerFault: Got server fault
Details: Unable to terminate volume connection from backend.


Captured pythonlogging:
~~~~~~~~~~~~~~~~~~~~~~~
    2026-09-07 10:32:08,518 1673304 INFO     [tempest.lib.common.rest_client] Request (VolumesActionsTest:test_force_detach_volume): 201 POST http://172.21.16.48/identity/v3/auth/tokens 0.077s
2026-09-07 10:32:08,518 1673304 DEBUG    [tempest.lib.common.rest_client] Request - Headers: {'Content-Type': 'application/json', 'Accept': 'application/json'}
        Body: <omitted>
    Response - Headers: {'date': 'Mon, 07 Sep 2026 02:32:08 GMT', 'server': 'Apache/2.4.58 (Ubuntu)', 'content-type': 'application/json', 'content-length': '2499', 'x-subject-token': '<omitted>', 'vary': 'X-Auth-Token', 'x-openstack-request-id': 'req-aab09293-1362-4e45-b878-2a152ba7897b', 'connection': 'close', 'status': '201', 'content-location': 'http://172.21.16.48/identity/v3/auth/tokens'}
        Body: b'{"token": {"methods": ["password"], "user": {"domain": {"id": "default", "name": "Default"}, "id": "05936363e60f495eb883a2707f9fd9f1", "name": "tempest-VolumesActionsTest-1078371621-project-member", "password_expires_at": null}, "audit_ids": ["ZiYm7z-HRZKNfBzfAnNnnA"], "expires_at": "2026-09-07T03:32:08.000000Z", "issued_at": "2026-09-07T02:32:08.000000Z", "project": {"domain": {"id": "default", "name": "Default"}, "id": "26b0da40e15a4c249043ef771c8df110", "name": "tempest-VolumesActionsTest-1078371621"}, "is_domain": false, "roles": [{"id": "3ef9e1901aef4331a7ef6890414e876b", "name": "reader"}, {"id": "f0c902c1d27647db84d3364d71116324", "name": "member"}], "catalog": [{"endpoints": [{"id": "4793cc266e5a47169ed04883bd05e4d8", "interface": "public", "region_id": "RegionOne", "url": "http://172.21.16.48/identity", "region": "RegionOne"}], "id": "13ce648834264991b5de9d395d56fe9b", "type": "identity", "name": "keystone"}, {"endpoints": [{"id": "45279045403c469f9f96bf30b7d32ae5", "interface": "public", "region_id": "RegionOne", "url": "http://172.21.16.48/networking", "region": "RegionOne"}], "id": "31fc45254fc54b98b3fddb1dacafe1de", "type": "network", "name": "neutron"}, {"endpoints": [{"id": "bb506d94ae1645fdab573c33a1137d4e", "interface": "public", "region_id": "RegionOne", "url": "http://172.21.16.48/placement", "region": "RegionOne"}], "id": "670bed1dd5b74e80adb77ca1fa7a9748", "type": "placement", "name": "placement"}, {"endpoints": [{"id": "9e20bc32decc4385b13b0874ac2b6f15", "interface": "public", "region_id": "RegionOne", "url": "http://172.21.16.48/image", "region": "RegionOne"}], "id": "9ae04292c4b149678c54055a3523c771", "type": "image", "name": "glance"}, {"endpoints": [{"id": "dac37c18b3d14dc7b7f4ab0307ca7876", "interface": "public", "region_id": "RegionOne", "url": "http://172.21.16.48/compute/v2/26b0da40e15a4c249043ef771c8df110", "region": "RegionOne"}], "id": "b7459395849642e1a9ec5a6522617807", "type": "compute_legacy", "name": "nova_legacy"}, {"endpoints": [{"id": "3cd65348685f4c79ac5c2d38f375b89f", "interface": "public", "region_id": "RegionOne", "url": "http://172.21.16.48/volume/v3", "region": "RegionOne"}], "id": "ce27e67ae2c14ba787e6c8545ce4653a", "type": "block-storage", "name": "cinder"}, {"endpoints": [{"id": "5a998c9c9df640e38a987a608fbead09", "interface": "public", "region_id": "RegionOne", "url": "http://172.21.16.48/compute/v2.1", "region": "RegionOne"}], "id": "db923492e91049e296224b33dd0c4b00", "type": "compute", "name": "nova"}]}}'
2026-09-07 10:32:08,519 1673304 INFO     [tempest.lib.common.fixed_network] (VolumesActionsTest:test_force_detach_volume) Found network {'id': 'ea6e7844-d5b1-4a9c-8827-21d897c2e887', 'name': 'tempest-VolumesActionsTest-421035087-network', 'tenant_id': '26b0da40e15a4c249043ef771c8df110', 'project_id': '26b0da40e15a4c249043ef771c8df110', 'admin_state_up': True, 'mtu': 1442, 'status': 'ACTIVE', 'subnets': [], 'shared': False, 'port_security_enabled': True, 'router:external': False, 'provider:network_type': 'geneve', 'provider:physical_network': None, 'provider:segmentation_id': 42073, 'vlan_transparent': False, 'qinq': False, 'is_default': False, 'availability_zone_hints': [], 'availability_zones': [], 'ipv4_address_scope': None, 'ipv6_address_scope': None, 'description': '', 'tags': [], 'created_at':
     '2026-09-07T02:31:57Z', 'updated_at': '2026-09-07T02:31:57Z', 'revision_number': 1} available for tenant
2026-09-07 10:32:08,994 1673304 INFO     [tempest.lib.common.rest_client] Request (VolumesActionsTest:test_force_detach_volume): 202 POST http://172.21.16.48/compute/v2.1/servers 0.474s
2026-09-07 10:32:08,995 1673304 DEBUG    [tempest.lib.common.rest_client] Request - Headers: {'Content-Type': 'application/json', 'Accept': 'application/json', 'X-Auth-Token': '<omitted>'}
        Body: {"server": {"name": "tempest-VolumesActionsTest-instance-1101429772", "imageRef": "c40e0f49-dfcb-4f0c-85f6-961051435368", "flavorRef": "42", "networks": [{"uuid": "ea6e7844-d5b1-4a9c-8827-21d897c2e887"}]}}
    Response - Headers: {'date': 'Mon, 07 Sep 2026 02:32:08 GMT', 'server': 'Apache/2.4.58 (Ubuntu)', 'content-length': '382', 'location': 'http://172.21.16.48/compute/v2.1/servers/b8bc496e-5db8-4012-82cc-d39f07b89bbe', 'content-type': 'application/json', 'openstack-api-version': 'compute 2.1', 'x-openstack-nova-api-version': '2.1', 'vary': 'OpenStack-API-Version,X-OpenStack-Nova-API-Version', 'x-openstack-request-id': 'req-653ea40b-fdd5-452f-b166-4d020f76d997', 'x-compute-request-id': 'req-653ea40b-fdd5-452f-b166-4d020f76d997', 'connection': 'close', 'status': '202', 'content-location': 'http://172.21.16.48/compute/v2.1/servers'}
        Body: b'{"server": {"id": "b8bc496e-5db8-4012-82cc-d39f07b89bbe", "links": [{"rel": "self", "href": "http://172.21.16.48/compute/v2.1/servers/b8bc496e-5db8-4012-82cc-d39f07b89bbe"}, {"rel": "bookmark", "href": "http://172.21.16.48/compute/servers/b8bc496e-5db8-4012-82cc-d39f07b89bbe"}], "OS-DCF:diskConfig": "MANUAL", "security_groups": [{"name": "default"}], "adminPass": "nNXWZpv92A6P"}}'
2026-09-07 10:32:09,077 1673304 INFO     [tempest.lib.common.rest_client] Request (VolumesActionsTest:test_force_detach_volume): 200 GET http://172.21.16.48/compute/v2.1/servers/b8bc496e-5db8-4012-82cc-d39f07b89bbe 0.080s
2026-09-07 10:32:09,077 1673304 DEBUG    [tempest.lib.common.rest_client] Request - Headers: {'Content-Type': 'application/json', 'Accept': 'application/json', 'X-Auth-Token': '<omitted>'}
        Body: None
    Response - Headers: {'date': 'Mon, 07 Sep 2026 02:32:08 GMT', 'server': 'Apache/2.4.58 (Ubuntu)', 'content-length': '1216', 'content-type': 'application/json', 'openstack-api-version': 'compute 2.1', 'x-openstack-nova-api-version': '2.1', 'vary': 'OpenStack-API-Version,X-OpenStack-Nova-API-Version', 'x-openstack-request-id': 'req-74ca6b4d-8d7d-4c66-b165-3738fad05078', 'x-compute-request-id': 'req-74ca6b4d-8d7d-4c66-b165-3738fad05078', 'connection': 'close', 'status': '200', 'content-location': 'http://172.21.16.48/compute/v2.1/servers/b8bc496e-5db8-4012-82cc-d39f07b89bbe'}
        Body: b'{"server": {"accessIPv4": "", "accessIPv6": "", "addresses": {}, "created": "2026-09-07T02:32:09Z", "flavor": {"id": "42", "links": [{"rel": "bookmark", "href": "http://172.21.16.48/compute/flavors/42"}]}, "hostId": "", "id": "b8bc496e-5db8-4012-82cc-d39f07b89bbe", "image": {"id": "c40e0f49-dfcb-4f0c-85f6-961051435368", "links": [{"rel": "bookmark", "href": "http://172.21.16.48/compute/images/c40e0f49-dfcb-4f0c-85f6-961051435368"}]}, "links": [{"rel": "self", "href": "http://172.21.16.48/compute/v2.1/servers/b8bc496e-5db8-4012-82cc-d39f07b89bbe"}, {"rel": "bookmark", "href": "http://172.21.16.48/compute/servers/b8bc496e-5db8-4012-82cc-d39f07b89bbe"}], "metadata": {}, "name": "tempest-VolumesActionsTest-instance-1101429772", "status": "BUILD", "tenant_id": "26b0da40e15a4c249043ef771c8df110", "user_id": "05936363e60f495eb883a2707f9fd9f1", "updated": "2026-09-07T02:32:09Z", "OS-DCF:diskConfig": "MANUAL", "progress": 0, "OS-EXT-AZ:availability_zone": "", "config_drive": "", "key_name": null, "OS-SRV-USG:launched_at": null, "OS-SRV-USG:terminated_at": null, "OS-EXT-STS:task_state": "scheduling", "OS-EXT-STS:vm_state": "building", "OS-EXT-STS:power_state": 0, "os-extended-volumes:volumes_attached": []}}'
2026-09-07 10:32:10,159 1673304 INFO     [tempest.lib.common.rest_client] Request (VolumesActionsTest:test_f
    orce_detach_volume): 200 GET http://172.21.16.48/compute/v2.1/servers/b8bc496e-5db8-4012-82cc-d39f07b89bbe 0.069s
2026-09-07 10:32:10,159 1673304 DEBUG    [tempest.lib.common.rest_client] Request - Headers: {'Content-Type': 'application/json', 'Accept': 'application/json', 'X-Auth-Token': '<omitted>'}
        Body: None
    Response - Headers: {'date': 'Mon, 07 Sep 2026 02:32:10 GMT', 'server': 'Apache/2.4.58 (Ubuntu)', 'content-length': '1268', 'content-type': 'application/json', 'openstack-api-version': 'compute 2.1', 'x-openstack-nova-api-version': '2.1', 'vary': 'OpenStack-API-Version,X-OpenStack-Nova-API-Version', 'x-openstack-request-id': 'req-fff8ea2f-3daa-4d2b-81ba-6f4bbec14754', 'x-compute-request-id': 'req-fff8ea2f-3daa-4d2b-81ba-6f4bbec14754', 'connection': 'close', 'status': '200', 'content-location': 'http://172.21.16.48/compute/v2.1/servers/b8bc496e-5db8-4012-82cc-d39f07b89bbe'}
        Body: b'{"server": {"accessIPv4": "", "accessIPv6": "", "addresses": {}, "created": "2026-09-07T02:32:08Z", "flavor": {"id": "42", "links": [{"rel": "bookmark", "href": "http://172.21.16.48/compute/flavors/42"}]}, "hostId": "0aa2c7a5d4e268423c0ff0f777015f1666874ae0e7f495ee03f8d73e", "id": "b8bc496e-5db8-4012-82cc-d39f07b89bbe", "image": {"id": "c40e0f49-dfcb-4f0c-85f6-961051435368", "links": [{"rel": "bookmark", "href": "http://172.21.16.48/compute/images/c40e0f49-dfcb-4f0c-85f6-961051435368"}]}, "links": [{"rel": "self", "href": "http://172.21.16.48/compute/v2.1/servers/b8bc496e-5db8-4012-82cc-d39f07b89bbe"}, {"rel": "bookmark", "href": "http://172.21.16.48/compute/servers/b8bc496e-5db8-4012-82cc-d39f07b89bbe"}], "metadata": {}, "name": "tempest-VolumesActionsTest-instance-1101429772", "status": "BUILD", "tenant_id": "26b0da40e15a4c249043ef771c8df110", "user_id": "05936363e60f495eb883a2707f9fd9f1", "updated": "2026-09-07T02:32:10Z", "OS-DCF:diskConfig": "MANUAL", "progress": 0, "OS-EXT-AZ:availability_zone": "nova", "config_drive": "", "key_name": null, "OS-SRV-USG:launched_at": null, "OS-SRV-USG:terminated_at": null, "OS-EXT-STS:task_state": null, "OS-EXT-STS:vm_state": "building", "OS-EXT-STS:power_state": 0, "os-extended-volumes:volumes_attached": []}}'
2026-09-07 10:32:10,167 1673304 INFO     [tempest.common.waiters] State transition "BUILD/scheduling" ==> "BUILD/None" after 1 second wait
2026-09-07 10:32:11,331 1673304 INFO     [tempest.lib.common.rest_client] Request (VolumesActionsTest:test_force_detach_volume): 200 GET http://172.21.16.48/compute/v2.1/servers/b8bc496e-5db8-4012-82cc-d39f07b89bbe 0.163s
2026-09-07 10:32:11,331 1673304 DEBUG    [tempest.lib.common.rest_client] Request - Headers: {'Content-Type': 'application/json', 'Accept': 'application/json', 'X-Auth-Token': '<omitted>'}
        Body: None
    Response - Headers: {'date': 'Mon, 07 Sep 2026 02:32:11 GMT', 'server': 'Apache/2.4.58 (Ubuntu)', 'content-length': '1316', 'content-type': 'application/json', 'openstack-api-version': 'compute 2.1', 'x-openstack-nova-api-version': '2.1', 'vary': 'OpenStack-API-Version,X-OpenStack-Nova-API-Version', 'x-openstack-request-id': 'req-876f5b49-83c8-414f-9c2e-415556c254cd', 'x-compute-request-id': 'req-876f5b49-83c8-414f-9c2e-415556c254cd', 'connection': 'close', 'status': '200', 'content-location': 'http://172.21.16.48/compute/v2.1/servers/b8bc496e-5db8-4012-82cc-d39f07b89bbe'}
        Body: b'{"server": {"accessIPv4": "", "accessIPv6": "", "addresses": {}, "created": "2026-09-07T02:32:08Z", "flavor": {"id": "42", "links": [{"rel": "bookmark", "href": "http://172.21.16.48/compute/flavors/42"}]}, "hostId": "0aa2c7a5d4e268423c0ff0f777015f1666874ae0e7f495ee03f8d73e", "id": "b8bc496e-5db8-4012-82cc-d39f07b89bbe", "image": {"id": "c40e0f49-dfcb-4f0c-85f6-961051435368", "links": [{"rel": "bookmark", "href": "http://172.21.16.48/compute/images/c40e0f49-dfcb-4f0c-85f6-961051435368"}]}, "links": [{"rel": "self", "href": "http://172.21.16.48/compute/v2.1/servers/b8bc496e-5db8-4012-82cc-d39f07b89bbe"}, {"rel": "bookmark", "href": "http://172.21.16.48/compute/servers/b8bc496e-5db8-4012-82cc-d39f07b89bbe"}], "metadata": {}, "na
    me": "tempest-VolumesActionsTest-instance-1101429772", "status": "BUILD", "tenant_id": "26b0da40e15a4c249043ef771c8df110", "user_id": "05936363e60f495eb883a2707f9fd9f1", "updated": "2026-09-07T02:32:11Z", "OS-DCF:diskConfig": "MANUAL", "progress": 0, "OS-EXT-AZ:availability_zone": "nova", "config_drive": "", "key_name": null, "OS-SRV-USG:launched_at": null, "OS-SRV-USG:terminated_at": null, "security_groups": [{"name": "default"}], "OS-EXT-STS:task_state": "spawning", "OS-EXT-STS:vm_state": "building", "OS-EXT-STS:power_state": 0, "os-extended-volumes:volumes_attached": []}}'
2026-09-07 10:32:11,344 1673304 INFO     [tempest.common.waiters] State transition "BUILD/None" ==> "BUILD/spawning" after 2 second wait
2026-09-07 10:32:12,524 1673304 INFO     [tempest.lib.common.rest_client] Request (VolumesActionsTest:test_force_detach_volume): 200 GET http://172.21.16.48/compute/v2.1/servers/b8bc496e-5db8-4012-82cc-d39f07b89bbe 0.179s
2026-09-07 10:32:12,524 1673304 DEBUG    [tempest.lib.common.rest_client] Request - Headers: {'Content-Type': 'application/json', 'Accept': 'application/json', 'X-Auth-Token': '<omitted>'}
        Body: None
    Response - Headers: {'date': 'Mon, 07 Sep 2026 02:32:12 GMT', 'server': 'Apache/2.4.58 (Ubuntu)', 'content-length': '1316', 'content-type': 'application/json', 'openstack-api-version': 'compute 2.1', 'x-openstack-nova-api-version': '2.1', 'vary': 'OpenStack-API-Version,X-OpenStack-Nova-API-Version', 'x-openstack-request-id': 'req-7508222e-8786-4598-9a2d-286f4dfce226', 'x-compute-request-id': 'req-7508222e-8786-4598-9a2d-286f4dfce226', 'connection': 'close', 'status': '200', 'content-location': 'http://172.21.16.48/compute/v2.1/servers/b8bc496e-5db8-4012-82cc-d39f07b89bbe'}
        Body: b'{"server": {"accessIPv4": "", "accessIPv6": "", "addresses": {}, "created": "2026-09-07T02:32:08Z", "flavor": {"id": "42", "links": [{"rel": "bookmark", "href": "http://172.21.16.48/compute/flavors/42"}]}, "hostId": "0aa2c7a5d4e268423c0ff0f777015f1666874ae0e7f495ee03f8d73e", "id": "b8bc496e-5db8-4012-82cc-d39f07b89bbe", "image": {"id": "c40e0f49-dfcb-4f0c-85f6-961051435368", "links": [{"rel": "bookmark", "href": "http://172.21.16.48/compute/images/c40e0f49-dfcb-4f0c-85f6-961051435368"}]}, "links": [{"rel": "self", "href": "http://172.21.16.48/compute/v2.1/servers/b8bc496e-5db8-4012-82cc-d39f07b89bbe"}, {"rel": "bookmark", "href": "http://172.21.16.48/compute/servers/b8bc496e-5db8-4012-82cc-d39f07b89bbe"}], "metadata": {}, "name": "tempest-VolumesActionsTest-instance-1101429772", "status": "BUILD", "tenant_id": "26b0da40e15a4c249043ef771c8df110", "user_id": "05936363e60f495eb883a2707f9fd9f1", "updated": "2026-09-07T02:32:11Z", "OS-DCF:diskConfig": "MANUAL", "progress": 0, "OS-EXT-AZ:availability_zone": "nova", "config_drive": "", "key_name": null, "OS-SRV-USG:launched_at": null, "OS-SRV-USG:terminated_at": null, "security_groups": [{"name": "default"}], "OS-EXT-STS:task_state": "spawning", "OS-EXT-STS:vm_state": "building", "OS-EXT-STS:power_state": 0, "os-extended-volumes:volumes_attached": []}}'
2026-09-07 10:32:13,655 1673304 INFO     [tempest.lib.common.rest_client] Request (VolumesActionsTest:test_force_detach_volume): 200 GET http://172.21.16.48/compute/v2.1/servers/b8bc496e-5db8-4012-82cc-d39f07b89bbe 0.123s
2026-09-07 10:32:13,656 1673304 DEBUG    [tempest.lib.common.rest_client] Request - Headers: {'Content-Type': 'application/json', 'Accept': 'application/json', 'X-Auth-Token': '<omitted>'}
        Body: None
    Response - Headers: {'date': 'Mon, 07 Sep 2026 02:32:13 GMT', 'server': 'Apache/2.4.58 (Ubuntu)', 'content-length': '1316', 'content-type': 'application/json', 'openstack-api-version': 'compute 2.1', 'x-openstack-nova-api-version': '2.1', 'vary': 'OpenStack-API-Version,X-OpenStack-Nova-API-Version', 'x-openstack-request-id': 'req-c3931afd-6a59-4bae-b790-09c2d097ac00', 'x-compute-request-id': 'req-c3931afd-6a59-4bae-b790-09c2d097ac00', 'connection': 'close', 'status': '200', 'content-location': 'http://172.21.16.48/compute/v2.1/servers/b8bc496e-5db8-4012-82cc-d39f07b89bbe'}
        Body: 
    b'{"server": {"accessIPv4": "", "accessIPv6": "", "addresses": {}, "created": "2026-09-07T02:32:08Z", "flavor": {"id": "42", "links": [{"rel": "bookmark", "href": "http://172.21.16.48/compute/flavors/42"}]}, "hostId": "0aa2c7a5d4e268423c0ff0f777015f1666874ae0e7f495ee03f8d73e", "id": "b8bc496e-5db8-4012-82cc-d39f07b89bbe", "image": {"id": "c40e0f49-dfcb-4f0c-85f6-961051435368", "links": [{"rel": "bookmark", "href": "http://172.21.16.48/compute/images/c40e0f49-dfcb-4f0c-85f6-961051435368"}]}, "links": [{"rel": "self", "href": "http://172.21.16.48/compute/v2.1/servers/b8bc496e-5db8-4012-82cc-d39f07b89bbe"}, {"rel": "bookmark", "href": "http://172.21.16.48/compute/servers/b8bc496e-5db8-4012-82cc-d39f07b89bbe"}], "metadata": {}, "name": "tempest-VolumesActionsTest-instance-1101429772", "status": "BUILD", "tenant_id": "26b0da40e15a4c249043ef771c8df110", "user_id": "05936363e60f495eb883a2707f9fd9f1", "updated": "2026-09-07T02:32:11Z", "OS-DCF:diskConfig": "MANUAL", "progress": 0, "OS-EXT-AZ:availability_zone": "nova", "config_drive": "", "key_name": null, "OS-SRV-USG:launched_at": null, "OS-SRV-USG:terminated_at": null, "security_groups": [{"name": "default"}], "OS-EXT-STS:task_state": "spawning", "OS-EXT-STS:vm_state": "building", "OS-EXT-STS:power_state": 0, "os-extended-volumes:volumes_attached": []}}'
2026-09-07 10:32:14,817 1673304 INFO     [tempest.lib.common.rest_client] Request (VolumesActionsTest:test_force_detach_volume): 200 GET http://172.21.16.48/compute/v2.1/servers/b8bc496e-5db8-4012-82cc-d39f07b89bbe 0.153s
2026-09-07 10:32:14,817 1673304 DEBUG    [tempest.lib.common.rest_client] Request - Headers: {'Content-Type': 'application/json', 'Accept': 'application/json', 'X-Auth-Token': '<omitted>'}
        Body: None
    Response - Headers: {'date': 'Mon, 07 Sep 2026 02:32:14 GMT', 'server': 'Apache/2.4.58 (Ubuntu)', 'content-length': '1316', 'content-type': 'application/json', 'openstack-api-version': 'compute 2.1', 'x-openstack-nova-api-version': '2.1', 'vary': 'OpenStack-API-Version,X-OpenStack-Nova-API-Version', 'x-openstack-request-id': 'req-16f4d251-13af-4d9c-95aa-a8a7a8020c86', 'x-compute-request-id': 'req-16f4d251-13af-4d9c-95aa-a8a7a8020c86', 'connection': 'close', 'status': '200', 'content-location': 'http://172.21.16.48/compute/v2.1/servers/b8bc496e-5db8-4012-82cc-d39f07b89bbe'}
        Body: b'{"server": {"accessIPv4": "", "accessIPv6": "", "addresses": {}, "created": "2026-09-07T02:32:08Z", "flavor": {"id": "42", "links": [{"rel": "bookmark", "href": "http://172.21.16.48/compute/flavors/42"}]}, "hostId": "0aa2c7a5d4e268423c0ff0f777015f1666874ae0e7f495ee03f8d73e", "id": "b8bc496e-5db8-4012-82cc-d39f07b89bbe", "image": {"id": "c40e0f49-dfcb-4f0c-85f6-961051435368", "links": [{"rel": "bookmark", "href": "http://172.21.16.48/compute/images/c40e0f49-dfcb-4f0c-85f6-961051435368"}]}, "links": [{"rel": "self", "href": "http://172.21.16.48/compute/v2.1/servers/b8bc496e-5db8-4012-82cc-d39f07b89bbe"}, {"rel": "bookmark", "href": "http://172.21.16.48/compute/servers/b8bc496e-5db8-4012-82cc-d39f07b89bbe"}], "metadata": {}, "name": "tempest-VolumesActionsTest-instance-1101429772", "status": "BUILD", "tenant_id": "26b0da40e15a4c249043ef771c8df110", "user_id": "05936363e60f495eb883a2707f9fd9f1", "updated": "2026-09-07T02:32:11Z", "OS-DCF:diskConfig": "MANUAL", "progress": 0, "OS-EXT-AZ:availability_zone": "nova", "config_drive": "", "key_name": null, "OS-SRV-USG:launched_at": null, "OS-SRV-USG:terminated_at": null, "security_groups": [{"name": "default"}], "OS-EXT-STS:task_state": "spawning", "OS-EXT-STS:vm_state": "building", "OS-EXT-STS:power_state": 0, "os-extended-volumes:volumes_attached": []}}'
2026-09-07 10:32:15,993 1673304 INFO     [tempest.lib.common.rest_client] Request (VolumesActionsTest:test_force_detach_volume): 200 GET http://172.21.16.48/compute/v2.1/servers/b8bc496e-5db8-4012-82cc-d39f07b89bbe 0.168s
2026-09-07 10:32:15,994 1673304 DEBUG    [tempest.lib.common.rest_client] Request - Headers: {'Content-Type': 'application/json', 'Accept': 'application/json', 'X-Auth-Token': '<omitted>'}
        Body: Non
    e
    Response - Headers: {'date': 'Mon, 07 Sep 2026 02:32:15 GMT', 'server': 'Apache/2.4.58 (Ubuntu)', 'content-length': '1316', 'content-type': 'application/json', 'openstack-api-version': 'compute 2.1', 'x-openstack-nova-api-version': '2.1', 'vary': 'OpenStack-API-Version,X-OpenStack-Nova-API-Version', 'x-openstack-request-id': 'req-855f1b28-29b2-434c-921e-5b403705663d', 'x-compute-request-id': 'req-855f1b28-29b2-434c-921e-5b403705663d', 'connection': 'close', 'status': '200', 'content-location': 'http://172.21.16.48/compute/v2.1/servers/b8bc496e-5db8-4012-82cc-d39f07b89bbe'}
        Body: b'{"server": {"accessIPv4": "", "accessIPv6": "", "addresses": {}, "created": "2026-09-07T02:32:08Z", "flavor": {"id": "42", "links": [{"rel": "bookmark", "href": "http://172.21.16.48/compute/flavors/42"}]}, "hostId": "0aa2c7a5d4e268423c0ff0f777015f1666874ae0e7f495ee03f8d73e", "id": "b8bc496e-5db8-4012-82cc-d39f07b89bbe", "image": {"id": "c40e0f49-dfcb-4f0c-85f6-961051435368", "links": [{"rel": "bookmark", "href": "http://172.21.16.48/compute/images/c40e0f49-dfcb-4f0c-85f6-961051435368"}]}, "links": [{"rel": "self", "href": "http://172.21.16.48/compute/v2.1/servers/b8bc496e-5db8-4012-82cc-d39f07b89bbe"}, {"rel": "bookmark", "href": "http://172.21.16.48/compute/servers/b8bc496e-5db8-4012-82cc-d39f07b89bbe"}], "metadata": {}, "name": "tempest-VolumesActionsTest-instance-1101429772", "status": "BUILD", "tenant_id": "26b0da40e15a4c249043ef771c8df110", "user_id": "05936363e60f495eb883a2707f9fd9f1", "updated": "2026-09-07T02:32:11Z", "OS-DCF:diskConfig": "MANUAL", "progress": 0, "OS-EXT-AZ:availability_zone": "nova", "config_drive": "", "key_name": null, "OS-SRV-USG:launched_at": null, "OS-SRV-USG:terminated_at": null, "security_groups": [{"name": "default"}], "OS-EXT-STS:task_state": "spawning", "OS-EXT-STS:vm_state": "building", "OS-EXT-STS:power_state": 0, "os-extended-volumes:volumes_attached": []}}'
2026-09-07 10:32:17,192 1673304 INFO     [tempest.lib.common.rest_client] Request (VolumesActionsTest:test_force_detach_volume): 200 GET http://172.21.16.48/compute/v2.1/servers/b8bc496e-5db8-4012-82cc-d39f07b89bbe 0.190s
2026-09-07 10:32:17,192 1673304 DEBUG    [tempest.lib.common.rest_client] Request - Headers: {'Content-Type': 'application/json', 'Accept': 'application/json', 'X-Auth-Token': '<omitted>'}
        Body: None
    Response - Headers: {'date': 'Mon, 07 Sep 2026 02:32:17 GMT', 'server': 'Apache/2.4.58 (Ubuntu)', 'content-length': '1316', 'content-type': 'application/json', 'openstack-api-version': 'compute 2.1', 'x-openstack-nova-api-version': '2.1', 'vary': 'OpenStack-API-Version,X-OpenStack-Nova-API-Version', 'x-openstack-request-id': 'req-496c4e3f-90f6-41a8-b131-f5f693b84e98', 'x-compute-request-id': 'req-496c4e3f-90f6-41a8-b131-f5f693b84e98', 'connection': 'close', 'status': '200', 'content-location': 'http://172.21.16.48/compute/v2.1/servers/b8bc496e-5db8-4012-82cc-d39f07b89bbe'}
        Body: b'{"server": {"accessIPv4": "", "accessIPv6": "", "addresses": {}, "created": "2026-09-07T02:32:08Z", "flavor": {"id": "42", "links": [{"rel": "bookmark", "href": "http://172.21.16.48/compute/flavors/42"}]}, "hostId": "0aa2c7a5d4e268423c0ff0f777015f1666874ae0e7f495ee03f8d73e", "id": "b8bc496e-5db8-4012-82cc-d39f07b89bbe", "image": {"id": "c40e0f49-dfcb-4f0c-85f6-961051435368", "links": [{"rel": "bookmark", "href": "http://172.21.16.48/compute/images/c40e0f49-dfcb-4f0c-85f6-961051435368"}]}, "links": [{"rel": "self", "href": "http://172.21.16.48/compute/v2.1/servers/b8bc496e-5db8-4012-82cc-d39f07b89bbe"}, {"rel": "bookmark", "href": "http://172.21.16.48/compute/servers/b8bc496e-5db8-4012-82cc-d39f07b89bbe"}], "metadata": {}, "name": "tempest-VolumesActionsTest-instance-1101429772", "status": "BUILD", "tenant_id": "26b0da40e15a4c249043ef771c8df110", "user_id": "05936363e60f495eb883a2707f9fd9f1", "updated": "2026-09-07T02:32:11Z", "OS-DCF:diskConfig": "MANUAL", "progress": 0, "OS-EXT-AZ:availability_zone": "nova", "config_drive": "", "key_name": null, "OS-SRV-USG:launched_at": null, "OS-SRV-USG:terminated_at": null, "security_groups"
    : [{"name": "default"}], "OS-EXT-STS:task_state": "spawning", "OS-EXT-STS:vm_state": "building", "OS-EXT-STS:power_state": 0, "os-extended-volumes:volumes_attached": []}}'
2026-09-07 10:32:18,351 1673304 INFO     [tempest.lib.common.rest_client] Request (VolumesActionsTest:test_force_detach_volume): 200 GET http://172.21.16.48/compute/v2.1/servers/b8bc496e-5db8-4012-82cc-d39f07b89bbe 0.149s
2026-09-07 10:32:18,351 1673304 DEBUG    [tempest.lib.common.rest_client] Request - Headers: {'Content-Type': 'application/json', 'Accept': 'application/json', 'X-Auth-Token': '<omitted>'}
        Body: None
    Response - Headers: {'date': 'Mon, 07 Sep 2026 02:32:18 GMT', 'server': 'Apache/2.4.58 (Ubuntu)', 'content-length': '1493', 'content-type': 'application/json', 'openstack-api-version': 'compute 2.1', 'x-openstack-nova-api-version': '2.1', 'vary': 'OpenStack-API-Version,X-OpenStack-Nova-API-Version', 'x-openstack-request-id': 'req-4dc635e8-3eef-4d53-9893-1e2bec6c041e', 'x-compute-request-id': 'req-4dc635e8-3eef-4d53-9893-1e2bec6c041e', 'connection': 'close', 'status': '200', 'content-location': 'http://172.21.16.48/compute/v2.1/servers/b8bc496e-5db8-4012-82cc-d39f07b89bbe'}
        Body: b'{"server": {"accessIPv4": "", "accessIPv6": "", "addresses": {"tempest-VolumesActionsTest-421035087-network": [{"version": 4, "addr": "10.0.0.3", "OS-EXT-IPS:type": "fixed", "OS-EXT-IPS-MAC:mac_addr": "fa:16:3e:52:76:69"}]}, "created": "2026-09-07T02:32:08Z", "flavor": {"id": "42", "links": [{"rel": "bookmark", "href": "http://172.21.16.48/compute/flavors/42"}]}, "hostId": "0aa2c7a5d4e268423c0ff0f777015f1666874ae0e7f495ee03f8d73e", "id": "b8bc496e-5db8-4012-82cc-d39f07b89bbe", "image": {"id": "c40e0f49-dfcb-4f0c-85f6-961051435368", "links": [{"rel": "bookmark", "href": "http://172.21.16.48/compute/images/c40e0f49-dfcb-4f0c-85f6-961051435368"}]}, "links": [{"rel": "self", "href": "http://172.21.16.48/compute/v2.1/servers/b8bc496e-5db8-4012-82cc-d39f07b89bbe"}, {"rel": "bookmark", "href": "http://172.21.16.48/compute/servers/b8bc496e-5db8-4012-82cc-d39f07b89bbe"}], "metadata": {}, "name": "tempest-VolumesActionsTest-instance-1101429772", "status": "ACTIVE", "tenant_id": "26b0da40e15a4c249043ef771c8df110", "user_id": "05936363e60f495eb883a2707f9fd9f1", "updated": "2026-09-07T02:32:17Z", "OS-DCF:diskConfig": "MANUAL", "progress": 0, "OS-EXT-AZ:availability_zone": "nova", "config_drive": "", "key_name": null, "OS-SRV-USG:launched_at": "2026-09-07T02:32:17.000000", "OS-SRV-USG:terminated_at": null, "security_groups": [{"name": "default"}], "OS-EXT-STS:task_state": null, "OS-EXT-STS:vm_state": "active", "OS-EXT-STS:power_state": 1, "os-extended-volumes:volumes_attached": []}}'
2026-09-07 10:32:18,359 1673304 INFO     [tempest.common.waiters] State transition "BUILD/spawning" ==> "ACTIVE/None" after 9 second wait
2026-09-07 10:32:18,556 1673304 INFO     [tempest.lib.common.rest_client] Request (VolumesActionsTest:test_force_detach_volume): 202 POST http://172.21.16.48/volume/v3/volumes 0.196s
2026-09-07 10:32:18,556 1673304 DEBUG    [tempest.lib.common.rest_client] Request - Headers: {'Content-Type': 'application/json', 'Accept': 'application/json', 'X-Auth-Token': '<omitted>'}
        Body: {"volume": {"size": 1, "name": "tempest-VolumesActionsTest-Volume-141603928"}}
    Response - Headers: {'date': 'Mon, 07 Sep 2026 02:32:18 GMT', 'server': 'Apache/2.4.58 (Ubuntu)', 'content-type': 'application/json', 'x-compute-request-id': 'req-d0cf69ab-b0e7-4d17-869d-6bf22d48fb9d', 'content-length': '753', 'openstack-api-version': 'volume 3.0', 'vary': 'OpenStack-API-Version', 'x-openstack-request-id': 'req-d0cf69ab-b0e7-4d17-869d-6bf22d48fb9d', 'connection': 'close', 'status': '202', 'content-location': 'http://172.21.16.48/volume/v3/volumes'}
        Body: b'{"volume": {"id": "362e8fcc-518a-43a6-aa5f-aa162ec2ba55", "status": "creating", "size": 1, "availability_zone": "nova", "created_at": "2026-09-07T02:32:18.500916", "updated_at": null, "name": "tempest-VolumesActionsTest-Volume-141603928", "description": null, "volume_type": "__DEFAULT__", "snapshot_id": n
    ull, "source_volid": null, "metadata": {}, "links": [{"rel": "self", "href": "http://172.21.16.48/volume/v3/volumes/362e8fcc-518a-43a6-aa5f-aa162ec2ba55"}, {"rel": "bookmark", "href": "http://172.21.16.48/volume/volumes/362e8fcc-518a-43a6-aa5f-aa162ec2ba55"}], "user_id": "05936363e60f495eb883a2707f9fd9f1", "bootable": "false", "encrypted": false, "replication_status": null, "consistencygroup_id": null, "multiattach": false, "attachments": []}}'
2026-09-07 10:32:18,593 1673304 INFO     [tempest.lib.common.rest_client] Request (VolumesActionsTest:test_force_detach_volume): 200 GET http://172.21.16.48/volume/v3/volumes/362e8fcc-518a-43a6-aa5f-aa162ec2ba55 0.027s
2026-09-07 10:32:18,593 1673304 DEBUG    [tempest.lib.common.rest_client] Request - Headers: {'Content-Type': 'application/json', 'Accept': 'application/json', 'X-Auth-Token': '<omitted>'}
        Body: None
    Response - Headers: {'date': 'Mon, 07 Sep 2026 02:32:18 GMT', 'server': 'Apache/2.4.58 (Ubuntu)', 'content-type': 'application/json', 'x-compute-request-id': 'req-2c9bbef4-67a4-4192-8c57-f41ff1c75379', 'content-length': '821', 'openstack-api-version': 'volume 3.0', 'vary': 'OpenStack-API-Version', 'x-openstack-request-id': 'req-2c9bbef4-67a4-4192-8c57-f41ff1c75379', 'connection': 'close', 'status': '200', 'content-location': 'http://172.21.16.48/volume/v3/volumes/362e8fcc-518a-43a6-aa5f-aa162ec2ba55'}
        Body: b'{"volume": {"id": "362e8fcc-518a-43a6-aa5f-aa162ec2ba55", "status": "creating", "size": 1, "availability_zone": "nova", "created_at": "2026-09-07T02:32:19.000000", "updated_at": null, "name": "tempest-VolumesActionsTest-Volume-141603928", "description": null, "volume_type": "__DEFAULT__", "snapshot_id": null, "source_volid": null, "metadata": {}, "links": [{"rel": "self", "href": "http://172.21.16.48/volume/v3/volumes/362e8fcc-518a-43a6-aa5f-aa162ec2ba55"}, {"rel": "bookmark", "href": "http://172.21.16.48/volume/volumes/362e8fcc-518a-43a6-aa5f-aa162ec2ba55"}], "user_id": "05936363e60f495eb883a2707f9fd9f1", "bootable": "false", "encrypted": false, "replication_status": null, "consistencygroup_id": null, "multiattach": false, "attachments": [], "os-vol-tenant-attr:tenant_id": "26b0da40e15a4c249043ef771c8df110"}}'
2026-09-07 10:32:19,638 1673304 INFO     [tempest.lib.common.rest_client] Request (VolumesActionsTest:test_force_detach_volume): 200 GET http://172.21.16.48/volume/v3/volumes/362e8fcc-518a-43a6-aa5f-aa162ec2ba55 0.037s
2026-09-07 10:32:19,638 1673304 DEBUG    [tempest.lib.common.rest_client] Request - Headers: {'Content-Type': 'application/json', 'Accept': 'application/json', 'X-Auth-Token': '<omitted>'}
        Body: None
    Response - Headers: {'date': 'Mon, 07 Sep 2026 02:32:19 GMT', 'server': 'Apache/2.4.58 (Ubuntu)', 'content-type': 'application/json', 'x-compute-request-id': 'req-1a236e4b-60a0-4099-85c0-80697d3c8f69', 'content-length': '845', 'openstack-api-version': 'volume 3.0', 'vary': 'OpenStack-API-Version', 'x-openstack-request-id': 'req-1a236e4b-60a0-4099-85c0-80697d3c8f69', 'connection': 'close', 'status': '200', 'content-location': 'http://172.21.16.48/volume/v3/volumes/362e8fcc-518a-43a6-aa5f-aa162ec2ba55'}
        Body: b'{"volume": {"id": "362e8fcc-518a-43a6-aa5f-aa162ec2ba55", "status": "creating", "size": 1, "availability_zone": "nova", "created_at": "2026-09-07T02:32:19.000000", "updated_at": "2026-09-07T02:32:19.000000", "name": "tempest-VolumesActionsTest-Volume-141603928", "description": null, "volume_type": "__DEFAULT__", "snapshot_id": null, "source_volid": null, "metadata": {}, "links": [{"rel": "self", "href": "http://172.21.16.48/volume/v3/volumes/362e8fcc-518a-43a6-aa5f-aa162ec2ba55"}, {"rel": "bookmark", "href": "http://172.21.16.48/volume/volumes/362e8fcc-518a-43a6-aa5f-aa162ec2ba55"}], "user_id": "05936363e60f495eb883a2707f9fd9f1", "bootable": "false", "encrypted": false, "replication_status": null, "consistencygroup_id": null, "multiattach": false, "attachments": [], "os-vol-tenant-attr:tenant_id": "26b0da40e15a4c249043ef771c8df110"}}'
2026-09-07 10:32:20,674 1673304 INFO     [tempest.lib.common.rest_cli
    ent] Request (VolumesActionsTest:test_force_detach_volume): 200 GET http://172.21.16.48/volume/v3/volumes/362e8fcc-518a-43a6-aa5f-aa162ec2ba55 0.027s
2026-09-07 10:32:20,674 1673304 DEBUG    [tempest.lib.common.rest_client] Request - Headers: {'Content-Type': 'application/json', 'Accept': 'application/json', 'X-Auth-Token': '<omitted>'}
        Body: None
    Response - Headers: {'date': 'Mon, 07 Sep 2026 02:32:20 GMT', 'server': 'Apache/2.4.58 (Ubuntu)', 'content-type': 'application/json', 'x-compute-request-id': 'req-e29d27cb-9173-42a9-8af1-b723efa5905b', 'content-length': '891', 'openstack-api-version': 'volume 3.0', 'vary': 'OpenStack-API-Version', 'x-openstack-request-id': 'req-e29d27cb-9173-42a9-8af1-b723efa5905b', 'connection': 'close', 'status': '200', 'content-location': 'http://172.21.16.48/volume/v3/volumes/362e8fcc-518a-43a6-aa5f-aa162ec2ba55'}
        Body: b'{"volume": {"id": "362e8fcc-518a-43a6-aa5f-aa162ec2ba55", "status": "available", "size": 1, "availability_zone": "nova", "created_at": "2026-09-07T02:32:19.000000", "updated_at": "2026-09-07T02:32:20.000000", "name": "tempest-VolumesActionsTest-Volume-141603928", "description": null, "volume_type": "__DEFAULT__", "snapshot_id": null, "source_volid": null, "metadata": {"lun_wwn": "60015eb66a909169e400110000002e9d"}, "links": [{"rel": "self", "href": "http://172.21.16.48/volume/v3/volumes/362e8fcc-518a-43a6-aa5f-aa162ec2ba55"}, {"rel": "bookmark", "href": "http://172.21.16.48/volume/volumes/362e8fcc-518a-43a6-aa5f-aa162ec2ba55"}], "user_id": "05936363e60f495eb883a2707f9fd9f1", "bootable": "false", "encrypted": false, "replication_status": null, "consistencygroup_id": null, "multiattach": false, "attachments": [], "os-vol-tenant-attr:tenant_id": "26b0da40e15a4c249043ef771c8df110"}}'
2026-09-07 10:32:20,682 1673304 INFO     [tempest.common.waiters] volume 362e8fcc-518a-43a6-aa5f-aa162ec2ba55 reached available after waiting for 2.682449 seconds
2026-09-07 10:32:20,799 1673304 INFO     [tempest.lib.common.rest_client] Request (VolumesActionsTest:test_force_detach_volume): 202 POST http://172.21.16.48/volume/v3/volumes/362e8fcc-518a-43a6-aa5f-aa162ec2ba55/action 0.116s
2026-09-07 10:32:20,801 1673304 DEBUG    [tempest.lib.common.rest_client] Request - Headers: {'Content-Type': 'application/json', 'Accept': 'application/json', 'X-Auth-Token': '<omitted>'}
        Body: {"os-attach": {"instance_uuid": "b8bc496e-5db8-4012-82cc-d39f07b89bbe", "mountpoint": "/dev/vdb"}}
    Response - Headers: {'date': 'Mon, 07 Sep 2026 02:32:20 GMT', 'server': 'Apache/2.4.58 (Ubuntu)', 'x-compute-request-id': 'req-a7148da1-5871-4839-8976-e8badd14a28d', 'content-length': '0', 'content-type': 'application/json', 'openstack-api-version': 'volume 3.0', 'vary': 'OpenStack-API-Version', 'x-openstack-request-id': 'req-a7148da1-5871-4839-8976-e8badd14a28d', 'connection': 'close', 'status': '202', 'content-location': 'http://172.21.16.48/volume/v3/volumes/362e8fcc-518a-43a6-aa5f-aa162ec2ba55/action'}
        Body: b''
2026-09-07 10:32:20,833 1673304 INFO     [tempest.lib.common.rest_client] Request (VolumesActionsTest:test_force_detach_volume): 200 GET http://172.21.16.48/volume/v3/volumes/362e8fcc-518a-43a6-aa5f-aa162ec2ba55 0.031s
2026-09-07 10:32:20,833 1673304 DEBUG    [tempest.lib.common.rest_client] Request - Headers: {'Content-Type': 'application/json', 'Accept': 'application/json', 'X-Auth-Token': '<omitted>'}
        Body: None
    Response - Headers: {'date': 'Mon, 07 Sep 2026 02:32:20 GMT', 'server': 'Apache/2.4.58 (Ubuntu)', 'content-type': 'application/json', 'x-compute-request-id': 'req-2fcdb584-3c37-487d-a3b8-06feebb77eb9', 'content-length': '1227', 'openstack-api-version': 'volume 3.0', 'vary': 'OpenStack-API-Version', 'x-openstack-request-id': 'req-2fcdb584-3c37-487d-a3b8-06feebb77eb9', 'connection': 'close', 'status': '200', 'content-location': 'http://172.21.16.48/volume/v3/volumes/362e8fcc-518a-43a6-aa5f-aa162ec2ba55'}
        Body: b'{"volume": {"id": "362e8fcc-518a-43a6-aa5f-aa162ec2ba55", "status": "in-use", "size": 1, "availability_zone": "nova", "created_at": "2026
    -09-07T02:32:19.000000", "updated_at": "2026-09-07T02:32:21.000000", "name": "tempest-VolumesActionsTest-Volume-141603928", "description": null, "volume_type": "__DEFAULT__", "snapshot_id": null, "source_volid": null, "metadata": {"lun_wwn": "60015eb66a909169e400110000002e9d", "readonly": "False", "attached_mode": "rw"}, "links": [{"rel": "self", "href": "http://172.21.16.48/volume/v3/volumes/362e8fcc-518a-43a6-aa5f-aa162ec2ba55"}, {"rel": "bookmark", "href": "http://172.21.16.48/volume/volumes/362e8fcc-518a-43a6-aa5f-aa162ec2ba55"}], "user_id": "05936363e60f495eb883a2707f9fd9f1", "bootable": "false", "encrypted": false, "replication_status": null, "consistencygroup_id": null, "multiattach": false, "attachments": [{"id": "362e8fcc-518a-43a6-aa5f-aa162ec2ba55", "attachment_id": "4c97cd11-83fa-49c1-b100-11b1ddb3fde3", "volume_id": "362e8fcc-518a-43a6-aa5f-aa162ec2ba55", "server_id": "b8bc496e-5db8-4012-82cc-d39f07b89bbe", "host_name": null, "device": "/dev/vdb", "attached_at": "2026-09-07T02:32:21.000000"}], "os-vol-tenant-attr:tenant_id": "26b0da40e15a4c249043ef771c8df110"}}'
2026-09-07 10:32:20,841 1673304 INFO     [tempest.common.waiters] volume 362e8fcc-518a-43a6-aa5f-aa162ec2ba55 reached in-use after waiting for 0.841376 seconds
2026-09-07 10:32:20,881 1673304 INFO     [tempest.lib.common.rest_client] Request (VolumesActionsTest:test_force_detach_volume): 200 GET http://172.21.16.48/volume/v3/volumes/362e8fcc-518a-43a6-aa5f-aa162ec2ba55 0.038s
2026-09-07 10:32:20,940 1673304 DEBUG    [tempest.lib.common.rest_client] Request - Headers: {'Content-Type': 'application/json', 'Accept': 'application/json', 'X-Auth-Token': '<omitted>'}
        Body: None
    Response - Headers: {'date': 'Mon, 07 Sep 2026 02:32:20 GMT', 'server': 'Apache/2.4.58 (Ubuntu)', 'content-type': 'application/json', 'x-compute-request-id': 'req-220bd7f0-216f-449b-a837-5e4b29500649', 'content-length': '1227', 'openstack-api-version': 'volume 3.0', 'vary': 'OpenStack-API-Version', 'x-openstack-request-id': 'req-220bd7f0-216f-449b-a837-5e4b29500649', 'connection': 'close', 'status': '200', 'content-location': 'http://172.21.16.48/volume/v3/volumes/362e8fcc-518a-43a6-aa5f-aa162ec2ba55'}
        Body: b'{"volume": {"id": "362e8fcc-518a-43a6-aa5f-aa162ec2ba55", "status": "in-use", "size": 1, "availability_zone": "nova", "created_at": "2026-09-07T02:32:19.000000", "updated_at": "2026-09-07T02:32:21.000000", "name": "tempest-VolumesActionsTest-Volume-141603928", "description": null, "volume_type": "__DEFAULT__", "snapshot_id": null, "source_volid": null, "metadata": {"lun_wwn": "60015eb66a909169e400110000002e9d", "readonly": "False", "attached_mode": "rw"}, "links": [{"rel": "self", "href": "http://172.21.16.48/volume/v3/volumes/362e8fcc-518a-43a6-aa5f-aa162ec2ba55"}, {"rel": "bookmark", "href": "http://172.21.16.48/volume/volumes/362e8fcc-518a-43a6-aa5f-aa162ec2ba55"}], "user_id": "05936363e60f495eb883a2707f9fd9f1", "bootable": "false", "encrypted": false, "replication_status": null, "consistencygroup_id": null, "multiattach": false, "attachments": [{"id": "362e8fcc-518a-43a6-aa5f-aa162ec2ba55", "attachment_id": "4c97cd11-83fa-49c1-b100-11b1ddb3fde3", "volume_id": "362e8fcc-518a-43a6-aa5f-aa162ec2ba55", "server_id": "b8bc496e-5db8-4012-82cc-d39f07b89bbe", "host_name": null, "device": "/dev/vdb", "attached_at": "2026-09-07T02:32:21.000000"}], "os-vol-tenant-attr:tenant_id": "26b0da40e15a4c249043ef771c8df110"}}'
2026-09-07 10:32:21,709 1673304 INFO     [tempest.lib.common.rest_client] Request (VolumesActionsTest:test_force_detach_volume): 202 POST http://172.21.16.48/volume/v3/volumes/362e8fcc-518a-43a6-aa5f-aa162ec2ba55/action 0.761s
2026-09-07 10:32:21,710 1673304 DEBUG    [tempest.lib.common.rest_client] Request - Headers: {'Content-Type': 'application/json', 'Accept': 'application/json', 'X-Auth-Token': '<omitted>'}
        Body: {"os-reset_status": {"status": "error"}}
    Response - Headers: {'date': 'Mon, 07 Sep 2026 02:32:20 GMT', 'server': 'Apache/2.4.58 (Ubuntu)', 'x-compute-request-id': 'req-47dfcf3c-ac31-43cc-9c37-307174e42324', 'content-length': '
    0', 'content-type': 'application/json', 'openstack-api-version': 'volume 3.0', 'vary': 'OpenStack-API-Version', 'x-openstack-request-id': 'req-47dfcf3c-ac31-43cc-9c37-307174e42324', 'connection': 'close', 'status': '202', 'content-location': 'http://172.21.16.48/volume/v3/volumes/362e8fcc-518a-43a6-aa5f-aa162ec2ba55/action'}
        Body: b''
2026-09-07 10:32:21,744 1673304 INFO     [tempest.lib.common.rest_client] Request (VolumesActionsTest:test_force_detach_volume): 200 GET http://172.21.16.48/volume/v3/volumes/362e8fcc-518a-43a6-aa5f-aa162ec2ba55 0.033s
2026-09-07 10:32:21,744 1673304 DEBUG    [tempest.lib.common.rest_client] Request - Headers: {'Content-Type': 'application/json', 'Accept': 'application/json', 'X-Auth-Token': '<omitted>'}
        Body: None
    Response - Headers: {'date': 'Mon, 07 Sep 2026 02:32:21 GMT', 'server': 'Apache/2.4.58 (Ubuntu)', 'content-type': 'application/json', 'x-compute-request-id': 'req-b4078fda-8c29-4253-b137-7d9ea6049a1c', 'content-length': '1226', 'openstack-api-version': 'volume 3.0', 'vary': 'OpenStack-API-Version', 'x-openstack-request-id': 'req-b4078fda-8c29-4253-b137-7d9ea6049a1c', 'connection': 'close', 'status': '200', 'content-location': 'http://172.21.16.48/volume/v3/volumes/362e8fcc-518a-43a6-aa5f-aa162ec2ba55'}
        Body: b'{"volume": {"id": "362e8fcc-518a-43a6-aa5f-aa162ec2ba55", "status": "error", "size": 1, "availability_zone": "nova", "created_at": "2026-09-07T02:32:19.000000", "updated_at": "2026-09-07T02:32:21.000000", "name": "tempest-VolumesActionsTest-Volume-141603928", "description": null, "volume_type": "__DEFAULT__", "snapshot_id": null, "source_volid": null, "metadata": {"lun_wwn": "60015eb66a909169e400110000002e9d", "readonly": "False", "attached_mode": "rw"}, "links": [{"rel": "self", "href": "http://172.21.16.48/volume/v3/volumes/362e8fcc-518a-43a6-aa5f-aa162ec2ba55"}, {"rel": "bookmark", "href": "http://172.21.16.48/volume/volumes/362e8fcc-518a-43a6-aa5f-aa162ec2ba55"}], "user_id": "05936363e60f495eb883a2707f9fd9f1", "bootable": "false", "encrypted": false, "replication_status": null, "consistencygroup_id": null, "multiattach": false, "attachments": [{"id": "362e8fcc-518a-43a6-aa5f-aa162ec2ba55", "attachment_id": "4c97cd11-83fa-49c1-b100-11b1ddb3fde3", "volume_id": "362e8fcc-518a-43a6-aa5f-aa162ec2ba55", "server_id": "b8bc496e-5db8-4012-82cc-d39f07b89bbe", "host_name": null, "device": "/dev/vdb", "attached_at": "2026-09-07T02:32:21.000000"}], "os-vol-tenant-attr:tenant_id": "26b0da40e15a4c249043ef771c8df110"}}'
2026-09-07 10:32:21,758 1673304 INFO     [tempest.common.waiters] volume 362e8fcc-518a-43a6-aa5f-aa162ec2ba55 reached error after waiting for 0.758066 seconds
2026-09-07 10:32:21,810 1673304 INFO     [tempest.lib.common.rest_client] Request (VolumesActionsTest:test_force_detach_volume): 500 POST http://172.21.16.48/volume/v3/volumes/362e8fcc-518a-43a6-aa5f-aa162ec2ba55/action 0.051s
2026-09-07 10:32:21,815 1673304 DEBUG    [tempest.lib.common.rest_client] Request - Headers: {'Content-Type': 'application/json', 'Accept': 'application/json', 'X-Auth-Token': '<omitted>'}
        Body: {"os-force_detach": {"connector": null, "attachment_id": "4c97cd11-83fa-49c1-b100-11b1ddb3fde3"}}
    Response - Headers: {'date': 'Mon, 07 Sep 2026 02:32:21 GMT', 'server': 'Apache/2.4.58 (Ubuntu)', 'openstack-api-version': 'volume 3.0', 'vary': 'OpenStack-API-Version', 'content-length': '97', 'content-type': 'application/json', 'x-compute-request-id': 'req-f3f4b653-5c0e-44bf-be48-089bc82738e3', 'x-openstack-request-id': 'req-f3f4b653-5c0e-44bf-be48-089bc82738e3', 'connection': 'close', 'status': '500', 'content-location': 'http://172.21.16.48/volume/v3/volumes/362e8fcc-518a-43a6-aa5f-aa162ec2ba55/action'}
        Body: b'{"computeFault": {"code": 500, "message": "Unable to terminate volume connection from backend."}}'
2026-09-07 10:32:23,122 1673304 INFO     [tempest.lib.common.rest_client] Request (VolumesActionsTest:_run_cleanups): 202 POST http://172.21.16.48/volume/v3/volumes/362e8fcc-518a-43a6-aa5f-aa162ec2ba55/action 1.305s
2026-09-07 10:32:23,123 1673304 D
    EBUG    [tempest.lib.common.rest_client] Request - Headers: {'Content-Type': 'application/json', 'Accept': 'application/json', 'X-Auth-Token': '<omitted>'}
        Body: {"os-detach": {}}
    Response - Headers: {'date': 'Mon, 07 Sep 2026 02:32:21 GMT', 'server': 'Apache/2.4.58 (Ubuntu)', 'x-compute-request-id': 'req-5527832f-8ef7-417a-af88-c9917862b4b9', 'content-length': '0', 'content-type': 'application/json', 'openstack-api-version': 'volume 3.0', 'vary': 'OpenStack-API-Version', 'x-openstack-request-id': 'req-5527832f-8ef7-417a-af88-c9917862b4b9', 'connection': 'close', 'status': '202', 'content-location': 'http://172.21.16.48/volume/v3/volumes/362e8fcc-518a-43a6-aa5f-aa162ec2ba55/action'}
        Body: b''
2026-09-07 10:32:23,148 1673304 INFO     [tempest.lib.common.rest_client] Request (VolumesActionsTest:_run_cleanups): 200 GET http://172.21.16.48/volume/v3/volumes/362e8fcc-518a-43a6-aa5f-aa162ec2ba55 0.025s
2026-09-07 10:32:23,149 1673304 DEBUG    [tempest.lib.common.rest_client] Request - Headers: {'Content-Type': 'application/json', 'Accept': 'application/json', 'X-Auth-Token': '<omitted>'}
        Body: None
    Response - Headers: {'date': 'Mon, 07 Sep 2026 02:32:23 GMT', 'server': 'Apache/2.4.58 (Ubuntu)', 'content-type': 'application/json', 'x-compute-request-id': 'req-4c8d621f-ca0c-47b8-b190-087352877a06', 'content-length': '912', 'openstack-api-version': 'volume 3.0', 'vary': 'OpenStack-API-Version', 'x-openstack-request-id': 'req-4c8d621f-ca0c-47b8-b190-087352877a06', 'connection': 'close', 'status': '200', 'content-location': 'http://172.21.16.48/volume/v3/volumes/362e8fcc-518a-43a6-aa5f-aa162ec2ba55'}
        Body: b'{"volume": {"id": "362e8fcc-518a-43a6-aa5f-aa162ec2ba55", "status": "available", "size": 1, "availability_zone": "nova", "created_at": "2026-09-07T02:32:19.000000", "updated_at": "2026-09-07T02:32:22.000000", "name": "tempest-VolumesActionsTest-Volume-141603928", "description": null, "volume_type": "__DEFAULT__", "snapshot_id": null, "source_volid": null, "metadata": {"lun_wwn": "60015eb66a909169e400110000002e9d", "readonly": "False"}, "links": [{"rel": "self", "href": "http://172.21.16.48/volume/v3/volumes/362e8fcc-518a-43a6-aa5f-aa162ec2ba55"}, {"rel": "bookmark", "href": "http://172.21.16.48/volume/volumes/362e8fcc-518a-43a6-aa5f-aa162ec2ba55"}], "user_id": "05936363e60f495eb883a2707f9fd9f1", "bootable": "false", "encrypted": false, "replication_status": null, "consistencygroup_id": null, "multiattach": false, "attachments": [], "os-vol-tenant-attr:tenant_id": "26b0da40e15a4c249043ef771c8df110"}}'
2026-09-07 10:32:23,156 1673304 INFO     [tempest.common.waiters] volume 362e8fcc-518a-43a6-aa5f-aa162ec2ba55 reached available after waiting for 0.156437 seconds
2026-09-07 10:32:23,180 1673304 INFO     [tempest.lib.common.rest_client] Request (VolumesActionsTest:_run_cleanups): 200 GET http://172.21.16.48/volume/v3/volumes/362e8fcc-518a-43a6-aa5f-aa162ec2ba55 0.023s
2026-09-07 10:32:23,214 1673304 DEBUG    [tempest.lib.common.rest_client] Request - Headers: {'Content-Type': 'application/json', 'Accept': 'application/json', 'X-Auth-Token': '<omitted>'}
        Body: None
    Response - Headers: {'date': 'Mon, 07 Sep 2026 02:32:23 GMT', 'server': 'Apache/2.4.58 (Ubuntu)', 'content-type': 'application/json', 'x-compute-request-id': 'req-c03cc5ed-bb3f-47e0-82b2-ac746ba00545', 'content-length': '912', 'openstack-api-version': 'volume 3.0', 'vary': 'OpenStack-API-Version', 'x-openstack-request-id': 'req-c03cc5ed-bb3f-47e0-82b2-ac746ba00545', 'connection': 'close', 'status': '200', 'content-location': 'http://172.21.16.48/volume/v3/volumes/362e8fcc-518a-43a6-aa5f-aa162ec2ba55'}
        Body: b'{"volume": {"id": "362e8fcc-518a-43a6-aa5f-aa162ec2ba55", "status": "available", "size": 1, "availability_zone": "nova", "created_at": "2026-09-07T02:32:19.000000", "updated_at": "2026-09-07T02:32:22.000000", "name": "tempest-VolumesActionsTest-Volume-141603928", "description": null, "volume_type": "__DEFAULT__", "snapshot_id": null, "source_volid": null, "metadata": {"lun_wwn": "60015eb66a909169e40011000000
    2e9d", "readonly": "False"}, "links": [{"rel": "self", "href": "http://172.21.16.48/volume/v3/volumes/362e8fcc-518a-43a6-aa5f-aa162ec2ba55"}, {"rel": "bookmark", "href": "http://172.21.16.48/volume/volumes/362e8fcc-518a-43a6-aa5f-aa162ec2ba55"}], "user_id": "05936363e60f495eb883a2707f9fd9f1", "bootable": "false", "encrypted": false, "replication_status": null, "consistencygroup_id": null, "multiattach": false, "attachments": [], "os-vol-tenant-attr:tenant_id": "26b0da40e15a4c249043ef771c8df110"}}'
2026-09-07 10:32:24,435 1673304 INFO     [tempest.lib.common.rest_client] Request (VolumesActionsTest:_run_cleanups): 202 DELETE http://172.21.16.48/volume/v3/volumes/362e8fcc-518a-43a6-aa5f-aa162ec2ba55 1.213s
2026-09-07 10:32:24,522 1673304 DEBUG    [tempest.lib.common.rest_client] Request - Headers: {'Content-Type': 'application/json', 'Accept': 'application/json', 'X-Auth-Token': '<omitted>'}
        Body: None
    Response - Headers: {'date': 'Mon, 07 Sep 2026 02:32:23 GMT', 'server': 'Apache/2.4.58 (Ubuntu)', 'content-length': '0', 'content-type': 'text/html; charset=UTF-8', 'openstack-api-version': 'volume 3.0', 'vary': 'OpenStack-API-Version', 'x-openstack-request-id': 'req-6ba9efa9-4923-4cbb-95ca-d83a479eb3c7', 'connection': 'close', 'status': '202', 'content-location': 'http://172.21.16.48/volume/v3/volumes/362e8fcc-518a-43a6-aa5f-aa162ec2ba55'}
        Body: b''
2026-09-07 10:32:24,614 1673304 INFO     [tempest.lib.common.rest_client] Request (VolumesActionsTest:_run_cleanups): 200 GET http://172.21.16.48/volume/v3/volumes/362e8fcc-518a-43a6-aa5f-aa162ec2ba55 0.090s
2026-09-07 10:32:24,621 1673304 DEBUG    [tempest.lib.common.rest_client] Request - Headers: {'Content-Type': 'application/json', 'Accept': 'application/json', 'X-Auth-Token': '<omitted>'}
        Body: None
    Response - Headers: {'date': 'Mon, 07 Sep 2026 02:32:24 GMT', 'server': 'Apache/2.4.58 (Ubuntu)', 'content-type': 'application/json', 'x-compute-request-id': 'req-a9a074e1-d565-48e6-8ae7-bf3f1d287e1c', 'content-length': '911', 'openstack-api-version': 'volume 3.0', 'vary': 'OpenStack-API-Version', 'x-openstack-request-id': 'req-a9a074e1-d565-48e6-8ae7-bf3f1d287e1c', 'connection': 'close', 'status': '200', 'content-location': 'http://172.21.16.48/volume/v3/volumes/362e8fcc-518a-43a6-aa5f-aa162ec2ba55'}
        Body: b'{"volume": {"id": "362e8fcc-518a-43a6-aa5f-aa162ec2ba55", "status": "deleting", "size": 1, "availability_zone": "nova", "created_at": "2026-09-07T02:32:19.000000", "updated_at": "2026-09-07T02:32:23.000000", "name": "tempest-VolumesActionsTest-Volume-141603928", "description": null, "volume_type": "__DEFAULT__", "snapshot_id": null, "source_volid": null, "metadata": {"lun_wwn": "60015eb66a909169e400110000002e9d", "readonly": "False"}, "links": [{"rel": "self", "href": "http://172.21.16.48/volume/v3/volumes/362e8fcc-518a-43a6-aa5f-aa162ec2ba55"}, {"rel": "bookmark", "href": "http://172.21.16.48/volume/volumes/362e8fcc-518a-43a6-aa5f-aa162ec2ba55"}], "user_id": "05936363e60f495eb883a2707f9fd9f1", "bootable": "false", "encrypted": false, "replication_status": null, "consistencygroup_id": null, "multiattach": false, "attachments": [], "os-vol-tenant-attr:tenant_id": "26b0da40e15a4c249043ef771c8df110"}}'
2026-09-07 10:32:25,667 1673304 INFO     [tempest.lib.common.rest_client] Request (VolumesActionsTest:_run_cleanups): 200 GET http://172.21.16.48/volume/v3/volumes/362e8fcc-518a-43a6-aa5f-aa162ec2ba55 0.038s
2026-09-07 10:32:25,667 1673304 DEBUG    [tempest.lib.common.rest_client] Request - Headers: {'Content-Type': 'application/json', 'Accept': 'application/json', 'X-Auth-Token': '<omitted>'}
        Body: None
    Response - Headers: {'date': 'Mon, 07 Sep 2026 02:32:25 GMT', 'server': 'Apache/2.4.58 (Ubuntu)', 'content-type': 'application/json', 'x-compute-request-id': 'req-8ee8a7dd-efab-416f-a003-273a06a66a7f', 'content-length': '911', 'openstack-api-version': 'volume 3.0', 'vary': 'OpenStack-API-Version', 'x-openstack-request-id': 'req-8ee8a7dd-efab-416f-a003-273a06a66a7f', 'connection': 'close', 'status': '200', 'content-location': 'h
    ttp://172.21.16.48/volume/v3/volumes/362e8fcc-518a-43a6-aa5f-aa162ec2ba55'}
        Body: b'{"volume": {"id": "362e8fcc-518a-43a6-aa5f-aa162ec2ba55", "status": "deleting", "size": 1, "availability_zone": "nova", "created_at": "2026-09-07T02:32:19.000000", "updated_at": "2026-09-07T02:32:23.000000", "name": "tempest-VolumesActionsTest-Volume-141603928", "description": null, "volume_type": "__DEFAULT__", "snapshot_id": null, "source_volid": null, "metadata": {"lun_wwn": "60015eb66a909169e400110000002e9d", "readonly": "False"}, "links": [{"rel": "self", "href": "http://172.21.16.48/volume/v3/volumes/362e8fcc-518a-43a6-aa5f-aa162ec2ba55"}, {"rel": "bookmark", "href": "http://172.21.16.48/volume/volumes/362e8fcc-518a-43a6-aa5f-aa162ec2ba55"}], "user_id": "05936363e60f495eb883a2707f9fd9f1", "bootable": "false", "encrypted": false, "replication_status": null, "consistencygroup_id": null, "multiattach": false, "attachments": [], "os-vol-tenant-attr:tenant_id": "26b0da40e15a4c249043ef771c8df110"}}'
2026-09-07 10:32:26,703 1673304 INFO     [tempest.lib.common.rest_client] Request (VolumesActionsTest:_run_cleanups): 200 GET http://172.21.16.48/volume/v3/volumes/362e8fcc-518a-43a6-aa5f-aa162ec2ba55 0.027s
2026-09-07 10:32:26,703 1673304 DEBUG    [tempest.lib.common.rest_client] Request - Headers: {'Content-Type': 'application/json', 'Accept': 'application/json', 'X-Auth-Token': '<omitted>'}
        Body: None
    Response - Headers: {'date': 'Mon, 07 Sep 2026 02:32:26 GMT', 'server': 'Apache/2.4.58 (Ubuntu)', 'content-type': 'application/json', 'x-compute-request-id': 'req-0c66723c-60eb-4b4e-91f0-e80320202f36', 'content-length': '911', 'openstack-api-version': 'volume 3.0', 'vary': 'OpenStack-API-Version', 'x-openstack-request-id': 'req-0c66723c-60eb-4b4e-91f0-e80320202f36', 'connection': 'close', 'status': '200', 'content-location': 'http://172.21.16.48/volume/v3/volumes/362e8fcc-518a-43a6-aa5f-aa162ec2ba55'}
        Body: b'{"volume": {"id": "362e8fcc-518a-43a6-aa5f-aa162ec2ba55", "status": "deleting", "size": 1, "availability_zone": "nova", "created_at": "2026-09-07T02:32:19.000000", "updated_at": "2026-09-07T02:32:23.000000", "name": "tempest-VolumesActionsTest-Volume-141603928", "description": null, "volume_type": "__DEFAULT__", "snapshot_id": null, "source_volid": null, "metadata": {"lun_wwn": "60015eb66a909169e400110000002e9d", "readonly": "False"}, "links": [{"rel": "self", "href": "http://172.21.16.48/volume/v3/volumes/362e8fcc-518a-43a6-aa5f-aa162ec2ba55"}, {"rel": "bookmark", "href": "http://172.21.16.48/volume/volumes/362e8fcc-518a-43a6-aa5f-aa162ec2ba55"}], "user_id": "05936363e60f495eb883a2707f9fd9f1", "bootable": "false", "encrypted": false, "replication_status": null, "consistencygroup_id": null, "multiattach": false, "attachments": [], "os-vol-tenant-attr:tenant_id": "26b0da40e15a4c249043ef771c8df110"}}'
2026-09-07 10:32:27,729 1673304 INFO     [tempest.lib.common.rest_client] Request (VolumesActionsTest:_run_cleanups): 404 GET http://172.21.16.48/volume/v3/volumes/362e8fcc-518a-43a6-aa5f-aa162ec2ba55 0.017s
2026-09-07 10:32:27,729 1673304 DEBUG    [tempest.lib.common.rest_client] Request - Headers: {'Content-Type': 'application/json', 'Accept': 'application/json', 'X-Auth-Token': '<omitted>'}
        Body: None
    Response - Headers: {'date': 'Mon, 07 Sep 2026 02:32:27 GMT', 'server': 'Apache/2.4.58 (Ubuntu)', 'openstack-api-version': 'volume 3.0', 'vary': 'OpenStack-API-Version', 'content-length': '109', 'content-type': 'application/json', 'x-compute-request-id': 'req-63539087-e414-462c-9290-9a125ad252e6', 'x-openstack-request-id': 'req-63539087-e414-462c-9290-9a125ad252e6', 'connection': 'close', 'status': '404', 'content-location': 'http://172.21.16.48/volume/v3/volumes/362e8fcc-518a-43a6-aa5f-aa162ec2ba55'}
        Body: b'{"itemNotFound": {"code": 404, "message": "Volume 362e8fcc-518a-43a6-aa5f-aa162ec2ba55 could not be found."}}'
2026-09-07 10:32:27,836 1673304 INFO     [tempest.lib.common.rest_client] Request (VolumesActionsTest:_run_cleanups): 204 DELETE http://172.21.16.48/compute/v2.1/servers/b8bc496e-5d
    b8-4012-82cc-d39f07b89bbe 0.107s
2026-09-07 10:32:27,836 1673304 DEBUG    [tempest.lib.common.rest_client] Request - Headers: {'Content-Type': 'application/json', 'Accept': 'application/json', 'X-Auth-Token': '<omitted>'}
        Body: None
    Response - Headers: {'date': 'Mon, 07 Sep 2026 02:32:27 GMT', 'server': 'Apache/2.4.58 (Ubuntu)', 'content-type': 'application/json', 'openstack-api-version': 'compute 2.1', 'x-openstack-nova-api-version': '2.1', 'vary': 'OpenStack-API-Version,X-OpenStack-Nova-API-Version', 'x-openstack-request-id': 'req-c61f94e8-0674-4bb1-881e-d9e76d20dc9d', 'x-compute-request-id': 'req-c61f94e8-0674-4bb1-881e-d9e76d20dc9d', 'connection': 'close', 'status': '204', 'content-location': 'http://172.21.16.48/compute/v2.1/servers/b8bc496e-5db8-4012-82cc-d39f07b89bbe'}
        Body: b''
2026-09-07 10:32:28,007 1673304 INFO     [tempest.lib.common.rest_client] Request (VolumesActionsTest:_run_cleanups): 200 GET http://172.21.16.48/compute/v2.1/servers/b8bc496e-5db8-4012-82cc-d39f07b89bbe 0.170s
2026-09-07 10:32:28,007 1673304 DEBUG    [tempest.lib.common.rest_client] Request - Headers: {'Content-Type': 'application/json', 'Accept': 'application/json', 'X-Auth-Token': '<omitted>'}
        Body: None
    Response - Headers: {'date': 'Mon, 07 Sep 2026 02:32:27 GMT', 'server': 'Apache/2.4.58 (Ubuntu)', 'content-length': '1499', 'content-type': 'application/json', 'openstack-api-version': 'compute 2.1', 'x-openstack-nova-api-version': '2.1', 'vary': 'OpenStack-API-Version,X-OpenStack-Nova-API-Version', 'x-openstack-request-id': 'req-49a1777d-6109-4c76-9fe8-3dfd9f285451', 'x-compute-request-id': 'req-49a1777d-6109-4c76-9fe8-3dfd9f285451', 'connection': 'close', 'status': '200', 'content-location': 'http://172.21.16.48/compute/v2.1/servers/b8bc496e-5db8-4012-82cc-d39f07b89bbe'}
        Body: b'{"server": {"accessIPv4": "", "accessIPv6": "", "addresses": {"tempest-VolumesActionsTest-421035087-network": [{"version": 4, "addr": "10.0.0.3", "OS-EXT-IPS:type": "fixed", "OS-EXT-IPS-MAC:mac_addr": "fa:16:3e:52:76:69"}]}, "created": "2026-09-07T02:32:08Z", "flavor": {"id": "42", "links": [{"rel": "bookmark", "href": "http://172.21.16.48/compute/flavors/42"}]}, "hostId": "0aa2c7a5d4e268423c0ff0f777015f1666874ae0e7f495ee03f8d73e", "id": "b8bc496e-5db8-4012-82cc-d39f07b89bbe", "image": {"id": "c40e0f49-dfcb-4f0c-85f6-961051435368", "links": [{"rel": "bookmark", "href": "http://172.21.16.48/compute/images/c40e0f49-dfcb-4f0c-85f6-961051435368"}]}, "links": [{"rel": "self", "href": "http://172.21.16.48/compute/v2.1/servers/b8bc496e-5db8-4012-82cc-d39f07b89bbe"}, {"rel": "bookmark", "href": "http://172.21.16.48/compute/servers/b8bc496e-5db8-4012-82cc-d39f07b89bbe"}], "metadata": {}, "name": "tempest-VolumesActionsTest-instance-1101429772", "status": "ACTIVE", "tenant_id": "26b0da40e15a4c249043ef771c8df110", "user_id": "05936363e60f495eb883a2707f9fd9f1", "updated": "2026-09-07T02:32:28Z", "OS-DCF:diskConfig": "MANUAL", "progress": 0, "OS-EXT-AZ:availability_zone": "nova", "config_drive": "", "key_name": null, "OS-SRV-USG:launched_at": "2026-09-07T02:32:17.000000", "OS-SRV-USG:terminated_at": null, "security_groups": [{"name": "default"}], "OS-EXT-STS:task_state": "deleting", "OS-EXT-STS:vm_state": "active", "OS-EXT-STS:power_state": 1, "os-extended-volumes:volumes_attached": []}}'
2026-09-07 10:32:29,160 1673304 INFO     [tempest.lib.common.rest_client] Request (VolumesActionsTest:_run_cleanups): 200 GET http://172.21.16.48/compute/v2.1/servers/b8bc496e-5db8-4012-82cc-d39f07b89bbe 0.145s
2026-09-07 10:32:29,161 1673304 DEBUG    [tempest.lib.common.rest_client] Request - Headers: {'Content-Type': 'application/json', 'Accept': 'application/json', 'X-Auth-Token': '<omitted>'}
        Body: None
    Response - Headers: {'date': 'Mon, 07 Sep 2026 02:32:29 GMT', 'server': 'Apache/2.4.58 (Ubuntu)', 'content-length': '1499', 'content-type': 'application/json', 'openstack-api-version': 'compute 2.1', 'x-openstack-nova-api-version': '2.1', 'vary': 'OpenStack-API-Version,X-OpenStack-Nova-API-Version', 'x-openstack-request-id': 'req-2078
    d754-eddd-4430-b6e7-59ca8b96293b', 'x-compute-request-id': 'req-2078d754-eddd-4430-b6e7-59ca8b96293b', 'connection': 'close', 'status': '200', 'content-location': 'http://172.21.16.48/compute/v2.1/servers/b8bc496e-5db8-4012-82cc-d39f07b89bbe'}
        Body: b'{"server": {"accessIPv4": "", "accessIPv6": "", "addresses": {"tempest-VolumesActionsTest-421035087-network": [{"version": 4, "addr": "10.0.0.3", "OS-EXT-IPS:type": "fixed", "OS-EXT-IPS-MAC:mac_addr": "fa:16:3e:52:76:69"}]}, "created": "2026-09-07T02:32:08Z", "flavor": {"id": "42", "links": [{"rel": "bookmark", "href": "http://172.21.16.48/compute/flavors/42"}]}, "hostId": "0aa2c7a5d4e268423c0ff0f777015f1666874ae0e7f495ee03f8d73e", "id": "b8bc496e-5db8-4012-82cc-d39f07b89bbe", "image": {"id": "c40e0f49-dfcb-4f0c-85f6-961051435368", "links": [{"rel": "bookmark", "href": "http://172.21.16.48/compute/images/c40e0f49-dfcb-4f0c-85f6-961051435368"}]}, "links": [{"rel": "self", "href": "http://172.21.16.48/compute/v2.1/servers/b8bc496e-5db8-4012-82cc-d39f07b89bbe"}, {"rel": "bookmark", "href": "http://172.21.16.48/compute/servers/b8bc496e-5db8-4012-82cc-d39f07b89bbe"}], "metadata": {}, "name": "tempest-VolumesActionsTest-instance-1101429772", "status": "ACTIVE", "tenant_id": "26b0da40e15a4c249043ef771c8df110", "user_id": "05936363e60f495eb883a2707f9fd9f1", "updated": "2026-09-07T02:32:28Z", "OS-DCF:diskConfig": "MANUAL", "progress": 0, "OS-EXT-AZ:availability_zone": "nova", "config_drive": "", "key_name": null, "OS-SRV-USG:launched_at": "2026-09-07T02:32:17.000000", "OS-SRV-USG:terminated_at": null, "security_groups": [{"name": "default"}], "OS-EXT-STS:task_state": "deleting", "OS-EXT-STS:vm_state": "active", "OS-EXT-STS:power_state": 1, "os-extended-volumes:volumes_attached": []}}'
2026-09-07 10:32:30,301 1673304 INFO     [tempest.lib.common.rest_client] Request (VolumesActionsTest:_run_cleanups): 200 GET http://172.21.16.48/compute/v2.1/servers/b8bc496e-5db8-4012-82cc-d39f07b89bbe 0.132s
2026-09-07 10:32:30,301 1673304 DEBUG    [tempest.lib.common.rest_client] Request - Headers: {'Content-Type': 'application/json', 'Accept': 'application/json', 'X-Auth-Token': '<omitted>'}
        Body: None
    Response - Headers: {'date': 'Mon, 07 Sep 2026 02:32:30 GMT', 'server': 'Apache/2.4.58 (Ubuntu)', 'content-length': '1499', 'content-type': 'application/json', 'openstack-api-version': 'compute 2.1', 'x-openstack-nova-api-version': '2.1', 'vary': 'OpenStack-API-Version,X-OpenStack-Nova-API-Version', 'x-openstack-request-id': 'req-34203255-6f57-49e4-a7da-814863db4ee8', 'x-compute-request-id': 'req-34203255-6f57-49e4-a7da-814863db4ee8', 'connection': 'close', 'status': '200', 'content-location': 'http://172.21.16.48/compute/v2.1/servers/b8bc496e-5db8-4012-82cc-d39f07b89bbe'}
        Body: b'{"server": {"accessIPv4": "", "accessIPv6": "", "addresses": {"tempest-VolumesActionsTest-421035087-network": [{"version": 4, "addr": "10.0.0.3", "OS-EXT-IPS:type": "fixed", "OS-EXT-IPS-MAC:mac_addr": "fa:16:3e:52:76:69"}]}, "created": "2026-09-07T02:32:08Z", "flavor": {"id": "42", "links": [{"rel": "bookmark", "href": "http://172.21.16.48/compute/flavors/42"}]}, "hostId": "0aa2c7a5d4e268423c0ff0f777015f1666874ae0e7f495ee03f8d73e", "id": "b8bc496e-5db8-4012-82cc-d39f07b89bbe", "image": {"id": "c40e0f49-dfcb-4f0c-85f6-961051435368", "links": [{"rel": "bookmark", "href": "http://172.21.16.48/compute/images/c40e0f49-dfcb-4f0c-85f6-961051435368"}]}, "links": [{"rel": "self", "href": "http://172.21.16.48/compute/v2.1/servers/b8bc496e-5db8-4012-82cc-d39f07b89bbe"}, {"rel": "bookmark", "href": "http://172.21.16.48/compute/servers/b8bc496e-5db8-4012-82cc-d39f07b89bbe"}], "metadata": {}, "name": "tempest-VolumesActionsTest-instance-1101429772", "status": "ACTIVE", "tenant_id": "26b0da40e15a4c249043ef771c8df110", "user_id": "05936363e60f495eb883a2707f9fd9f1", "updated": "2026-09-07T02:32:30Z", "OS-DCF:diskConfig": "MANUAL", "progress": 0, "OS-EXT-AZ:availability_zone": "nova", "config_drive": "", "key_name": null, "OS-SRV-USG:launched_at": "2026-09-07T02:32:17.000000", "OS-SRV-USG:terminated_at": null, "s
    ecurity_groups": [{"name": "default"}], "OS-EXT-STS:task_state": "deleting", "OS-EXT-STS:vm_state": "active", "OS-EXT-STS:power_state": 1, "os-extended-volumes:volumes_attached": []}}'
2026-09-07 10:32:31,386 1673304 INFO     [tempest.lib.common.rest_client] Request (VolumesActionsTest:_run_cleanups): 200 GET http://172.21.16.48/compute/v2.1/servers/b8bc496e-5db8-4012-82cc-d39f07b89bbe 0.076s
2026-09-07 10:32:31,386 1673304 DEBUG    [tempest.lib.common.rest_client] Request - Headers: {'Content-Type': 'application/json', 'Accept': 'application/json', 'X-Auth-Token': '<omitted>'}
        Body: None
    Response - Headers: {'date': 'Mon, 07 Sep 2026 02:32:31 GMT', 'server': 'Apache/2.4.58 (Ubuntu)', 'content-length': '1302', 'content-type': 'application/json', 'openstack-api-version': 'compute 2.1', 'x-openstack-nova-api-version': '2.1', 'vary': 'OpenStack-API-Version,X-OpenStack-Nova-API-Version', 'x-openstack-request-id': 'req-d8459b17-8a41-4b83-bb17-ce88c00ca4b5', 'x-compute-request-id': 'req-d8459b17-8a41-4b83-bb17-ce88c00ca4b5', 'connection': 'close', 'status': '200', 'content-location': 'http://172.21.16.48/compute/v2.1/servers/b8bc496e-5db8-4012-82cc-d39f07b89bbe'}
        Body: b'{"server": {"accessIPv4": "", "accessIPv6": "", "addresses": {}, "created": "2026-09-07T02:32:08Z", "flavor": {"id": "42", "links": [{"rel": "bookmark", "href": "http://172.21.16.48/compute/flavors/42"}]}, "hostId": "0aa2c7a5d4e268423c0ff0f777015f1666874ae0e7f495ee03f8d73e", "id": "b8bc496e-5db8-4012-82cc-d39f07b89bbe", "image": {"id": "c40e0f49-dfcb-4f0c-85f6-961051435368", "links": [{"rel": "bookmark", "href": "http://172.21.16.48/compute/images/c40e0f49-dfcb-4f0c-85f6-961051435368"}]}, "links": [{"rel": "self", "href": "http://172.21.16.48/compute/v2.1/servers/b8bc496e-5db8-4012-82cc-d39f07b89bbe"}, {"rel": "bookmark", "href": "http://172.21.16.48/compute/servers/b8bc496e-5db8-4012-82cc-d39f07b89bbe"}], "metadata": {}, "name": "tempest-VolumesActionsTest-instance-1101429772", "status": "DELETED", "tenant_id": "26b0da40e15a4c249043ef771c8df110", "user_id": "05936363e60f495eb883a2707f9fd9f1", "updated": "2026-09-07T02:32:30Z", "OS-DCF:diskConfig": "MANUAL", "OS-EXT-AZ:availability_zone": "nova", "config_drive": "", "key_name": null, "OS-SRV-USG:launched_at": "2026-09-07T02:32:17.000000", "OS-SRV-USG:terminated_at": "2026-09-07T02:32:30.000000", "OS-EXT-STS:task_state": null, "OS-EXT-STS:vm_state": "deleted", "OS-EXT-STS:power_state": 0, "os-extended-volumes:volumes_attached": []}}'
2026-09-07 10:32:31,394 1673304 INFO     [tempest.common.waiters] State transition "ACTIVE/deleting" ==> "DELETED/None" after 3 second wait
2026-09-07 10:32:32,464 1673304 INFO     [tempest.lib.common.rest_client] Request (VolumesActionsTest:_run_cleanups): 200 GET http://172.21.16.48/compute/v2.1/servers/b8bc496e-5db8-4012-82cc-d39f07b89bbe 0.070s
2026-09-07 10:32:32,464 1673304 DEBUG    [tempest.lib.common.rest_client] Request - Headers: {'Content-Type': 'application/json', 'Accept': 'application/json', 'X-Auth-Token': '<omitted>'}
        Body: None
    Response - Headers: {'date': 'Mon, 07 Sep 2026 02:32:32 GMT', 'server': 'Apache/2.4.58 (Ubuntu)', 'content-length': '1302', 'content-type': 'application/json', 'openstack-api-version': 'compute 2.1', 'x-openstack-nova-api-version': '2.1', 'vary': 'OpenStack-API-Version,X-OpenStack-Nova-API-Version', 'x-openstack-request-id': 'req-14c01a5b-5a3c-4dd9-b196-b9731b71aa44', 'x-compute-request-id': 'req-14c01a5b-5a3c-4dd9-b196-b9731b71aa44', 'connection': 'close', 'status': '200', 'content-location': 'http://172.21.16.48/compute/v2.1/servers/b8bc496e-5db8-4012-82cc-d39f07b89bbe'}
        Body: b'{"server": {"accessIPv4": "", "accessIPv6": "", "addresses": {}, "created": "2026-09-07T02:32:08Z", "flavor": {"id": "42", "links": [{"rel": "bookmark", "href": "http://172.21.16.48/compute/flavors/42"}]}, "hostId": "0aa2c7a5d4e268423c0ff0f777015f1666874ae0e7f495ee03f8d73e", "id": "b8bc496e-5db8-4012-82cc-d39f07b89bbe", "image": {"id": "c40e0f49-dfcb-4f0c-85f6-961051435368", "links": [{"rel": "bookmark", "href": "http://172.2
    1.16.48/compute/images/c40e0f49-dfcb-4f0c-85f6-961051435368"}]}, "links": [{"rel": "self", "href": "http://172.21.16.48/compute/v2.1/servers/b8bc496e-5db8-4012-82cc-d39f07b89bbe"}, {"rel": "bookmark", "href": "http://172.21.16.48/compute/servers/b8bc496e-5db8-4012-82cc-d39f07b89bbe"}], "metadata": {}, "name": "tempest-VolumesActionsTest-instance-1101429772", "status": "DELETED", "tenant_id": "26b0da40e15a4c249043ef771c8df110", "user_id": "05936363e60f495eb883a2707f9fd9f1", "updated": "2026-09-07T02:32:30Z", "OS-DCF:diskConfig": "MANUAL", "OS-EXT-AZ:availability_zone": "nova", "config_drive": "", "key_name": null, "OS-SRV-USG:launched_at": "2026-09-07T02:32:17.000000", "OS-SRV-USG:terminated_at": "2026-09-07T02:32:30.000000", "OS-EXT-STS:task_state": null, "OS-EXT-STS:vm_state": "deleted", "OS-EXT-STS:power_state": 0, "os-extended-volumes:volumes_attached": []}}'
2026-09-07 10:32:33,500 1673304 INFO     [tempest.lib.common.rest_client] Request (VolumesActionsTest:_run_cleanups): 404 GET http://172.21.16.48/compute/v2.1/servers/b8bc496e-5db8-4012-82cc-d39f07b89bbe 0.027s
2026-09-07 10:32:33,500 1673304 DEBUG    [tempest.lib.common.rest_client] Request - Headers: {'Content-Type': 'application/json', 'Accept': 'application/json', 'X-Auth-Token': '<omitted>'}
        Body: None
    Response - Headers: {'date': 'Mon, 07 Sep 2026 02:32:33 GMT', 'server': 'Apache/2.4.58 (Ubuntu)', 'openstack-api-version': 'compute 2.1', 'x-openstack-nova-api-version': '2.1', 'vary': 'OpenStack-API-Version,X-OpenStack-Nova-API-Version', 'content-type': 'application/json; charset=UTF-8', 'content-length': '111', 'x-openstack-request-id': 'req-bfb68acc-71a0-42fb-a635-47ab3ef34cbe', 'x-compute-request-id': 'req-bfb68acc-71a0-42fb-a635-47ab3ef34cbe', 'connection': 'close', 'status': '404', 'content-location': 'http://172.21.16.48/compute/v2.1/servers/b8bc496e-5db8-4012-82cc-d39f07b89bbe'}
        Body: b'{"itemNotFound": {"code": 404, "message": "Instance b8bc496e-5db8-4012-82cc-d39f07b89bbe could not be found."}}'


tempest.api.volume.admin.test_volume_pools.VolumePoolsAdminTestsJSON.test_get_pools_with_details[id-d4bb61f7-762d-4437-b8a4-5785759a0ced]
-----------------------------------------------------------------------------------------------------------------------------------------

Captured traceback:
~~~~~~~~~~~~~~~~~~~
    Traceback (most recent call last):

      File "/opt/stack/tempest/tempest/api/volume/admin/test_volume_pools.py", line 44, in test_get_pools_with_details
    self._assert_pools(with_detail=True)

      File "/opt/stack/tempest/tempest/api/volume/admin/test_volume_pools.py", line 32, in _assert_pools
    self.assertIn(CONF.volume.vendor_name,

      File "/opt/stack/tempest/.tox/tempest/lib/python3.12/site-packages/testtools/testcase.py", line 522, in assertIn
    self.assertThat(haystack, Contains(needle), message)

      File "/opt/stack/tempest/.tox/tempest/lib/python3.12/site-packages/testtools/testcase.py", line 704, in assertThat
    raise mismatch_error

    testtools.matchers._impl.MismatchError: 'Open Source' not in ['ZTE-VSTORAGE']


Captured pythonlogging:
~~~~~~~~~~~~~~~~~~~~~~~
    2026-09-07 10:32:37,911 1673282 INFO     [tempest.lib.common.rest_client] Request (VolumePoolsAdminTestsJSON:test_get_pools_with_details): 200 GET http://172.21.16.48/volume/v3/scheduler-stats/get_pools?detail=True 0.146s
2026-09-07 10:32:37,912 1673282 DEBUG    [tempest.lib.common.rest_client] Request - Headers: {'Content-Type': 'application/json', 'Accept': 'application/json', 'X-Auth-Token': '<omitted>'}
        Body: None
    Response - Headers: {'date': 'Mon, 07 Sep 2026 02:32:37 GMT', 'server': 'Apache/2.4.58 (Ubuntu)', 'content-type': 'application/json', 'x-compute-request-id': 'req-94edf60a-0c7f-4ff5-aeb4-cb1e1c15d290', 'content-length': '703', 'openstack-api-version': 'volume 3.0', 'vary': 'OpenStack-API-Version', 'x-openstack-request-id': 'req-94edf60a-0c7f-4ff5-aeb4-cb1e1c15d290', 'connection': 'close', 'status': '200', 'content-location': 'http://172.21.16.48/volume/v3/scheduler-stats/get_pools?detail=True'}
        Body: b'{"pools": [{"name": "zteusr@ZTE_VSTORAGE_ISCSI-1#pool1", "capabilities": {"pool_name": "pool1", "total_capacity_gb": 4017.6, "free_capacity_gb": 4017.6, "provisioned_capacity_gb": 194.0, "QoS_support": true, "multiattach": true, "storage_usage_alarm_threshold": null, "thin_provisioning_support": true, "thick_provisioning_support": false, "reserved_percentage": 5, "max_over_subscription_ratio": "20.0", "backend_state": "up", "allocated_capacity_gb": 20, "cacheable": true, "volume_backend_name": "vstorage_migrate", "storage_protocol": "iSCSI", "vendor_name": "ZTE-VSTORAGE", "driver_version": "1.3.3", "timestamp": "2026-09-07T02:32:37.834400", "filter_function": null, "goodness_function": null}}]}'


tempest.api.volume.admin.test_snapshot_manage.SnapshotManageAdminTest.test_snapshot_manage_with_attached_volume[compute,id-7c735385-e953-4198-8534-68137f72dbdc]
----------------------------------------------------------------------------------------------------------------------------------------------------------------

Captured traceback:
~~~~~~~~~~~~~~~~~~~
    Traceback (most recent call last):

      File "/opt/stack/tempest/tempest/common/utils/__init__.py", line 65, in wrapper
    return f(*func_args, **func_kwargs)
           ^^^^^^^^^^^^^^^^^^^^^^^^^^^^

      File "/opt/stack/tempest/tempest/api/volume/admin/test_snapshot_manage.py", line 127, in test_snapshot_manage_with_attached_volume
    self._test_unmanage_manage_snapshot(attached_volume=True)

      File "/opt/stack/tempest/tempest/api/volume/admin/test_snapshot_manage.py", line 103, in _test_unmanage_manage_snapshot
    waiters.wait_for_volume_resource_status(self.admin_snapshots_client,

      File "/opt/stack/tempest/tempest/common/waiters.py", line 379, in wait_for_volume_resource_status
    raise exceptions.VolumeResourceBuildErrorException(

    tempest.exceptions.VolumeResourceBuildErrorException: snapshot 0d495ac5-fd13-4e44-93c9-a29aea3bafcc failed to build and is in ERROR status


Captured pythonlogging:
~~~~~~~~~~~~~~~~~~~~~~~
    2026-09-07 10:33:17,520 1673250 INFO     [tempest.lib.common.rest_client] Request (SnapshotManageAdminTest:test_snapshot_manage_with_attached_volume): 202 POST http://172.21.16.48/volume/v3/volumes 0.271s
2026-09-07 10:33:17,520 1673250 DEBUG    [tempest.lib.common.rest_client] Request - Headers: {'Content-Type': 'application/json', 'Accept': 'application/json', 'X-Auth-Token': '<omitted>'}
        Body: {"volume": {"size": 1, "name": "tempest-SnapshotManageAdminTest-Volume-1291152031"}}
    Response - Headers: {'date': 'Mon, 07 Sep 2026 02:33:17 GMT', 'server': 'Apache/2.4.58 (Ubuntu)', 'content-type': 'application/json', 'x-compute-request-id': 'req-a57c049c-5b17-4d4f-85ce-f0aa4072d204', 'content-length': '759', 'openstack-api-version': 'volume 3.0', 'vary': 'OpenStack-API-Version', 'x-openstack-request-id': 'req-a57c049c-5b17-4d4f-85ce-f0aa4072d204', 'connection': 'close', 'status': '202', 'content-location': 'http://172.21.16.48/volume/v3/volumes'}
        Body: b'{"volume": {"id": "6f4b9d2c-22fd-4250-9bd3-8e010003a7cd", "status": "creating", "size": 1, "availability_zone": "nova", "created_at": "2026-09-07T02:33:17.456438", "updated_at": null, "name": "tempest-SnapshotManageAdminTest-Volume-1291152031", "description": null, "volume_type": "__DEFAULT__", "snapshot_id": null, "source_volid": null, "metadata": {}, "links": [{"rel": "self", "href": "http://172.21.16.48/volume/v3/volumes/6f4b9d2c-22fd-4250-9bd3-8e010003a7cd"}, {"rel": "bookmark", "href": "http://172.21.16.48/volume/volumes/6f4b9d2c-22fd-4250-9bd3-8e010003a7cd"}], "user_id": "6d387d30751f4123b0728fd3d09385b6", "bootable": "false", "encrypted": false, "replication_status": null, "consistencygroup_id": null, "multiattach": false, "attachments": []}}'
2026-09-07 10:33:17,552 1673250 INFO     [tempest.lib.common.rest_client] Request (SnapshotManageAdminTest:test_snapshot_manage_with_attached_volume): 200 GET http://172.21.16.48/volume/v3/volumes/6f4b9d2c-22fd-4250-9bd3-8e010003a7cd 0.025s
2026-09-07 10:33:17,552 1673250 DEBUG    [tempest.lib.common.rest_client] Request - Headers: {'Content-Type': 'application/json', 'Accept': 'application/json', 'X-Auth-Token': '<omitted>'}
        Body: None
    Response - Headers: {'date': 'Mon, 07 Sep 2026 02:33:17 GMT', 'server': 'Apache/2.4.58 (Ubuntu)', 'content-type': 'application/json', 'x-compute-request-id': 'req-2b1992bf-c8ac-4189-a02e-ae5186239310', 'content-length': '827', 'openstack-api-version': 'volume 3.0', 'vary': 'OpenStack-API-Version', 'x-openstack-request-id': 'req-2b1992bf-c8ac-4189-a02e-ae5186239310', 'connection': 'close', 'status': '200', 'content-location': 'http://172.21.16.48/volume/v3/volumes/6f4b9d2c-22fd-4250-9bd3-8e010003a7cd'}
        Body: b'{"volume": {"id": "6f4b9d2c-22fd-4250-9bd3-8e010003a7cd", "status": "creating", "size": 1, "availability_zone": "nova", "created_at": "2026-09-07T02:33:17.000000", "updated_at": null, "name": "tempest-SnapshotManageAdminTest-Volume-1291152031", "description": null, "volume_type": "__DEFAULT__", "snapshot_id": null, "source_volid": null, "metadata": {}, "links": [{"rel": "self", "href": "http://172.21.16.48/volume/v3/volumes/6f4b9d2c-22fd-4250-9bd3-8e010003a7cd"}, {"rel": "bookmark", "href": "http://172.21.16.48/volume/volumes/6f4b9d2c-22fd-4250-9bd3-8e010003a7cd"}], "user_id": "6d387d30751f4123b0728fd3d09385b6", "bootable": "false", "encrypted": false, "replication_status": null, "consistencygroup_id": null, "multiattach": false, "attachments": [], "os-vol-tenant-attr:tenant_id": "4c4c3ff54d9943a3a68f562d80861442"}}'
2026-09-07 10:33:18,585 1673250 INFO     [tempest.lib.common.rest_client] Request (SnapshotManageAdminTest:test_snapshot_manage_with_attached_volume): 200 GET http://172.21.16.48/volume/v3/volumes/6f4b9d2c-22fd-4250-9bd3-8e010003a7cd 0.024s
2026-09-07 10:33:18,586 1673250 DEBUG    [tempest.lib.common.rest_client] Request - Headers: {'Content-Type': 'application/json', 'Accept': 'application/json', 'X-Auth-Token': '<omitted>'}
        Body: None
    Response - Headers: {'date': 'Mon, 07 Sep 2026 02:33:18 GMT', 'server': 'Apache/2.4.58 (Ubuntu
    )', 'content-type': 'application/json', 'x-compute-request-id': 'req-1aa014ce-54a6-4a2c-9f36-c8910d14e7e0', 'content-length': '851', 'openstack-api-version': 'volume 3.0', 'vary': 'OpenStack-API-Version', 'x-openstack-request-id': 'req-1aa014ce-54a6-4a2c-9f36-c8910d14e7e0', 'connection': 'close', 'status': '200', 'content-location': 'http://172.21.16.48/volume/v3/volumes/6f4b9d2c-22fd-4250-9bd3-8e010003a7cd'}
        Body: b'{"volume": {"id": "6f4b9d2c-22fd-4250-9bd3-8e010003a7cd", "status": "creating", "size": 1, "availability_zone": "nova", "created_at": "2026-09-07T02:33:17.000000", "updated_at": "2026-09-07T02:33:18.000000", "name": "tempest-SnapshotManageAdminTest-Volume-1291152031", "description": null, "volume_type": "__DEFAULT__", "snapshot_id": null, "source_volid": null, "metadata": {}, "links": [{"rel": "self", "href": "http://172.21.16.48/volume/v3/volumes/6f4b9d2c-22fd-4250-9bd3-8e010003a7cd"}, {"rel": "bookmark", "href": "http://172.21.16.48/volume/volumes/6f4b9d2c-22fd-4250-9bd3-8e010003a7cd"}], "user_id": "6d387d30751f4123b0728fd3d09385b6", "bootable": "false", "encrypted": false, "replication_status": null, "consistencygroup_id": null, "multiattach": false, "attachments": [], "os-vol-tenant-attr:tenant_id": "4c4c3ff54d9943a3a68f562d80861442"}}'
2026-09-07 10:33:19,625 1673250 INFO     [tempest.lib.common.rest_client] Request (SnapshotManageAdminTest:test_snapshot_manage_with_attached_volume): 200 GET http://172.21.16.48/volume/v3/volumes/6f4b9d2c-22fd-4250-9bd3-8e010003a7cd 0.025s
2026-09-07 10:33:19,625 1673250 DEBUG    [tempest.lib.common.rest_client] Request - Headers: {'Content-Type': 'application/json', 'Accept': 'application/json', 'X-Auth-Token': '<omitted>'}
        Body: None
    Response - Headers: {'date': 'Mon, 07 Sep 2026 02:33:19 GMT', 'server': 'Apache/2.4.58 (Ubuntu)', 'content-type': 'application/json', 'x-compute-request-id': 'req-f8d2b23b-5125-4cad-8b2d-1e0009ebb581', 'content-length': '897', 'openstack-api-version': 'volume 3.0', 'vary': 'OpenStack-API-Version', 'x-openstack-request-id': 'req-f8d2b23b-5125-4cad-8b2d-1e0009ebb581', 'connection': 'close', 'status': '200', 'content-location': 'http://172.21.16.48/volume/v3/volumes/6f4b9d2c-22fd-4250-9bd3-8e010003a7cd'}
        Body: b'{"volume": {"id": "6f4b9d2c-22fd-4250-9bd3-8e010003a7cd", "status": "available", "size": 1, "availability_zone": "nova", "created_at": "2026-09-07T02:33:17.000000", "updated_at": "2026-09-07T02:33:19.000000", "name": "tempest-SnapshotManageAdminTest-Volume-1291152031", "description": null, "volume_type": "__DEFAULT__", "snapshot_id": null, "source_volid": null, "metadata": {"lun_wwn": "60015eb66a909169e400110000002eb4"}, "links": [{"rel": "self", "href": "http://172.21.16.48/volume/v3/volumes/6f4b9d2c-22fd-4250-9bd3-8e010003a7cd"}, {"rel": "bookmark", "href": "http://172.21.16.48/volume/volumes/6f4b9d2c-22fd-4250-9bd3-8e010003a7cd"}], "user_id": "6d387d30751f4123b0728fd3d09385b6", "bootable": "false", "encrypted": false, "replication_status": null, "consistencygroup_id": null, "multiattach": false, "attachments": [], "os-vol-tenant-attr:tenant_id": "4c4c3ff54d9943a3a68f562d80861442"}}'
2026-09-07 10:33:19,633 1673250 INFO     [tempest.common.waiters] volume 6f4b9d2c-22fd-4250-9bd3-8e010003a7cd reached available after waiting for 2.633175 seconds
2026-09-07 10:33:19,712 1673250 INFO     [tempest.lib.common.rest_client] Request (SnapshotManageAdminTest:test_snapshot_manage_with_attached_volume): 202 POST http://172.21.16.48/volume/v3/snapshots 0.079s
2026-09-07 10:33:19,712 1673250 DEBUG    [tempest.lib.common.rest_client] Request - Headers: {'Content-Type': 'application/json', 'Accept': 'application/json', 'X-Auth-Token': '<omitted>'}
        Body: {"snapshot": {"volume_id": "6f4b9d2c-22fd-4250-9bd3-8e010003a7cd", "name": "tempest-SnapshotManageAdminTest-Snapshot-1314351620"}}
    Response - Headers: {'date': 'Mon, 07 Sep 2026 02:33:19 GMT', 'server': 'Apache/2.4.58 (Ubuntu)', 'content-type': 'application/json', 'x-compute-request-id': 'req-07873d9d-f172-421c-af43-a5378f7274f4', 'content-length': '310', 'ope
    nstack-api-version': 'volume 3.0', 'vary': 'OpenStack-API-Version', 'x-openstack-request-id': 'req-07873d9d-f172-421c-af43-a5378f7274f4', 'connection': 'close', 'status': '202', 'content-location': 'http://172.21.16.48/volume/v3/snapshots'}
        Body: b'{"snapshot": {"id": "d23096cb-f82e-4f67-ac80-eb6d103c848c", "created_at": "2026-09-07T02:33:19.683977", "updated_at": null, "name": "tempest-SnapshotManageAdminTest-Snapshot-1314351620", "description": null, "volume_id": "6f4b9d2c-22fd-4250-9bd3-8e010003a7cd", "status": "creating", "size": 1, "metadata": {}}}'
2026-09-07 10:33:19,731 1673250 INFO     [tempest.lib.common.rest_client] Request (SnapshotManageAdminTest:test_snapshot_manage_with_attached_volume): 200 GET http://172.21.16.48/volume/v3/snapshots/d23096cb-f82e-4f67-ac80-eb6d103c848c 0.016s
2026-09-07 10:33:19,732 1673250 DEBUG    [tempest.lib.common.rest_client] Request - Headers: {'Content-Type': 'application/json', 'Accept': 'application/json', 'X-Auth-Token': '<omitted>'}
        Body: None
    Response - Headers: {'date': 'Mon, 07 Sep 2026 02:33:19 GMT', 'server': 'Apache/2.4.58 (Ubuntu)', 'content-type': 'application/json', 'x-compute-request-id': 'req-cb458e62-8fdb-4c5f-85b6-b63a1ccc9e70', 'content-length': '442', 'openstack-api-version': 'volume 3.0', 'vary': 'OpenStack-API-Version', 'x-openstack-request-id': 'req-cb458e62-8fdb-4c5f-85b6-b63a1ccc9e70', 'connection': 'close', 'status': '200', 'content-location': 'http://172.21.16.48/volume/v3/snapshots/d23096cb-f82e-4f67-ac80-eb6d103c848c'}
        Body: b'{"snapshot": {"id": "d23096cb-f82e-4f67-ac80-eb6d103c848c", "created_at": "2026-09-07T02:33:20.000000", "updated_at": null, "name": "tempest-SnapshotManageAdminTest-Snapshot-1314351620", "description": null, "volume_id": "6f4b9d2c-22fd-4250-9bd3-8e010003a7cd", "status": "creating", "size": 1, "metadata": {}, "os-extended-snapshot-attributes:project_id": "4c4c3ff54d9943a3a68f562d80861442", "os-extended-snapshot-attributes:progress": "0%"}}'
2026-09-07 10:33:20,748 1673250 INFO     [tempest.lib.common.rest_client] Request (SnapshotManageAdminTest:test_snapshot_manage_with_attached_volume): 200 GET http://172.21.16.48/volume/v3/snapshots/d23096cb-f82e-4f67-ac80-eb6d103c848c 0.013s
2026-09-07 10:33:20,748 1673250 DEBUG    [tempest.lib.common.rest_client] Request - Headers: {'Content-Type': 'application/json', 'Accept': 'application/json', 'X-Auth-Token': '<omitted>'}
        Body: None
    Response - Headers: {'date': 'Mon, 07 Sep 2026 02:33:20 GMT', 'server': 'Apache/2.4.58 (Ubuntu)', 'content-type': 'application/json', 'x-compute-request-id': 'req-71bd637a-05d3-43f4-953a-a8f2694a94ee', 'content-length': '641', 'openstack-api-version': 'volume 3.0', 'vary': 'OpenStack-API-Version', 'x-openstack-request-id': 'req-71bd637a-05d3-43f4-953a-a8f2694a94ee', 'connection': 'close', 'status': '200', 'content-location': 'http://172.21.16.48/volume/v3/snapshots/d23096cb-f82e-4f67-ac80-eb6d103c848c'}
        Body: b'{"snapshot": {"id": "d23096cb-f82e-4f67-ac80-eb6d103c848c", "created_at": "2026-09-07T02:33:20.000000", "updated_at": "2026-09-07T02:33:20.000000", "name": "tempest-SnapshotManageAdminTest-Snapshot-1314351620", "description": null, "volume_id": "6f4b9d2c-22fd-4250-9bd3-8e010003a7cd", "status": "available", "size": 1, "metadata": {"lun_wwn": "60015eb66a909169e400110000002eb5", "snapshot_name": "snapshot-d23096cb-f82e-4f67-ac80-eb6d103c848c", "source_vol": "volume-6f4b9d2c-22fd-4250-9bd3-8e010003a7cd"}, "os-extended-snapshot-attributes:project_id": "4c4c3ff54d9943a3a68f562d80861442", "os-extended-snapshot-attributes:progress": "100%"}}'
2026-09-07 10:33:20,750 1673250 INFO     [tempest.common.waiters] snapshot d23096cb-f82e-4f67-ac80-eb6d103c848c reached available after waiting for 1.750853 seconds
2026-09-07 10:33:20,751 1673250 DEBUG    [tempest.lib.common.validation_resources] Requested setup of ValidationResources keypair True, floating IP True, security group True
2026-09-07 10:33:20,751 1673250 DEBUG    [tempest.lib.common.validation_resources] Requested validation resources keypair True, floating IP T
    rue, security group True
2026-09-07 10:33:20,788 1673250 INFO     [tempest.lib.common.rest_client] Request (ValidationResourcesFixture:setUp): 200 POST http://172.21.16.48/compute/v2.1/os-keypairs 0.035s
2026-09-07 10:33:20,788 1673250 DEBUG    [tempest.lib.common.rest_client] Request - Headers: {'Content-Type': 'application/json', 'Accept': 'application/json', 'X-Auth-Token': '<omitted>'}
        Body: {"keypair": {"name": "tempest-keypair-1657999619", "public_key": "ecdsa-sha2-nistp384 AAAAE2VjZHNhLXNoYTItbmlzdHAzODQAAAAIbmlzdHAzODQAAABhBK2V4u478D/O0z3Te05s+TCvElIrm1+rbLe/JBb6CFknQcgIlfz5atMrjK8EgjAKF+iRlZOn0ijx8+VJNdZb5aUTX3Xnzc12c3DMkQTRHueQCsl6+ydV5PMsVPbYQ7xoSg=="}}
    Response - Headers: {'date': 'Mon, 07 Sep 2026 02:33:20 GMT', 'server': 'Apache/2.4.58 (Ubuntu)', 'content-length': '386', 'content-type': 'application/json', 'openstack-api-version': 'compute 2.1', 'x-openstack-nova-api-version': '2.1', 'vary': 'OpenStack-API-Version,X-OpenStack-Nova-API-Version', 'x-openstack-request-id': 'req-a6bfc51c-4ac1-483f-9ae3-d3d7c102c02b', 'x-compute-request-id': 'req-a6bfc51c-4ac1-483f-9ae3-d3d7c102c02b', 'connection': 'close', 'status': '200', 'content-location': 'http://172.21.16.48/compute/v2.1/os-keypairs'}
        Body: b'{"keypair": {"name": "tempest-keypair-1657999619", "public_key": "ecdsa-sha2-nistp384 AAAAE2VjZHNhLXNoYTItbmlzdHAzODQAAAAIbmlzdHAzODQAAABhBK2V4u478D/O0z3Te05s+TCvElIrm1+rbLe/JBb6CFknQcgIlfz5atMrjK8EgjAKF+iRlZOn0ijx8+VJNdZb5aUTX3Xnzc12c3DMkQTRHueQCsl6+ydV5PMsVPbYQ7xoSg==", "fingerprint": "bd:43:c3:ae:77:18:66:b6:9f:d4:52:35:06:57:74:2b", "user_id": "6d387d30751f4123b0728fd3d09385b6"}}'
2026-09-07 10:33:20,789 1673250 DEBUG    [tempest.lib.common.validation_resources] Validation resource key tempest-keypair-1657999619 created
2026-09-07 10:33:20,959 1673250 INFO     [tempest.lib.common.rest_client] Request (ValidationResourcesFixture:setUp): 201 POST http://172.21.16.48/networking/v2.0/security-groups 0.169s
2026-09-07 10:33:20,959 1673250 DEBUG    [tempest.lib.common.rest_client] Request - Headers: {'Content-Type': 'application/json', 'Accept': 'application/json', 'X-Auth-Token': '<omitted>'}
        Body: {"security_group": {"name": "tempest-securitygroup--876699773", "description": "tempest-description--1839735210"}}
    Response - Headers: {'date': 'Mon, 07 Sep 2026 02:33:20 GMT', 'server': 'Apache/2.4.58 (Ubuntu)', 'content-type': 'application/json', 'content-length': '1662', 'x-openstack-request-id': 'req-5e7ec298-a5b2-40c0-aa3c-8263269218d6', 'connection': 'close', 'status': '201', 'content-location': 'http://172.21.16.48/networking/v2.0/security-groups'}
        Body: b'{"security_group": {"id": "3dd29994-beff-4458-9685-7ab2ca04f6d3", "name": "tempest-securitygroup--876699773", "stateful": true, "tenant_id": "4c4c3ff54d9943a3a68f562d80861442", "project_id": "4c4c3ff54d9943a3a68f562d80861442", "description": "tempest-description--1839735210", "shared": false, "security_group_rules": [{"id": "1a950e7e-4a91-475d-bf00-d0cb1c9290ee", "project_id": "4c4c3ff54d9943a3a68f562d80861442", "security_group_id": "3dd29994-beff-4458-9685-7ab2ca04f6d3", "ethertype": "IPv6", "direction": "egress", "protocol": null, "port_range_min": null, "port_range_max": null, "remote_ip_prefix": null, "remote_address_group_id": null, "normalized_cidr": null, "remote_group_id": null, "standard_attr_id": 3166, "belongs_to_default_sg": false, "description": null, "tags": [], "created_at": "2026-09-07T02:33:20Z", "updated_at": "2026-09-07T02:33:20Z", "revision_number": 0, "tenant_id": "4c4c3ff54d9943a3a68f562d80861442"}, {"id": "fcdc4131-a63b-42b9-bd5a-3688ae2adc3c", "project_id": "4c4c3ff54d9943a3a68f562d80861442", "security_group_id": "3dd29994-beff-4458-9685-7ab2ca04f6d3", "ethertype": "IPv4", "direction": "egress", "protocol": null, "port_range_min": null, "port_range_max": null, "remote_ip_prefix": null, "remote_address_group_id": null, "normalized_cidr": null, "remote_group_id": null, "standard_attr_id": 3165, "belongs_to_default_sg": false, "description": null, "tags": [], "created_at": "2026-09-07T02:33:20Z", "updated_
    at": "2026-09-07T02:33:20Z", "revision_number": 0, "tenant_id": "4c4c3ff54d9943a3a68f562d80861442"}], "tags": [], "created_at": "2026-09-07T02:33:20Z", "updated_at": "2026-09-07T02:33:20Z", "revision_number": 1}}'
2026-09-07 10:33:21,073 1673250 INFO     [tempest.lib.common.rest_client] Request (ValidationResourcesFixture:setUp): 201 POST http://172.21.16.48/networking/v2.0/security-group-rules 0.113s
2026-09-07 10:33:21,074 1673250 DEBUG    [tempest.lib.common.rest_client] Request - Headers: {'Content-Type': 'application/json', 'Accept': 'application/json', 'X-Auth-Token': '<omitted>'}
        Body: {"security_group_rule": {"security_group_id": "3dd29994-beff-4458-9685-7ab2ca04f6d3", "protocol": "tcp", "ethertype": "IPv4", "port_range_min": 22, "port_range_max": 22, "direction": "ingress"}}
    Response - Headers: {'date': 'Mon, 07 Sep 2026 02:33:20 GMT', 'server': 'Apache/2.4.58 (Ubuntu)', 'content-type': 'application/json', 'content-length': '597', 'x-openstack-request-id': 'req-8dd4fea0-96b9-41bb-ada7-38887072aa17', 'connection': 'close', 'status': '201', 'content-location': 'http://172.21.16.48/networking/v2.0/security-group-rules'}
        Body: b'{"security_group_rule": {"id": "b00b28b8-efcd-4cdf-bdd3-fe5c35ed4911", "project_id": "4c4c3ff54d9943a3a68f562d80861442", "security_group_id": "3dd29994-beff-4458-9685-7ab2ca04f6d3", "ethertype": "IPv4", "direction": "ingress", "protocol": "tcp", "port_range_min": 22, "port_range_max": 22, "remote_ip_prefix": null, "remote_address_group_id": null, "normalized_cidr": null, "remote_group_id": null, "belongs_to_default_sg": false, "description": "", "created_at": "2026-09-07T02:33:21Z", "updated_at": "2026-09-07T02:33:21Z", "revision_number": 0, "tenant_id": "4c4c3ff54d9943a3a68f562d80861442"}}'
2026-09-07 10:33:21,237 1673250 INFO     [tempest.lib.common.rest_client] Request (ValidationResourcesFixture:setUp): 201 POST http://172.21.16.48/networking/v2.0/security-group-rules 0.163s
2026-09-07 10:33:21,238 1673250 DEBUG    [tempest.lib.common.rest_client] Request - Headers: {'Content-Type': 'application/json', 'Accept': 'application/json', 'X-Auth-Token': '<omitted>'}
        Body: {"security_group_rule": {"security_group_id": "3dd29994-beff-4458-9685-7ab2ca04f6d3", "protocol": "icmp", "ethertype": "IPv4", "direction": "ingress"}}
    Response - Headers: {'date': 'Mon, 07 Sep 2026 02:33:21 GMT', 'server': 'Apache/2.4.58 (Ubuntu)', 'content-type': 'application/json', 'content-length': '602', 'x-openstack-request-id': 'req-097409e0-975b-4656-96e6-c5daab38cfe8', 'connection': 'close', 'status': '201', 'content-location': 'http://172.21.16.48/networking/v2.0/security-group-rules'}
        Body: b'{"security_group_rule": {"id": "36b09e72-89f2-4af6-b7c6-b06cea0562de", "project_id": "4c4c3ff54d9943a3a68f562d80861442", "security_group_id": "3dd29994-beff-4458-9685-7ab2ca04f6d3", "ethertype": "IPv4", "direction": "ingress", "protocol": "icmp", "port_range_min": null, "port_range_max": null, "remote_ip_prefix": null, "remote_address_group_id": null, "normalized_cidr": null, "remote_group_id": null, "belongs_to_default_sg": false, "description": "", "created_at": "2026-09-07T02:33:21Z", "updated_at": "2026-09-07T02:33:21Z", "revision_number": 0, "tenant_id": "4c4c3ff54d9943a3a68f562d80861442"}}'
2026-09-07 10:33:21,238 1673250 DEBUG    [tempest.lib.common.validation_resources] SSH Validation resource security group with tcp and icmp rules tempest-securitygroup--876699773 created
2026-09-07 10:33:21,748 1673250 INFO     [tempest.lib.common.rest_client] Request (ValidationResourcesFixture:setUp): 201 POST http://172.21.16.48/networking/v2.0/floatingips 0.510s
2026-09-07 10:33:21,749 1673250 DEBUG    [tempest.lib.common.rest_client] Request - Headers: {'Content-Type': 'application/json', 'Accept': 'application/json', 'X-Auth-Token': '<omitted>'}
        Body: {"floatingip": {"floating_network_id": "e2d5f11b-7246-4b85-99f0-3458bc853ed6"}}
    Response - Headers: {'date': 'Mon, 07 Sep 2026 02:33:21 GMT', 'server': 'Apache/2.4.58 (Ubuntu)', 'content-type': 'application/json', 'content-length'
    : '527', 'x-openstack-request-id': 'req-1725857b-9b6e-413c-b367-59f84042ffad', 'connection': 'close', 'status': '201', 'content-location': 'http://172.21.16.48/networking/v2.0/floatingips'}
        Body: b'{"floatingip": {"id": "b967c03d-213a-4b4b-b4ed-beff4616a8a4", "tenant_id": "4c4c3ff54d9943a3a68f562d80861442", "project_id": "4c4c3ff54d9943a3a68f562d80861442", "floating_ip_address": "172.24.4.11", "floating_network_id": "e2d5f11b-7246-4b85-99f0-3458bc853ed6", "router_id": null, "port_id": null, "fixed_ip_address": null, "status": "DOWN", "description": "", "port_details": null, "dns_domain": "", "dns_name": "", "tags": [], "created_at": "2026-09-07T02:33:21Z", "updated_at": "2026-09-07T02:33:21Z", "revision_number": 0}}'
2026-09-07 10:33:21,749 1673250 DEBUG    [tempest.lib.common.validation_resources] Validation resource floating IP {'id': 'b967c03d-213a-4b4b-b4ed-beff4616a8a4', 'tenant_id': '4c4c3ff54d9943a3a68f562d80861442', 'project_id': '4c4c3ff54d9943a3a68f562d80861442', 'floating_ip_address': '172.24.4.11', 'floating_network_id': 'e2d5f11b-7246-4b85-99f0-3458bc853ed6', 'router_id': None, 'port_id': None, 'fixed_ip_address': None, 'status': 'DOWN', 'description': '', 'port_details': None, 'dns_domain': '', 'dns_name': '', 'tags': [], 'created_at': '2026-09-07T02:33:21Z', 'updated_at': '2026-09-07T02:33:21Z', 'revision_number': 0, 'ip': '172.24.4.11'} created
2026-09-07 10:33:21,810 1673250 INFO     [tempest.lib.common.rest_client] Request (SnapshotManageAdminTest:test_snapshot_manage_with_attached_volume): 201 POST http://172.21.16.48/identity/v3/auth/tokens 0.058s
2026-09-07 10:33:21,810 1673250 DEBUG    [tempest.lib.common.rest_client] Request - Headers: {'Content-Type': 'application/json', 'Accept': 'application/json'}
        Body: <omitted>
    Response - Headers: {'date': 'Mon, 07 Sep 2026 02:33:21 GMT', 'server': 'Apache/2.4.58 (Ubuntu)', 'content-type': 'application/json', 'content-length': '2507', 'x-subject-token': '<omitted>', 'vary': 'X-Auth-Token', 'x-openstack-request-id': 'req-c7262fe4-7587-4ba9-80d7-1fb9a5dacb10', 'connection': 'close', 'status': '201', 'content-location': 'http://172.21.16.48/identity/v3/auth/tokens'}
        Body: b'{"token": {"methods": ["password"], "user": {"domain": {"id": "default", "name": "Default"}, "id": "6d387d30751f4123b0728fd3d09385b6", "name": "tempest-SnapshotManageAdminTest-226131391-project-member", "password_expires_at": null}, "audit_ids": ["36dXPABFS46RqKtiX9gA7w"], "expires_at": "2026-09-07T03:33:21.000000Z", "issued_at": "2026-09-07T02:33:21.000000Z", "project": {"domain": {"id": "default", "name": "Default"}, "id": "4c4c3ff54d9943a3a68f562d80861442", "name": "tempest-SnapshotManageAdminTest-226131391"}, "is_domain": false, "roles": [{"id": "3ef9e1901aef4331a7ef6890414e876b", "name": "reader"}, {"id": "f0c902c1d27647db84d3364d71116324", "name": "member"}], "catalog": [{"endpoints": [{"id": "4793cc266e5a47169ed04883bd05e4d8", "interface": "public", "region_id": "RegionOne", "url": "http://172.21.16.48/identity", "region": "RegionOne"}], "id": "13ce648834264991b5de9d395d56fe9b", "type": "identity", "name": "keystone"}, {"endpoints": [{"id": "45279045403c469f9f96bf30b7d32ae5", "interface": "public", "region_id": "RegionOne", "url": "http://172.21.16.48/networking", "region": "RegionOne"}], "id": "31fc45254fc54b98b3fddb1dacafe1de", "type": "network", "name": "neutron"}, {"endpoints": [{"id": "bb506d94ae1645fdab573c33a1137d4e", "interface": "public", "region_id": "RegionOne", "url": "http://172.21.16.48/placement", "region": "RegionOne"}], "id": "670bed1dd5b74e80adb77ca1fa7a9748", "type": "placement", "name": "placement"}, {"endpoints": [{"id": "9e20bc32decc4385b13b0874ac2b6f15", "interface": "public", "region_id": "RegionOne", "url": "http://172.21.16.48/image", "region": "RegionOne"}], "id": "9ae04292c4b149678c54055a3523c771", "type": "image", "name": "glance"}, {"endpoints": [{"id": "dac37c18b3d14dc7b7f4ab0307ca7876", "interface": "public", "region_id": "RegionOne", "url": "http://172.21.16.48/compute/v2/4c4c3ff54d9943a3a68f562d80861442", "region": "RegionOn
    e"}], "id": "b7459395849642e1a9ec5a6522617807", "type": "compute_legacy", "name": "nova_legacy"}, {"endpoints": [{"id": "3cd65348685f4c79ac5c2d38f375b89f", "interface": "public", "region_id": "RegionOne", "url": "http://172.21.16.48/volume/v3", "region": "RegionOne"}], "id": "ce27e67ae2c14ba787e6c8545ce4653a", "type": "block-storage", "name": "cinder"}, {"endpoints": [{"id": "5a998c9c9df640e38a987a608fbead09", "interface": "public", "region_id": "RegionOne", "url": "http://172.21.16.48/compute/v2.1", "region": "RegionOne"}], "id": "db923492e91049e296224b33dd0c4b00", "type": "compute", "name": "nova"}]}}'
2026-09-07 10:33:21,811 1673250 INFO     [tempest.lib.common.fixed_network] (SnapshotManageAdminTest:test_snapshot_manage_with_attached_volume) Found network {'id': '13ca429d-518e-4144-8b23-f1f2d37e3537', 'name': 'tempest-SnapshotManageAdminTest-2002102460-network', 'tenant_id': '4c4c3ff54d9943a3a68f562d80861442', 'project_id': '4c4c3ff54d9943a3a68f562d80861442', 'admin_state_up': True, 'mtu': 1442, 'status': 'ACTIVE', 'subnets': [], 'shared': False, 'port_security_enabled': True, 'router:external': False, 'provider:network_type': 'geneve', 'provider:physical_network': None, 'provider:segmentation_id': 29520, 'vlan_transparent': False, 'qinq': False, 'is_default': False, 'availability_zone_hints': [], 'availability_zones': [], 'ipv4_address_scope': None, 'ipv6_address_scope': None, 'description': '', 'tags': [], 'created_at': '2026-09-07T02:33:07Z', 'updated_at': '2026-09-07T02:33:07Z', 'revision_number': 1} available for tenant
2026-09-07 10:33:21,811 1673250 DEBUG    [tempest.common.compute] Provisioning test server with validation resources {'keypair': {'name': 'tempest-keypair-1657999619', 'public_key': 'ecdsa-sha2-nistp384 AAAAE2VjZHNhLXNoYTItbmlzdHAzODQAAAAIbmlzdHAzODQAAABhBK2V4u478D/O0z3Te05s+TCvElIrm1+rbLe/JBb6CFknQcgIlfz5atMrjK8EgjAKF+iRlZOn0ijx8+VJNdZb5aUTX3Xnzc12c3DMkQTRHueQCsl6+ydV5PMsVPbYQ7xoSg==', 'fingerprint': 'bd:43:c3:ae:77:18:66:b6:9f:d4:52:35:06:57:74:2b', 'user_id': '6d387d30751f4123b0728fd3d09385b6', 'private_key': '-----BEGIN EC PRIVATE KEY-----\nMIGkAgEBBDAvYY9GiSb9Fx4Ov073JlQFFUZ7SPsayvH0cxb1vTxi53BS+GLrfBPL\nUZaoxXZflU2gBwYFK4EEACKhZANiAAStleLuO/A/ztM903tObPkwrxJSK5tfq2y3\nvyQW+ghZJ0HICJX8+WrTK4yvBIIwChfokZWTp9Io8fPlSTXWW+WlE191583NdnNw\nzJEE0R7nkArJevsnVeTzLFT22EO8aEo=\n-----END EC PRIVATE KEY-----\n'}, 'security_group': {'id': '3dd29994-beff-4458-9685-7ab2ca04f6d3', 'name': 'tempest-securitygroup--876699773', 'stateful': True, 'tenant_id': '4c4c3ff54d9943a3a68f562d80861442', 'project_id': '4c4c3ff54d9943a3a68f562d80861442', 'description': 'tempest-description--1839735210', 'shared': False, 'security_group_rules': [{'id': '1a950e7e-4a91-475d-bf00-d0cb1c9290ee', 'project_id': '4c4c3ff54d9943a3a68f562d80861442', 'security_group_id': '3dd29994-beff-4458-9685-7ab2ca04f6d3', 'ethertype': 'IPv6', 'direction': 'egress', 'protocol': None, 'port_range_min': None, 'port_range_max': None, 'remote_ip_prefix': None, 'remote_address_group_id': None, 'normalized_cidr': None, 'remote_group_id': None, 'standard_attr_id': 3166, 'belongs_to_default_sg': False, 'description': None, 'tags': [], 'created_at': '2026-09-07T02:33:20Z', 'updated_at': '2026-09-07T02:33:20Z', 'revision_number': 0, 'tenant_id': '4c4c3ff54d9943a3a68f562d80861442'}, {'id': 'fcdc4131-a63b-42b9-bd5a-3688ae2adc3c', 'project_id': '4c4c3ff54d9943a3a68f562d80861442', 'security_group_id': '3dd29994-beff-4458-9685-7ab2ca04f6d3', 'ethertype': 'IPv4', 'direction': 'egress', 'protocol': None, 'port_range_min': None, 'port_range_max': None, 'remote_ip_prefix': None, 'remote_address_group_id': None, 'normalized_cidr': None, 'remote_group_id': None, 'standard_attr_id': 3165, 'belongs_to_default_sg': False, 'description': None, 'tags': [], 'created_at': '2026-09-07T02:33:20Z', 'updated_at': '2026-09-07T02:33:20Z', 'revision_number': 0, 'tenant_id': '4c4c3ff54d9943a3a68f562d80861442'}], 'tags': [], 'created_at': '2026-09-07T02:33:20Z', 'updated_at': '2026-09-07T02:33:20Z', 'revision_number': 1}, 'floating_ip': {'id': 'b967c03d-213a-4b4b-b4ed-beff4616a8a4', 
    'tenant_id': '4c4c3ff54d9943a3a68f562d80861442', 'project_id': '4c4c3ff54d9943a3a68f562d80861442', 'floating_ip_address': '172.24.4.11', 'floating_network_id': 'e2d5f11b-7246-4b85-99f0-3458bc853ed6', 'router_id': None, 'port_id': None, 'fixed_ip_address': None, 'status': 'DOWN', 'description': '', 'port_details': None, 'dns_domain': '', 'dns_name': '', 'tags': [], 'created_at': '2026-09-07T02:33:21Z', 'updated_at': '2026-09-07T02:33:21Z', 'revision_number': 0, 'ip': '172.24.4.11'}}
2026-09-07 10:33:22,303 1673250 INFO     [tempest.lib.common.rest_client] Request (SnapshotManageAdminTest:test_snapshot_manage_with_attached_volume): 202 POST http://172.21.16.48/compute/v2.1/servers 0.491s
2026-09-07 10:33:22,303 1673250 DEBUG    [tempest.lib.common.rest_client] Request - Headers: {'Content-Type': 'application/json', 'Accept': 'application/json', 'X-Auth-Token': '<omitted>'}
        Body: {"server": {"name": "tempest-SnapshotManageAdminTest-instance-568974262", "imageRef": "c40e0f49-dfcb-4f0c-85f6-961051435368", "flavorRef": "42", "networks": [{"uuid": "13ca429d-518e-4144-8b23-f1f2d37e3537"}], "security_groups": [{"name": "tempest-securitygroup--876699773"}], "key_name": "tempest-keypair-1657999619", "user_data": "IyEvYmluL3NoCmVjaG8gIlByaW50aW5nIGNpcnJvcyB1c2VyIGF1dGhvcml6ZWQga2V5cyIKY2F0IH5jaXJyb3MvLnNzaC9hdXRob3JpemVkX2tleXMgfHwgdHJ1ZQo="}}
    Response - Headers: {'date': 'Mon, 07 Sep 2026 02:33:21 GMT', 'server': 'Apache/2.4.58 (Ubuntu)', 'content-length': '407', 'location': 'http://172.21.16.48/compute/v2.1/servers/5cdb83bb-9cb5-4e3d-9971-6289ea492424', 'content-type': 'application/json', 'openstack-api-version': 'compute 2.1', 'x-openstack-nova-api-version': '2.1', 'vary': 'OpenStack-API-Version,X-OpenStack-Nova-API-Version', 'x-openstack-request-id': 'req-654c57c1-733d-4c71-b56c-79d4570a17e0', 'x-compute-request-id': 'req-654c57c1-733d-4c71-b56c-79d4570a17e0', 'connection': 'close', 'status': '202', 'content-location': 'http://172.21.16.48/compute/v2.1/servers'}
        Body: b'{"server": {"id": "5cdb83bb-9cb5-4e3d-9971-6289ea492424", "links": [{"rel": "self", "href": "http://172.21.16.48/compute/v2.1/servers/5cdb83bb-9cb5-4e3d-9971-6289ea492424"}, {"rel": "bookmark", "href": "http://172.21.16.48/compute/servers/5cdb83bb-9cb5-4e3d-9971-6289ea492424"}], "OS-DCF:diskConfig": "MANUAL", "security_groups": [{"name": "tempest-securitygroup--876699773"}], "adminPass": "nRVBLvs67DzF"}}'
2026-09-07 10:33:22,359 1673250 INFO     [tempest.lib.common.rest_client] Request (SnapshotManageAdminTest:test_snapshot_manage_with_attached_volume): 200 GET http://172.21.16.48/compute/v2.1/servers/5cdb83bb-9cb5-4e3d-9971-6289ea492424 0.054s
2026-09-07 10:33:22,359 1673250 DEBUG    [tempest.lib.common.rest_client] Request - Headers: {'Content-Type': 'application/json', 'Accept': 'application/json', 'X-Auth-Token': '<omitted>'}
        Body: None
    Response - Headers: {'date': 'Mon, 07 Sep 2026 02:33:22 GMT', 'server': 'Apache/2.4.58 (Ubuntu)', 'content-length': '1244', 'content-type': 'application/json', 'openstack-api-version': 'compute 2.1', 'x-openstack-nova-api-version': '2.1', 'vary': 'OpenStack-API-Version,X-OpenStack-Nova-API-Version', 'x-openstack-request-id': 'req-a0a06089-3bbe-4f30-be3d-c07a8220ead8', 'x-compute-request-id': 'req-a0a06089-3bbe-4f30-be3d-c07a8220ead8', 'connection': 'close', 'status': '200', 'content-location': 'http://172.21.16.48/compute/v2.1/servers/5cdb83bb-9cb5-4e3d-9971-6289ea492424'}
        Body: b'{"server": {"accessIPv4": "", "accessIPv6": "", "addresses": {}, "created": "2026-09-07T02:33:22Z", "flavor": {"id": "42", "links": [{"rel": "bookmark", "href": "http://172.21.16.48/compute/flavors/42"}]}, "hostId": "", "id": "5cdb83bb-9cb5-4e3d-9971-6289ea492424", "image": {"id": "c40e0f49-dfcb-4f0c-85f6-961051435368", "links": [{"rel": "bookmark", "href": "http://172.21.16.48/compute/images/c40e0f49-dfcb-4f0c-85f6-961051435368"}]}, "links": [{"rel": "self", "href": "http://172.21.16.48/compute/v2.1/servers/5cdb83bb-9cb5-4e3d-9971-6289ea492424"}, {"rel": "bookmark", "href": "http://172.21.16.48/compute/servers
    /5cdb83bb-9cb5-4e3d-9971-6289ea492424"}], "metadata": {}, "name": "tempest-SnapshotManageAdminTest-instance-568974262", "status": "BUILD", "tenant_id": "4c4c3ff54d9943a3a68f562d80861442", "user_id": "6d387d30751f4123b0728fd3d09385b6", "updated": "2026-09-07T02:33:22Z", "OS-DCF:diskConfig": "MANUAL", "progress": 0, "OS-EXT-AZ:availability_zone": "", "config_drive": "", "key_name": "tempest-keypair-1657999619", "OS-SRV-USG:launched_at": null, "OS-SRV-USG:terminated_at": null, "OS-EXT-STS:task_state": "scheduling", "OS-EXT-STS:vm_state": "building", "OS-EXT-STS:power_state": 0, "os-extended-volumes:volumes_attached": []}}'
2026-09-07 10:33:23,507 1673250 INFO     [tempest.lib.common.rest_client] Request (SnapshotManageAdminTest:test_snapshot_manage_with_attached_volume): 200 GET http://172.21.16.48/compute/v2.1/servers/5cdb83bb-9cb5-4e3d-9971-6289ea492424 0.139s
2026-09-07 10:33:23,507 1673250 DEBUG    [tempest.lib.common.rest_client] Request - Headers: {'Content-Type': 'application/json', 'Accept': 'application/json', 'X-Auth-Token': '<omitted>'}
        Body: None
    Response - Headers: {'date': 'Mon, 07 Sep 2026 02:33:23 GMT', 'server': 'Apache/2.4.58 (Ubuntu)', 'content-length': '1369', 'content-type': 'application/json', 'openstack-api-version': 'compute 2.1', 'x-openstack-nova-api-version': '2.1', 'vary': 'OpenStack-API-Version,X-OpenStack-Nova-API-Version', 'x-openstack-request-id': 'req-c42261be-59f8-4115-901e-aaaa7265c0f4', 'x-compute-request-id': 'req-c42261be-59f8-4115-901e-aaaa7265c0f4', 'connection': 'close', 'status': '200', 'content-location': 'http://172.21.16.48/compute/v2.1/servers/5cdb83bb-9cb5-4e3d-9971-6289ea492424'}
        Body: b'{"server": {"accessIPv4": "", "accessIPv6": "", "addresses": {}, "created": "2026-09-07T02:33:22Z", "flavor": {"id": "42", "links": [{"rel": "bookmark", "href": "http://172.21.16.48/compute/flavors/42"}]}, "hostId": "51ba1d02130badba699ba95ae9da1b8d0d2c4dae92318f48cc6c74b0", "id": "5cdb83bb-9cb5-4e3d-9971-6289ea492424", "image": {"id": "c40e0f49-dfcb-4f0c-85f6-961051435368", "links": [{"rel": "bookmark", "href": "http://172.21.16.48/compute/images/c40e0f49-dfcb-4f0c-85f6-961051435368"}]}, "links": [{"rel": "self", "href": "http://172.21.16.48/compute/v2.1/servers/5cdb83bb-9cb5-4e3d-9971-6289ea492424"}, {"rel": "bookmark", "href": "http://172.21.16.48/compute/servers/5cdb83bb-9cb5-4e3d-9971-6289ea492424"}], "metadata": {}, "name": "tempest-SnapshotManageAdminTest-instance-568974262", "status": "BUILD", "tenant_id": "4c4c3ff54d9943a3a68f562d80861442", "user_id": "6d387d30751f4123b0728fd3d09385b6", "updated": "2026-09-07T02:33:23Z", "OS-DCF:diskConfig": "MANUAL", "progress": 0, "OS-EXT-AZ:availability_zone": "nova", "config_drive": "", "key_name": "tempest-keypair-1657999619", "OS-SRV-USG:launched_at": null, "OS-SRV-USG:terminated_at": null, "security_groups": [{"name": "tempest-securitygroup--876699773"}], "OS-EXT-STS:task_state": "spawning", "OS-EXT-STS:vm_state": "building", "OS-EXT-STS:power_state": 0, "os-extended-volumes:volumes_attached": []}}'
2026-09-07 10:33:23,515 1673250 INFO     [tempest.common.waiters] State transition "BUILD/scheduling" ==> "BUILD/spawning" after 1 second wait
2026-09-07 10:33:24,624 1673250 INFO     [tempest.lib.common.rest_client] Request (SnapshotManageAdminTest:test_snapshot_manage_with_attached_volume): 200 GET http://172.21.16.48/compute/v2.1/servers/5cdb83bb-9cb5-4e3d-9971-6289ea492424 0.109s
2026-09-07 10:33:24,624 1673250 DEBUG    [tempest.lib.common.rest_client] Request - Headers: {'Content-Type': 'application/json', 'Accept': 'application/json', 'X-Auth-Token': '<omitted>'}
        Body: None
    Response - Headers: {'date': 'Mon, 07 Sep 2026 02:33:24 GMT', 'server': 'Apache/2.4.58 (Ubuntu)', 'content-length': '1369', 'content-type': 'application/json', 'openstack-api-version': 'compute 2.1', 'x-openstack-nova-api-version': '2.1', 'vary': 'OpenStack-API-Version,X-OpenStack-Nova-API-Version', 'x-openstack-request-id': 'req-a038ae30-6113-48a8-855d-32981df9275d', 'x-compute-request-id': 'req-a038ae30-6113-48a8-855d-32981df9275d', 'connec
    tion': 'close', 'status': '200', 'content-location': 'http://172.21.16.48/compute/v2.1/servers/5cdb83bb-9cb5-4e3d-9971-6289ea492424'}
        Body: b'{"server": {"accessIPv4": "", "accessIPv6": "", "addresses": {}, "created": "2026-09-07T02:33:22Z", "flavor": {"id": "42", "links": [{"rel": "bookmark", "href": "http://172.21.16.48/compute/flavors/42"}]}, "hostId": "51ba1d02130badba699ba95ae9da1b8d0d2c4dae92318f48cc6c74b0", "id": "5cdb83bb-9cb5-4e3d-9971-6289ea492424", "image": {"id": "c40e0f49-dfcb-4f0c-85f6-961051435368", "links": [{"rel": "bookmark", "href": "http://172.21.16.48/compute/images/c40e0f49-dfcb-4f0c-85f6-961051435368"}]}, "links": [{"rel": "self", "href": "http://172.21.16.48/compute/v2.1/servers/5cdb83bb-9cb5-4e3d-9971-6289ea492424"}, {"rel": "bookmark", "href": "http://172.21.16.48/compute/servers/5cdb83bb-9cb5-4e3d-9971-6289ea492424"}], "metadata": {}, "name": "tempest-SnapshotManageAdminTest-instance-568974262", "status": "BUILD", "tenant_id": "4c4c3ff54d9943a3a68f562d80861442", "user_id": "6d387d30751f4123b0728fd3d09385b6", "updated": "2026-09-07T02:33:23Z", "OS-DCF:diskConfig": "MANUAL", "progress": 0, "OS-EXT-AZ:availability_zone": "nova", "config_drive": "", "key_name": "tempest-keypair-1657999619", "OS-SRV-USG:launched_at": null, "OS-SRV-USG:terminated_at": null, "security_groups": [{"name": "tempest-securitygroup--876699773"}], "OS-EXT-STS:task_state": "spawning", "OS-EXT-STS:vm_state": "building", "OS-EXT-STS:power_state": 0, "os-extended-volumes:volumes_attached": []}}'
2026-09-07 10:33:25,732 1673250 INFO     [tempest.lib.common.rest_client] Request (SnapshotManageAdminTest:test_snapshot_manage_with_attached_volume): 200 GET http://172.21.16.48/compute/v2.1/servers/5cdb83bb-9cb5-4e3d-9971-6289ea492424 0.099s
2026-09-07 10:33:25,732 1673250 DEBUG    [tempest.lib.common.rest_client] Request - Headers: {'Content-Type': 'application/json', 'Accept': 'application/json', 'X-Auth-Token': '<omitted>'}
        Body: None
    Response - Headers: {'date': 'Mon, 07 Sep 2026 02:33:25 GMT', 'server': 'Apache/2.4.58 (Ubuntu)', 'content-length': '1369', 'content-type': 'application/json', 'openstack-api-version': 'compute 2.1', 'x-openstack-nova-api-version': '2.1', 'vary': 'OpenStack-API-Version,X-OpenStack-Nova-API-Version', 'x-openstack-request-id': 'req-745a2db9-cdcd-49cd-b1f0-968972704d5a', 'x-compute-request-id': 'req-745a2db9-cdcd-49cd-b1f0-968972704d5a', 'connection': 'close', 'status': '200', 'content-location': 'http://172.21.16.48/compute/v2.1/servers/5cdb83bb-9cb5-4e3d-9971-6289ea492424'}
        Body: b'{"server": {"accessIPv4": "", "accessIPv6": "", "addresses": {}, "created": "2026-09-07T02:33:22Z", "flavor": {"id": "42", "links": [{"rel": "bookmark", "href": "http://172.21.16.48/compute/flavors/42"}]}, "hostId": "51ba1d02130badba699ba95ae9da1b8d0d2c4dae92318f48cc6c74b0", "id": "5cdb83bb-9cb5-4e3d-9971-6289ea492424", "image": {"id": "c40e0f49-dfcb-4f0c-85f6-961051435368", "links": [{"rel": "bookmark", "href": "http://172.21.16.48/compute/images/c40e0f49-dfcb-4f0c-85f6-961051435368"}]}, "links": [{"rel": "self", "href": "http://172.21.16.48/compute/v2.1/servers/5cdb83bb-9cb5-4e3d-9971-6289ea492424"}, {"rel": "bookmark", "href": "http://172.21.16.48/compute/servers/5cdb83bb-9cb5-4e3d-9971-6289ea492424"}], "metadata": {}, "name": "tempest-SnapshotManageAdminTest-instance-568974262", "status": "BUILD", "tenant_id": "4c4c3ff54d9943a3a68f562d80861442", "user_id": "6d387d30751f4123b0728fd3d09385b6", "updated": "2026-09-07T02:33:23Z", "OS-DCF:diskConfig": "MANUAL", "progress": 0, "OS-EXT-AZ:availability_zone": "nova", "config_drive": "", "key_name": "tempest-keypair-1657999619", "OS-SRV-USG:launched_at": null, "OS-SRV-USG:terminated_at": null, "security_groups": [{"name": "tempest-securitygroup--876699773"}], "OS-EXT-STS:task_state": "spawning", "OS-EXT-STS:vm_state": "building", "OS-EXT-STS:power_state": 0, "os-extended-volumes:volumes_attached": []}}'
2026-09-07 10:33:26,875 1673250 INFO     [tempest.lib.common.rest_client] Request (SnapshotManageAdminTest:test_snapshot_manage_with_attached_volume): 2
    00 GET http://172.21.16.48/compute/v2.1/servers/5cdb83bb-9cb5-4e3d-9971-6289ea492424 0.132s
2026-09-07 10:33:26,875 1673250 DEBUG    [tempest.lib.common.rest_client] Request - Headers: {'Content-Type': 'application/json', 'Accept': 'application/json', 'X-Auth-Token': '<omitted>'}
        Body: None
    Response - Headers: {'date': 'Mon, 07 Sep 2026 02:33:26 GMT', 'server': 'Apache/2.4.58 (Ubuntu)', 'content-length': '1553', 'content-type': 'application/json', 'openstack-api-version': 'compute 2.1', 'x-openstack-nova-api-version': '2.1', 'vary': 'OpenStack-API-Version,X-OpenStack-Nova-API-Version', 'x-openstack-request-id': 'req-95d947f0-b55b-48d3-92d6-edca7c2c4110', 'x-compute-request-id': 'req-95d947f0-b55b-48d3-92d6-edca7c2c4110', 'connection': 'close', 'status': '200', 'content-location': 'http://172.21.16.48/compute/v2.1/servers/5cdb83bb-9cb5-4e3d-9971-6289ea492424'}
        Body: b'{"server": {"accessIPv4": "", "accessIPv6": "", "addresses": {"tempest-SnapshotManageAdminTest-2002102460-network": [{"version": 4, "addr": "10.0.0.12", "OS-EXT-IPS:type": "fixed", "OS-EXT-IPS-MAC:mac_addr": "fa:16:3e:5d:d7:0c"}]}, "created": "2026-09-07T02:33:22Z", "flavor": {"id": "42", "links": [{"rel": "bookmark", "href": "http://172.21.16.48/compute/flavors/42"}]}, "hostId": "51ba1d02130badba699ba95ae9da1b8d0d2c4dae92318f48cc6c74b0", "id": "5cdb83bb-9cb5-4e3d-9971-6289ea492424", "image": {"id": "c40e0f49-dfcb-4f0c-85f6-961051435368", "links": [{"rel": "bookmark", "href": "http://172.21.16.48/compute/images/c40e0f49-dfcb-4f0c-85f6-961051435368"}]}, "links": [{"rel": "self", "href": "http://172.21.16.48/compute/v2.1/servers/5cdb83bb-9cb5-4e3d-9971-6289ea492424"}, {"rel": "bookmark", "href": "http://172.21.16.48/compute/servers/5cdb83bb-9cb5-4e3d-9971-6289ea492424"}], "metadata": {}, "name": "tempest-SnapshotManageAdminTest-instance-568974262", "status": "ACTIVE", "tenant_id": "4c4c3ff54d9943a3a68f562d80861442", "user_id": "6d387d30751f4123b0728fd3d09385b6", "updated": "2026-09-07T02:33:26Z", "OS-DCF:diskConfig": "MANUAL", "progress": 0, "OS-EXT-AZ:availability_zone": "nova", "config_drive": "", "key_name": "tempest-keypair-1657999619", "OS-SRV-USG:launched_at": "2026-09-07T02:33:25.000000", "OS-SRV-USG:terminated_at": null, "security_groups": [{"name": "tempest-securitygroup--876699773"}], "OS-EXT-STS:task_state": null, "OS-EXT-STS:vm_state": "active", "OS-EXT-STS:power_state": 1, "os-extended-volumes:volumes_attached": []}}'
2026-09-07 10:33:26,883 1673250 INFO     [tempest.common.waiters] State transition "BUILD/spawning" ==> "ACTIVE/None" after 4 second wait
2026-09-07 10:33:26,972 1673250 INFO     [tempest.lib.common.rest_client] Request (SnapshotManageAdminTest:test_snapshot_manage_with_attached_volume): 200 GET http://172.21.16.48/compute/v2.1/servers/5cdb83bb-9cb5-4e3d-9971-6289ea492424/os-interface 0.089s
2026-09-07 10:33:26,972 1673250 DEBUG    [tempest.lib.common.rest_client] Request - Headers: {'Content-Type': 'application/json', 'Accept': 'application/json', 'X-Auth-Token': '<omitted>'}
        Body: None
    Response - Headers: {'date': 'Mon, 07 Sep 2026 02:33:26 GMT', 'server': 'Apache/2.4.58 (Ubuntu)', 'content-length': '283', 'content-type': 'application/json', 'openstack-api-version': 'compute 2.1', 'x-openstack-nova-api-version': '2.1', 'vary': 'OpenStack-API-Version,X-OpenStack-Nova-API-Version', 'x-openstack-request-id': 'req-d1cda193-40e4-43a9-817d-f69c9b8a7e85', 'x-compute-request-id': 'req-d1cda193-40e4-43a9-817d-f69c9b8a7e85', 'connection': 'close', 'status': '200', 'content-location': 'http://172.21.16.48/compute/v2.1/servers/5cdb83bb-9cb5-4e3d-9971-6289ea492424/os-interface'}
        Body: b'{"interfaceAttachments": [{"net_id": "13ca429d-518e-4144-8b23-f1f2d37e3537", "port_id": "43a7e452-5df1-4531-bf8d-2ec7893ac54d", "mac_addr": "fa:16:3e:5d:d7:0c", "port_state": "ACTIVE", "fixed_ips": [{"subnet_id": "0c986274-4ca9-4843-9060-d273eed5ade3", "ip_address": "10.0.0.12"}]}]}'
2026-09-07 10:33:27,590 1673250 INFO     [tempest.lib.common.rest_client] Request (SnapshotManageAdminTest:test_snapshot_manage_with_attached
    _volume): 200 PUT http://172.21.16.48/networking/v2.0/floatingips/b967c03d-213a-4b4b-b4ed-beff4616a8a4 0.613s
2026-09-07 10:33:27,590 1673250 DEBUG    [tempest.lib.common.rest_client] Request - Headers: {'Content-Type': 'application/json', 'Accept': 'application/json', 'X-Auth-Token': '<omitted>'}
        Body: {"floatingip": {"port_id": "43a7e452-5df1-4531-bf8d-2ec7893ac54d"}}
    Response - Headers: {'date': 'Mon, 07 Sep 2026 02:33:26 GMT', 'server': 'Apache/2.4.58 (Ubuntu)', 'content-type': 'application/json', 'content-length': '829', 'x-openstack-request-id': 'req-722a6aee-81ed-4cca-8317-d319f5fb7dd8', 'connection': 'close', 'status': '200', 'content-location': 'http://172.21.16.48/networking/v2.0/floatingips/b967c03d-213a-4b4b-b4ed-beff4616a8a4'}
        Body: b'{"floatingip": {"id": "b967c03d-213a-4b4b-b4ed-beff4616a8a4", "tenant_id": "4c4c3ff54d9943a3a68f562d80861442", "project_id": "4c4c3ff54d9943a3a68f562d80861442", "floating_ip_address": "172.24.4.11", "floating_network_id": "e2d5f11b-7246-4b85-99f0-3458bc853ed6", "router_id": "60b26ff0-8532-4cf9-84ae-28ff333118a3", "port_id": "43a7e452-5df1-4531-bf8d-2ec7893ac54d", "fixed_ip_address": "10.0.0.12", "status": "DOWN", "description": "", "port_details": {"name": "", "network_id": "13ca429d-518e-4144-8b23-f1f2d37e3537", "mac_address": "fa:16:3e:5d:d7:0c", "admin_state_up": true, "status": "ACTIVE", "device_id": "5cdb83bb-9cb5-4e3d-9971-6289ea492424", "device_owner": "compute:nova"}, "dns_domain": "", "dns_name": "", "tags": [], "created_at": "2026-09-07T02:33:21Z", "updated_at": "2026-09-07T02:33:27Z", "revision_number": 1}}'
2026-09-07 10:33:27,591 1673250 INFO     [tempest.lib.common.ssh] Creating ssh connection to '172.24.4.11:22' as 'cirros' with public key authentication
2026-09-07 10:33:38,795 1673250 INFO     [paramiko.transport] Connected (version 2.0, client dropbear_2020.81)
2026-09-07 10:33:38,894 1673250 INFO     [paramiko.transport] Authentication (publickey) successful!
2026-09-07 10:33:38,895 1673250 INFO     [tempest.lib.common.ssh] ssh connection to cirros@172.24.4.11 successfully created
2026-09-07 10:33:39,110 1673250 INFO     [tempest.lib.common.rest_client] Request (SnapshotManageAdminTest:test_snapshot_manage_with_attached_volume): 200 POST http://172.21.16.48/compute/v2.1/servers/5cdb83bb-9cb5-4e3d-9971-6289ea492424/os-volume_attachments 0.215s
2026-09-07 10:33:39,110 1673250 DEBUG    [tempest.lib.common.rest_client] Request - Headers: {'Content-Type': 'application/json', 'Accept': 'application/json', 'X-Auth-Token': '<omitted>'}
        Body: {"volumeAttachment": {"volumeId": "6f4b9d2c-22fd-4250-9bd3-8e010003a7cd", "device": "/dev/vdb"}}
    Response - Headers: {'date': 'Mon, 07 Sep 2026 02:33:38 GMT', 'server': 'Apache/2.4.58 (Ubuntu)', 'content-length': '194', 'content-type': 'application/json', 'openstack-api-version': 'compute 2.1', 'x-openstack-nova-api-version': '2.1', 'vary': 'OpenStack-API-Version,X-OpenStack-Nova-API-Version', 'x-openstack-request-id': 'req-d4cc0c17-4b3b-43cf-b40d-6389f1d3dab1', 'x-compute-request-id': 'req-d4cc0c17-4b3b-43cf-b40d-6389f1d3dab1', 'connection': 'close', 'status': '200', 'content-location': 'http://172.21.16.48/compute/v2.1/servers/5cdb83bb-9cb5-4e3d-9971-6289ea492424/os-volume_attachments'}
        Body: b'{"volumeAttachment": {"id": "6f4b9d2c-22fd-4250-9bd3-8e010003a7cd", "serverId": "5cdb83bb-9cb5-4e3d-9971-6289ea492424", "volumeId": "6f4b9d2c-22fd-4250-9bd3-8e010003a7cd", "device": "/dev/vdb"}}'
2026-09-07 10:33:39,138 1673250 INFO     [tempest.lib.common.rest_client] Request (SnapshotManageAdminTest:test_snapshot_manage_with_attached_volume): 200 GET http://172.21.16.48/volume/v3/volumes/6f4b9d2c-22fd-4250-9bd3-8e010003a7cd 0.026s
2026-09-07 10:33:39,138 1673250 DEBUG    [tempest.lib.common.rest_client] Request - Headers: {'Content-Type': 'application/json', 'Accept': 'application/json', 'X-Auth-Token': '<omitted>'}
        Body: None
    Response - Headers: {'date': 'Mon, 07 Sep 2026 02:33:39 GMT', 'server': 'Apache/2.4.58 (Ubuntu)', 'content-type': 'application/json', 'x-compute-request-id': 're
    q-7ba79cc8-9445-47a9-80d8-7948b216e812', 'content-length': '896', 'openstack-api-version': 'volume 3.0', 'vary': 'OpenStack-API-Version', 'x-openstack-request-id': 'req-7ba79cc8-9445-47a9-80d8-7948b216e812', 'connection': 'close', 'status': '200', 'content-location': 'http://172.21.16.48/volume/v3/volumes/6f4b9d2c-22fd-4250-9bd3-8e010003a7cd'}
        Body: b'{"volume": {"id": "6f4b9d2c-22fd-4250-9bd3-8e010003a7cd", "status": "reserved", "size": 1, "availability_zone": "nova", "created_at": "2026-09-07T02:33:17.000000", "updated_at": "2026-09-07T02:33:39.000000", "name": "tempest-SnapshotManageAdminTest-Volume-1291152031", "description": null, "volume_type": "__DEFAULT__", "snapshot_id": null, "source_volid": null, "metadata": {"lun_wwn": "60015eb66a909169e400110000002eb4"}, "links": [{"rel": "self", "href": "http://172.21.16.48/volume/v3/volumes/6f4b9d2c-22fd-4250-9bd3-8e010003a7cd"}, {"rel": "bookmark", "href": "http://172.21.16.48/volume/volumes/6f4b9d2c-22fd-4250-9bd3-8e010003a7cd"}], "user_id": "6d387d30751f4123b0728fd3d09385b6", "bootable": "false", "encrypted": false, "replication_status": null, "consistencygroup_id": null, "multiattach": false, "attachments": [], "os-vol-tenant-attr:tenant_id": "4c4c3ff54d9943a3a68f562d80861442"}}'
2026-09-07 10:33:40,173 1673250 INFO     [tempest.lib.common.rest_client] Request (SnapshotManageAdminTest:test_snapshot_manage_with_attached_volume): 200 GET http://172.21.16.48/volume/v3/volumes/6f4b9d2c-22fd-4250-9bd3-8e010003a7cd 0.027s
2026-09-07 10:33:40,173 1673250 DEBUG    [tempest.lib.common.rest_client] Request - Headers: {'Content-Type': 'application/json', 'Accept': 'application/json', 'X-Auth-Token': '<omitted>'}
        Body: None
    Response - Headers: {'date': 'Mon, 07 Sep 2026 02:33:40 GMT', 'server': 'Apache/2.4.58 (Ubuntu)', 'content-type': 'application/json', 'x-compute-request-id': 'req-05b89b9b-425e-4e79-af07-909aea883ba3', 'content-length': '896', 'openstack-api-version': 'volume 3.0', 'vary': 'OpenStack-API-Version', 'x-openstack-request-id': 'req-05b89b9b-425e-4e79-af07-909aea883ba3', 'connection': 'close', 'status': '200', 'content-location': 'http://172.21.16.48/volume/v3/volumes/6f4b9d2c-22fd-4250-9bd3-8e010003a7cd'}
        Body: b'{"volume": {"id": "6f4b9d2c-22fd-4250-9bd3-8e010003a7cd", "status": "reserved", "size": 1, "availability_zone": "nova", "created_at": "2026-09-07T02:33:17.000000", "updated_at": "2026-09-07T02:33:39.000000", "name": "tempest-SnapshotManageAdminTest-Volume-1291152031", "description": null, "volume_type": "__DEFAULT__", "snapshot_id": null, "source_volid": null, "metadata": {"lun_wwn": "60015eb66a909169e400110000002eb4"}, "links": [{"rel": "self", "href": "http://172.21.16.48/volume/v3/volumes/6f4b9d2c-22fd-4250-9bd3-8e010003a7cd"}, {"rel": "bookmark", "href": "http://172.21.16.48/volume/volumes/6f4b9d2c-22fd-4250-9bd3-8e010003a7cd"}], "user_id": "6d387d30751f4123b0728fd3d09385b6", "bootable": "false", "encrypted": false, "replication_status": null, "consistencygroup_id": null, "multiattach": false, "attachments": [], "os-vol-tenant-attr:tenant_id": "4c4c3ff54d9943a3a68f562d80861442"}}'
2026-09-07 10:33:41,206 1673250 INFO     [tempest.lib.common.rest_client] Request (SnapshotManageAdminTest:test_snapshot_manage_with_attached_volume): 200 GET http://172.21.16.48/volume/v3/volumes/6f4b9d2c-22fd-4250-9bd3-8e010003a7cd 0.025s
2026-09-07 10:33:41,207 1673250 DEBUG    [tempest.lib.common.rest_client] Request - Headers: {'Content-Type': 'application/json', 'Accept': 'application/json', 'X-Auth-Token': '<omitted>'}
        Body: None
    Response - Headers: {'date': 'Mon, 07 Sep 2026 02:33:41 GMT', 'server': 'Apache/2.4.58 (Ubuntu)', 'content-type': 'application/json', 'x-compute-request-id': 'req-dce2fe99-dde0-472b-8b83-772e00c7fa1b', 'content-length': '897', 'openstack-api-version': 'volume 3.0', 'vary': 'OpenStack-API-Version', 'x-openstack-request-id': 'req-dce2fe99-dde0-472b-8b83-772e00c7fa1b', 'connection': 'close', 'status': '200', 'content-location': 'http://172.21.16.48/volume/v3/volumes/6f4b9d2c-22fd-4250-9bd3-8e010003a7cd'}
  
          Body: b'{"volume": {"id": "6f4b9d2c-22fd-4250-9bd3-8e010003a7cd", "status": "attaching", "size": 1, "availability_zone": "nova", "created_at": "2026-09-07T02:33:17.000000", "updated_at": "2026-09-07T02:33:41.000000", "name": "tempest-SnapshotManageAdminTest-Volume-1291152031", "description": null, "volume_type": "__DEFAULT__", "snapshot_id": null, "source_volid": null, "metadata": {"lun_wwn": "60015eb66a909169e400110000002eb4"}, "links": [{"rel": "self", "href": "http://172.21.16.48/volume/v3/volumes/6f4b9d2c-22fd-4250-9bd3-8e010003a7cd"}, {"rel": "bookmark", "href": "http://172.21.16.48/volume/volumes/6f4b9d2c-22fd-4250-9bd3-8e010003a7cd"}], "user_id": "6d387d30751f4123b0728fd3d09385b6", "bootable": "false", "encrypted": false, "replication_status": null, "consistencygroup_id": null, "multiattach": false, "attachments": [], "os-vol-tenant-attr:tenant_id": "4c4c3ff54d9943a3a68f562d80861442"}}'
2026-09-07 10:33:42,241 1673250 INFO     [tempest.lib.common.rest_client] Request (SnapshotManageAdminTest:test_snapshot_manage_with_attached_volume): 200 GET http://172.21.16.48/volume/v3/volumes/6f4b9d2c-22fd-4250-9bd3-8e010003a7cd 0.027s
2026-09-07 10:33:42,241 1673250 DEBUG    [tempest.lib.common.rest_client] Request - Headers: {'Content-Type': 'application/json', 'Accept': 'application/json', 'X-Auth-Token': '<omitted>'}
        Body: None
    Response - Headers: {'date': 'Mon, 07 Sep 2026 02:33:42 GMT', 'server': 'Apache/2.4.58 (Ubuntu)', 'content-type': 'application/json', 'x-compute-request-id': 'req-af788826-376d-480b-b4bf-fb78045e2279', 'content-length': '897', 'openstack-api-version': 'volume 3.0', 'vary': 'OpenStack-API-Version', 'x-openstack-request-id': 'req-af788826-376d-480b-b4bf-fb78045e2279', 'connection': 'close', 'status': '200', 'content-location': 'http://172.21.16.48/volume/v3/volumes/6f4b9d2c-22fd-4250-9bd3-8e010003a7cd'}
        Body: b'{"volume": {"id": "6f4b9d2c-22fd-4250-9bd3-8e010003a7cd", "status": "attaching", "size": 1, "availability_zone": "nova", "created_at": "2026-09-07T02:33:17.000000", "updated_at": "2026-09-07T02:33:41.000000", "name": "tempest-SnapshotManageAdminTest-Volume-1291152031", "description": null, "volume_type": "__DEFAULT__", "snapshot_id": null, "source_volid": null, "metadata": {"lun_wwn": "60015eb66a909169e400110000002eb4"}, "links": [{"rel": "self", "href": "http://172.21.16.48/volume/v3/volumes/6f4b9d2c-22fd-4250-9bd3-8e010003a7cd"}, {"rel": "bookmark", "href": "http://172.21.16.48/volume/volumes/6f4b9d2c-22fd-4250-9bd3-8e010003a7cd"}], "user_id": "6d387d30751f4123b0728fd3d09385b6", "bootable": "false", "encrypted": false, "replication_status": null, "consistencygroup_id": null, "multiattach": false, "attachments": [], "os-vol-tenant-attr:tenant_id": "4c4c3ff54d9943a3a68f562d80861442"}}'
2026-09-07 10:33:43,273 1673250 INFO     [tempest.lib.common.rest_client] Request (SnapshotManageAdminTest:test_snapshot_manage_with_attached_volume): 200 GET http://172.21.16.48/volume/v3/volumes/6f4b9d2c-22fd-4250-9bd3-8e010003a7cd 0.024s
2026-09-07 10:33:43,273 1673250 DEBUG    [tempest.lib.common.rest_client] Request - Headers: {'Content-Type': 'application/json', 'Accept': 'application/json', 'X-Auth-Token': '<omitted>'}
        Body: None
    Response - Headers: {'date': 'Mon, 07 Sep 2026 02:33:43 GMT', 'server': 'Apache/2.4.58 (Ubuntu)', 'content-type': 'application/json', 'x-compute-request-id': 'req-7fb62fd6-a8e1-432f-8d15-09c3bda4772e', 'content-length': '1189', 'openstack-api-version': 'volume 3.0', 'vary': 'OpenStack-API-Version', 'x-openstack-request-id': 'req-7fb62fd6-a8e1-432f-8d15-09c3bda4772e', 'connection': 'close', 'status': '200', 'content-location': 'http://172.21.16.48/volume/v3/volumes/6f4b9d2c-22fd-4250-9bd3-8e010003a7cd'}
        Body: b'{"volume": {"id": "6f4b9d2c-22fd-4250-9bd3-8e010003a7cd", "status": "in-use", "size": 1, "availability_zone": "nova", "created_at": "2026-09-07T02:33:17.000000", "updated_at": "2026-09-07T02:33:43.000000", "name": "tempest-SnapshotManageAdminTest-Volume-1291152031", "description": null, "volume_type": "__DEFAULT__", "snapshot_id"
    : null, "source_volid": null, "metadata": {"lun_wwn": "60015eb66a909169e400110000002eb4"}, "links": [{"rel": "self", "href": "http://172.21.16.48/volume/v3/volumes/6f4b9d2c-22fd-4250-9bd3-8e010003a7cd"}, {"rel": "bookmark", "href": "http://172.21.16.48/volume/volumes/6f4b9d2c-22fd-4250-9bd3-8e010003a7cd"}], "user_id": "6d387d30751f4123b0728fd3d09385b6", "bootable": "false", "encrypted": false, "replication_status": null, "consistencygroup_id": null, "multiattach": false, "attachments": [{"id": "6f4b9d2c-22fd-4250-9bd3-8e010003a7cd", "attachment_id": "552113b7-329d-4505-8f55-176568957c09", "volume_id": "6f4b9d2c-22fd-4250-9bd3-8e010003a7cd", "server_id": "5cdb83bb-9cb5-4e3d-9971-6289ea492424", "host_name": null, "device": "/dev/vdb", "attached_at": "2026-09-07T02:33:41.000000"}], "os-vol-tenant-attr:tenant_id": "4c4c3ff54d9943a3a68f562d80861442"}}'
2026-09-07 10:33:43,280 1673250 INFO     [tempest.common.waiters] volume 6f4b9d2c-22fd-4250-9bd3-8e010003a7cd reached in-use after waiting for 4.280931 seconds
2026-09-07 10:33:43,434 1673250 INFO     [tempest.lib.common.rest_client] Request (SnapshotManageAdminTest:test_snapshot_manage_with_attached_volume): 202 POST http://172.21.16.48/volume/v3/snapshots/d23096cb-f82e-4f67-ac80-eb6d103c848c/action 0.153s
2026-09-07 10:33:43,434 1673250 DEBUG    [tempest.lib.common.rest_client] Request - Headers: {'Content-Type': 'application/json', 'Accept': 'application/json', 'X-Auth-Token': '<omitted>'}
        Body: {"os-unmanage": {}}
    Response - Headers: {'date': 'Mon, 07 Sep 2026 02:33:43 GMT', 'server': 'Apache/2.4.58 (Ubuntu)', 'content-length': '0', 'content-type': 'text/html; charset=UTF-8', 'openstack-api-version': 'volume 3.0', 'vary': 'OpenStack-API-Version', 'x-openstack-request-id': 'req-13ca77cb-2da8-474f-b88a-7eb0c0c0ca13', 'connection': 'close', 'status': '202', 'content-location': 'http://172.21.16.48/volume/v3/snapshots/d23096cb-f82e-4f67-ac80-eb6d103c848c/action'}
        Body: b''
2026-09-07 10:33:43,449 1673250 INFO     [tempest.lib.common.rest_client] Request (SnapshotManageAdminTest:test_snapshot_manage_with_attached_volume): 200 GET http://172.21.16.48/volume/v3/snapshots/d23096cb-f82e-4f67-ac80-eb6d103c848c 0.014s
2026-09-07 10:33:43,449 1673250 DEBUG    [tempest.lib.common.rest_client] Request - Headers: {'Content-Type': 'application/json', 'Accept': 'application/json', 'X-Auth-Token': '<omitted>'}
        Body: None
    Response - Headers: {'date': 'Mon, 07 Sep 2026 02:33:43 GMT', 'server': 'Apache/2.4.58 (Ubuntu)', 'content-type': 'application/json', 'x-compute-request-id': 'req-ad493754-0bb3-4ea7-b360-d8df72fa3dc3', 'content-length': '642', 'openstack-api-version': 'volume 3.0', 'vary': 'OpenStack-API-Version', 'x-openstack-request-id': 'req-ad493754-0bb3-4ea7-b360-d8df72fa3dc3', 'connection': 'close', 'status': '200', 'content-location': 'http://172.21.16.48/volume/v3/snapshots/d23096cb-f82e-4f67-ac80-eb6d103c848c'}
        Body: b'{"snapshot": {"id": "d23096cb-f82e-4f67-ac80-eb6d103c848c", "created_at": "2026-09-07T02:33:20.000000", "updated_at": "2026-09-07T02:33:43.000000", "name": "tempest-SnapshotManageAdminTest-Snapshot-1314351620", "description": null, "volume_id": "6f4b9d2c-22fd-4250-9bd3-8e010003a7cd", "status": "unmanaging", "size": 1, "metadata": {"lun_wwn": "60015eb66a909169e400110000002eb5", "snapshot_name": "snapshot-d23096cb-f82e-4f67-ac80-eb6d103c848c", "source_vol": "volume-6f4b9d2c-22fd-4250-9bd3-8e010003a7cd"}, "os-extended-snapshot-attributes:project_id": "4c4c3ff54d9943a3a68f562d80861442", "os-extended-snapshot-attributes:progress": "100%"}}'
2026-09-07 10:33:44,462 1673250 INFO     [tempest.lib.common.rest_client] Request (SnapshotManageAdminTest:test_snapshot_manage_with_attached_volume): 404 GET http://172.21.16.48/volume/v3/snapshots/d23096cb-f82e-4f67-ac80-eb6d103c848c 0.010s
2026-09-07 10:33:44,462 1673250 DEBUG    [tempest.lib.common.rest_client] Request - Headers: {'Content-Type': 'application/json', 'Accept': 'application/json', 'X-Auth-Token': '<omitted>'}
        Body: None
    Response - Headers: {'date': 'Mon, 07 Sep 2026 
    02:33:44 GMT', 'server': 'Apache/2.4.58 (Ubuntu)', 'openstack-api-version': 'volume 3.0', 'vary': 'OpenStack-API-Version', 'content-length': '111', 'content-type': 'application/json', 'x-compute-request-id': 'req-049135e4-d4a2-4892-81ec-d19cecff511d', 'x-openstack-request-id': 'req-049135e4-d4a2-4892-81ec-d19cecff511d', 'connection': 'close', 'status': '404', 'content-location': 'http://172.21.16.48/volume/v3/snapshots/d23096cb-f82e-4f67-ac80-eb6d103c848c'}
        Body: b'{"itemNotFound": {"code": 404, "message": "Snapshot d23096cb-f82e-4f67-ac80-eb6d103c848c could not be found."}}'
2026-09-07 10:33:44,481 1673250 INFO     [tempest.lib.common.rest_client] Request (SnapshotManageAdminTest:test_snapshot_manage_with_attached_volume): 200 GET http://172.21.16.48/volume/v3/snapshots/detail?all_tenants=1 0.018s
2026-09-07 10:33:44,481 1673250 DEBUG    [tempest.lib.common.rest_client] Request - Headers: {'Content-Type': 'application/json', 'Accept': 'application/json', 'X-Auth-Token': '<omitted>'}
        Body: None
    Response - Headers: {'date': 'Mon, 07 Sep 2026 02:33:44 GMT', 'server': 'Apache/2.4.58 (Ubuntu)', 'content-type': 'application/json', 'x-compute-request-id': 'req-ce1eeb49-2d4c-433c-85e4-8acc7ee46fbf', 'content-length': '17', 'openstack-api-version': 'volume 3.0', 'vary': 'OpenStack-API-Version', 'x-openstack-request-id': 'req-ce1eeb49-2d4c-433c-85e4-8acc7ee46fbf', 'connection': 'close', 'status': '200', 'content-location': 'http://172.21.16.48/volume/v3/snapshots/detail?all_tenants=1'}
        Body: b'{"snapshots": []}'
2026-09-07 10:33:44,578 1673250 INFO     [tempest.lib.common.rest_client] Request (SnapshotManageAdminTest:test_snapshot_manage_with_attached_volume): 202 POST http://172.21.16.48/volume/v3/os-snapshot-manage 0.094s
2026-09-07 10:33:44,578 1673250 DEBUG    [tempest.lib.common.rest_client] Request - Headers: {'Content-Type': 'application/json', 'Accept': 'application/json', 'X-Auth-Token': '<omitted>'}
        Body: {"snapshot": {"volume_id": "6f4b9d2c-22fd-4250-9bd3-8e010003a7cd", "ref": {"source-name": "_snapshot-d23096cb-f82e-4f67-ac80-eb6d103c848c"}, "name": "tempest-SnapshotManageAdminTest-Managed-Snapshot-666773340", "description": "tempest-SnapshotManageAdminTest-Managed-Snapshot-Description-1670925421", "metadata": {"manage-snap-meta1": "value1", "manage-snap-meta2": "value2", "manage-snap-meta3": "value3"}}}
    Response - Headers: {'date': 'Mon, 07 Sep 2026 02:33:44 GMT', 'server': 'Apache/2.4.58 (Ubuntu)', 'content-type': 'application/json', 'x-compute-request-id': 'req-ba0557cf-7d5f-43db-9767-dbf1d6e5a760', 'content-length': '477', 'openstack-api-version': 'volume 3.0', 'vary': 'OpenStack-API-Version', 'x-openstack-request-id': 'req-ba0557cf-7d5f-43db-9767-dbf1d6e5a760', 'connection': 'close', 'status': '202', 'content-location': 'http://172.21.16.48/volume/v3/os-snapshot-manage'}
        Body: b'{"snapshot": {"id": "0d495ac5-fd13-4e44-93c9-a29aea3bafcc", "created_at": "2026-09-07T02:33:44.545639", "updated_at": null, "name": "tempest-SnapshotManageAdminTest-Managed-Snapshot-666773340", "description": "tempest-SnapshotManageAdminTest-Managed-Snapshot-Description-1670925421", "volume_id": "6f4b9d2c-22fd-4250-9bd3-8e010003a7cd", "status": "creating", "size": 1, "metadata": {"manage-snap-meta1": "value1", "manage-snap-meta2": "value2", "manage-snap-meta3": "value3"}}}'
2026-09-07 10:33:44,594 1673250 INFO     [tempest.lib.common.rest_client] Request (SnapshotManageAdminTest:test_snapshot_manage_with_attached_volume): 200 GET http://172.21.16.48/volume/v3/snapshots/0d495ac5-fd13-4e44-93c9-a29aea3bafcc 0.013s
2026-09-07 10:33:44,594 1673250 DEBUG    [tempest.lib.common.rest_client] Request - Headers: {'Content-Type': 'application/json', 'Accept': 'application/json', 'X-Auth-Token': '<omitted>'}
        Body: None
    Response - Headers: {'date': 'Mon, 07 Sep 2026 02:33:44 GMT', 'server': 'Apache/2.4.58 (Ubuntu)', 'content-type': 'application/json', 'x-compute-request-id': 'req-4cb74232-be78-45c9-978f-c3dc7680478f', 'content-length': '609', 'openstack-api-version': 'volume 3.0', 'vary': 'O
    penStack-API-Version', 'x-openstack-request-id': 'req-4cb74232-be78-45c9-978f-c3dc7680478f', 'connection': 'close', 'status': '200', 'content-location': 'http://172.21.16.48/volume/v3/snapshots/0d495ac5-fd13-4e44-93c9-a29aea3bafcc'}
        Body: b'{"snapshot": {"id": "0d495ac5-fd13-4e44-93c9-a29aea3bafcc", "created_at": "2026-09-07T02:33:45.000000", "updated_at": null, "name": "tempest-SnapshotManageAdminTest-Managed-Snapshot-666773340", "description": "tempest-SnapshotManageAdminTest-Managed-Snapshot-Description-1670925421", "volume_id": "6f4b9d2c-22fd-4250-9bd3-8e010003a7cd", "status": "creating", "size": 1, "metadata": {"manage-snap-meta1": "value1", "manage-snap-meta2": "value2", "manage-snap-meta3": "value3"}, "os-extended-snapshot-attributes:project_id": "0e0d6ab9af924de08e9fcb893b7051be", "os-extended-snapshot-attributes:progress": "0%"}}'
2026-09-07 10:33:45,610 1673250 INFO     [tempest.lib.common.rest_client] Request (SnapshotManageAdminTest:test_snapshot_manage_with_attached_volume): 200 GET http://172.21.16.48/volume/v3/snapshots/0d495ac5-fd13-4e44-93c9-a29aea3bafcc 0.014s
2026-09-07 10:33:45,610 1673250 DEBUG    [tempest.lib.common.rest_client] Request - Headers: {'Content-Type': 'application/json', 'Accept': 'application/json', 'X-Auth-Token': '<omitted>'}
        Body: None
    Response - Headers: {'date': 'Mon, 07 Sep 2026 02:33:45 GMT', 'server': 'Apache/2.4.58 (Ubuntu)', 'content-type': 'application/json', 'x-compute-request-id': 'req-986f3f88-d8dc-4ba8-896d-6f8a4c6800b3', 'content-length': '630', 'openstack-api-version': 'volume 3.0', 'vary': 'OpenStack-API-Version', 'x-openstack-request-id': 'req-986f3f88-d8dc-4ba8-896d-6f8a4c6800b3', 'connection': 'close', 'status': '200', 'content-location': 'http://172.21.16.48/volume/v3/snapshots/0d495ac5-fd13-4e44-93c9-a29aea3bafcc'}
        Body: b'{"snapshot": {"id": "0d495ac5-fd13-4e44-93c9-a29aea3bafcc", "created_at": "2026-09-07T02:33:45.000000", "updated_at": "2026-09-07T02:33:45.000000", "name": "tempest-SnapshotManageAdminTest-Managed-Snapshot-666773340", "description": "tempest-SnapshotManageAdminTest-Managed-Snapshot-Description-1670925421", "volume_id": "6f4b9d2c-22fd-4250-9bd3-8e010003a7cd", "status": "error", "size": 1, "metadata": {"manage-snap-meta1": "value1", "manage-snap-meta2": "value2", "manage-snap-meta3": "value3"}, "os-extended-snapshot-attributes:project_id": "0e0d6ab9af924de08e9fcb893b7051be", "os-extended-snapshot-attributes:progress": "0%"}}'
2026-09-07 10:33:45,661 1673250 INFO     [tempest.lib.common.rest_client] Request (SnapshotManageAdminTest:_run_cleanups): 202 DELETE http://172.21.16.48/volume/v3/snapshots/0d495ac5-fd13-4e44-93c9-a29aea3bafcc 0.047s
2026-09-07 10:33:45,661 1673250 DEBUG    [tempest.lib.common.rest_client] Request - Headers: {'Content-Type': 'application/json', 'Accept': 'application/json', 'X-Auth-Token': '<omitted>'}
        Body: None
    Response - Headers: {'date': 'Mon, 07 Sep 2026 02:33:45 GMT', 'server': 'Apache/2.4.58 (Ubuntu)', 'content-length': '0', 'content-type': 'text/html; charset=UTF-8', 'openstack-api-version': 'volume 3.0', 'vary': 'OpenStack-API-Version', 'x-openstack-request-id': 'req-6f266bd1-df31-46f0-8edb-decc0c08be60', 'connection': 'close', 'status': '202', 'content-location': 'http://172.21.16.48/volume/v3/snapshots/0d495ac5-fd13-4e44-93c9-a29aea3bafcc'}
        Body: b''
2026-09-07 10:33:45,678 1673250 INFO     [tempest.lib.common.rest_client] Request (SnapshotManageAdminTest:_run_cleanups): 200 GET http://172.21.16.48/volume/v3/snapshots/0d495ac5-fd13-4e44-93c9-a29aea3bafcc 0.016s
2026-09-07 10:33:45,678 1673250 DEBUG    [tempest.lib.common.rest_client] Request - Headers: {'Content-Type': 'application/json', 'Accept': 'application/json', 'X-Auth-Token': '<omitted>'}
        Body: None
    Response - Headers: {'date': 'Mon, 07 Sep 2026 02:33:45 GMT', 'server': 'Apache/2.4.58 (Ubuntu)', 'content-type': 'application/json', 'x-compute-request-id': 'req-2d574ed2-cfc3-45be-a130-f366831d5450', 'content-length': '633', 'openstack-api-version': 'volume 3.0', 'vary': 'OpenStack-API-Version', 'x-
    openstack-request-id': 'req-2d574ed2-cfc3-45be-a130-f366831d5450', 'connection': 'close', 'status': '200', 'content-location': 'http://172.21.16.48/volume/v3/snapshots/0d495ac5-fd13-4e44-93c9-a29aea3bafcc'}
        Body: b'{"snapshot": {"id": "0d495ac5-fd13-4e44-93c9-a29aea3bafcc", "created_at": "2026-09-07T02:33:45.000000", "updated_at": "2026-09-07T02:33:46.000000", "name": "tempest-SnapshotManageAdminTest-Managed-Snapshot-666773340", "description": "tempest-SnapshotManageAdminTest-Managed-Snapshot-Description-1670925421", "volume_id": "6f4b9d2c-22fd-4250-9bd3-8e010003a7cd", "status": "deleting", "size": 1, "metadata": {"manage-snap-meta1": "value1", "manage-snap-meta2": "value2", "manage-snap-meta3": "value3"}, "os-extended-snapshot-attributes:project_id": "0e0d6ab9af924de08e9fcb893b7051be", "os-extended-snapshot-attributes:progress": "0%"}}'
2026-09-07 10:33:46,692 1673250 INFO     [tempest.lib.common.rest_client] Request (SnapshotManageAdminTest:_run_cleanups): 404 GET http://172.21.16.48/volume/v3/snapshots/0d495ac5-fd13-4e44-93c9-a29aea3bafcc 0.011s
2026-09-07 10:33:46,692 1673250 DEBUG    [tempest.lib.common.rest_client] Request - Headers: {'Content-Type': 'application/json', 'Accept': 'application/json', 'X-Auth-Token': '<omitted>'}
        Body: None
    Response - Headers: {'date': 'Mon, 07 Sep 2026 02:33:46 GMT', 'server': 'Apache/2.4.58 (Ubuntu)', 'openstack-api-version': 'volume 3.0', 'vary': 'OpenStack-API-Version', 'content-length': '111', 'content-type': 'application/json', 'x-compute-request-id': 'req-913af664-3959-42ae-8af2-3e3344fc9aaf', 'x-openstack-request-id': 'req-913af664-3959-42ae-8af2-3e3344fc9aaf', 'connection': 'close', 'status': '404', 'content-location': 'http://172.21.16.48/volume/v3/snapshots/0d495ac5-fd13-4e44-93c9-a29aea3bafcc'}
        Body: b'{"itemNotFound": {"code": 404, "message": "Snapshot 0d495ac5-fd13-4e44-93c9-a29aea3bafcc could not be found."}}'
2026-09-07 10:33:46,794 1673250 INFO     [tempest.lib.common.rest_client] Request (SnapshotManageAdminTest:_run_cleanups): 202 DELETE http://172.21.16.48/compute/v2.1/servers/5cdb83bb-9cb5-4e3d-9971-6289ea492424/os-volume_attachments/6f4b9d2c-22fd-4250-9bd3-8e010003a7cd 0.102s
2026-09-07 10:33:46,794 1673250 DEBUG    [tempest.lib.common.rest_client] Request - Headers: {'Content-Type': 'application/json', 'Accept': 'application/json', 'X-Auth-Token': '<omitted>'}
        Body: None
    Response - Headers: {'date': 'Mon, 07 Sep 2026 02:33:46 GMT', 'server': 'Apache/2.4.58 (Ubuntu)', 'content-length': '0', 'content-type': 'application/json', 'openstack-api-version': 'compute 2.1', 'x-openstack-nova-api-version': '2.1', 'vary': 'OpenStack-API-Version,X-OpenStack-Nova-API-Version', 'x-openstack-request-id': 'req-99d8a75a-671e-413e-a258-4a476ebe0464', 'x-compute-request-id': 'req-99d8a75a-671e-413e-a258-4a476ebe0464', 'connection': 'close', 'status': '202', 'content-location': 'http://172.21.16.48/compute/v2.1/servers/5cdb83bb-9cb5-4e3d-9971-6289ea492424/os-volume_attachments/6f4b9d2c-22fd-4250-9bd3-8e010003a7cd'}
        Body: b''
2026-09-07 10:33:46,870 1673250 INFO     [tempest.lib.common.rest_client] Request (SnapshotManageAdminTest:_run_cleanups): 204 DELETE http://172.21.16.48/compute/v2.1/servers/5cdb83bb-9cb5-4e3d-9971-6289ea492424 0.075s
2026-09-07 10:33:46,870 1673250 DEBUG    [tempest.lib.common.rest_client] Request - Headers: {'Content-Type': 'application/json', 'Accept': 'application/json', 'X-Auth-Token': '<omitted>'}
        Body: None
    Response - Headers: {'date': 'Mon, 07 Sep 2026 02:33:46 GMT', 'server': 'Apache/2.4.58 (Ubuntu)', 'content-type': 'application/json', 'openstack-api-version': 'compute 2.1', 'x-openstack-nova-api-version': '2.1', 'vary': 'OpenStack-API-Version,X-OpenStack-Nova-API-Version', 'x-openstack-request-id': 'req-85e9ff4e-c4b3-4ea6-974b-a025131656d4', 'x-compute-request-id': 'req-85e9ff4e-c4b3-4ea6-974b-a025131656d4', 'connection': 'close', 'status': '204', 'content-location': 'http://172.21.16.48/compute/v2.1/servers/5cdb83bb-9cb5-4e3d-9971-6289ea492424'}
        Body: b''
2026-09-07 10:33:47,014 16
    73250 INFO     [tempest.lib.common.rest_client] Request (SnapshotManageAdminTest:_run_cleanups): 200 GET http://172.21.16.48/compute/v2.1/servers/5cdb83bb-9cb5-4e3d-9971-6289ea492424 0.144s
2026-09-07 10:33:47,015 1673250 DEBUG    [tempest.lib.common.rest_client] Request - Headers: {'Content-Type': 'application/json', 'Accept': 'application/json', 'X-Auth-Token': '<omitted>'}
        Body: None
    Response - Headers: {'date': 'Mon, 07 Sep 2026 02:33:46 GMT', 'server': 'Apache/2.4.58 (Ubuntu)', 'content-length': '1723', 'content-type': 'application/json', 'openstack-api-version': 'compute 2.1', 'x-openstack-nova-api-version': '2.1', 'vary': 'OpenStack-API-Version,X-OpenStack-Nova-API-Version', 'x-openstack-request-id': 'req-91e184b1-21c5-4b20-bf39-5ed47b530422', 'x-compute-request-id': 'req-91e184b1-21c5-4b20-bf39-5ed47b530422', 'connection': 'close', 'status': '200', 'content-location': 'http://172.21.16.48/compute/v2.1/servers/5cdb83bb-9cb5-4e3d-9971-6289ea492424'}
        Body: b'{"server": {"accessIPv4": "", "accessIPv6": "", "addresses": {"tempest-SnapshotManageAdminTest-2002102460-network": [{"version": 4, "addr": "10.0.0.12", "OS-EXT-IPS:type": "fixed", "OS-EXT-IPS-MAC:mac_addr": "fa:16:3e:5d:d7:0c"}, {"version": 4, "addr": "172.24.4.11", "OS-EXT-IPS:type": "floating", "OS-EXT-IPS-MAC:mac_addr": "fa:16:3e:5d:d7:0c"}]}, "created": "2026-09-07T02:33:22Z", "flavor": {"id": "42", "links": [{"rel": "bookmark", "href": "http://172.21.16.48/compute/flavors/42"}]}, "hostId": "51ba1d02130badba699ba95ae9da1b8d0d2c4dae92318f48cc6c74b0", "id": "5cdb83bb-9cb5-4e3d-9971-6289ea492424", "image": {"id": "c40e0f49-dfcb-4f0c-85f6-961051435368", "links": [{"rel": "bookmark", "href": "http://172.21.16.48/compute/images/c40e0f49-dfcb-4f0c-85f6-961051435368"}]}, "links": [{"rel": "self", "href": "http://172.21.16.48/compute/v2.1/servers/5cdb83bb-9cb5-4e3d-9971-6289ea492424"}, {"rel": "bookmark", "href": "http://172.21.16.48/compute/servers/5cdb83bb-9cb5-4e3d-9971-6289ea492424"}], "metadata": {}, "name": "tempest-SnapshotManageAdminTest-instance-568974262", "status": "ACTIVE", "tenant_id": "4c4c3ff54d9943a3a68f562d80861442", "user_id": "6d387d30751f4123b0728fd3d09385b6", "updated": "2026-09-07T02:33:47Z", "OS-DCF:diskConfig": "MANUAL", "progress": 0, "OS-EXT-AZ:availability_zone": "nova", "config_drive": "", "key_name": "tempest-keypair-1657999619", "OS-SRV-USG:launched_at": "2026-09-07T02:33:25.000000", "OS-SRV-USG:terminated_at": null, "security_groups": [{"name": "tempest-securitygroup--876699773"}], "OS-EXT-STS:task_state": "deleting", "OS-EXT-STS:vm_state": "active", "OS-EXT-STS:power_state": 1, "os-extended-volumes:volumes_attached": [{"id": "6f4b9d2c-22fd-4250-9bd3-8e010003a7cd"}]}}'
2026-09-07 10:33:48,160 1673250 INFO     [tempest.lib.common.rest_client] Request (SnapshotManageAdminTest:_run_cleanups): 200 GET http://172.21.16.48/compute/v2.1/servers/5cdb83bb-9cb5-4e3d-9971-6289ea492424 0.137s
2026-09-07 10:33:48,161 1673250 DEBUG    [tempest.lib.common.rest_client] Request - Headers: {'Content-Type': 'application/json', 'Accept': 'application/json', 'X-Auth-Token': '<omitted>'}
        Body: None
    Response - Headers: {'date': 'Mon, 07 Sep 2026 02:33:48 GMT', 'server': 'Apache/2.4.58 (Ubuntu)', 'content-length': '1723', 'content-type': 'application/json', 'openstack-api-version': 'compute 2.1', 'x-openstack-nova-api-version': '2.1', 'vary': 'OpenStack-API-Version,X-OpenStack-Nova-API-Version', 'x-openstack-request-id': 'req-51b9d456-bc6a-4841-aaed-aebbc5734b9c', 'x-compute-request-id': 'req-51b9d456-bc6a-4841-aaed-aebbc5734b9c', 'connection': 'close', 'status': '200', 'content-location': 'http://172.21.16.48/compute/v2.1/servers/5cdb83bb-9cb5-4e3d-9971-6289ea492424'}
        Body: b'{"server": {"accessIPv4": "", "accessIPv6": "", "addresses": {"tempest-SnapshotManageAdminTest-2002102460-network": [{"version": 4, "addr": "10.0.0.12", "OS-EXT-IPS:type": "fixed", "OS-EXT-IPS-MAC:mac_addr": "fa:16:3e:5d:d7:0c"}, {"version": 4, "addr": "172.24.4.11", "OS-EXT-IPS:type": "floating", "OS-EXT-IPS-MAC:mac_addr": "fa:16:3e:5d:d7:0c"}]},
     "created": "2026-09-07T02:33:22Z", "flavor": {"id": "42", "links": [{"rel": "bookmark", "href": "http://172.21.16.48/compute/flavors/42"}]}, "hostId": "51ba1d02130badba699ba95ae9da1b8d0d2c4dae92318f48cc6c74b0", "id": "5cdb83bb-9cb5-4e3d-9971-6289ea492424", "image": {"id": "c40e0f49-dfcb-4f0c-85f6-961051435368", "links": [{"rel": "bookmark", "href": "http://172.21.16.48/compute/images/c40e0f49-dfcb-4f0c-85f6-961051435368"}]}, "links": [{"rel": "self", "href": "http://172.21.16.48/compute/v2.1/servers/5cdb83bb-9cb5-4e3d-9971-6289ea492424"}, {"rel": "bookmark", "href": "http://172.21.16.48/compute/servers/5cdb83bb-9cb5-4e3d-9971-6289ea492424"}], "metadata": {}, "name": "tempest-SnapshotManageAdminTest-instance-568974262", "status": "ACTIVE", "tenant_id": "4c4c3ff54d9943a3a68f562d80861442", "user_id": "6d387d30751f4123b0728fd3d09385b6", "updated": "2026-09-07T02:33:47Z", "OS-DCF:diskConfig": "MANUAL", "progress": 0, "OS-EXT-AZ:availability_zone": "nova", "config_drive": "", "key_name": "tempest-keypair-1657999619", "OS-SRV-USG:launched_at": "2026-09-07T02:33:25.000000", "OS-SRV-USG:terminated_at": null, "security_groups": [{"name": "tempest-securitygroup--876699773"}], "OS-EXT-STS:task_state": "deleting", "OS-EXT-STS:vm_state": "active", "OS-EXT-STS:power_state": 1, "os-extended-volumes:volumes_attached": [{"id": "6f4b9d2c-22fd-4250-9bd3-8e010003a7cd"}]}}'
2026-09-07 10:33:49,236 1673250 INFO     [tempest.lib.common.rest_client] Request (SnapshotManageAdminTest:_run_cleanups): 200 GET http://172.21.16.48/compute/v2.1/servers/5cdb83bb-9cb5-4e3d-9971-6289ea492424 0.067s
2026-09-07 10:33:49,237 1673250 DEBUG    [tempest.lib.common.rest_client] Request - Headers: {'Content-Type': 'application/json', 'Accept': 'application/json', 'X-Auth-Token': '<omitted>'}
        Body: None
    Response - Headers: {'date': 'Mon, 07 Sep 2026 02:33:49 GMT', 'server': 'Apache/2.4.58 (Ubuntu)', 'content-length': '1610', 'content-type': 'application/json', 'openstack-api-version': 'compute 2.1', 'x-openstack-nova-api-version': '2.1', 'vary': 'OpenStack-API-Version,X-OpenStack-Nova-API-Version', 'x-openstack-request-id': 'req-ae0fec68-f403-4799-8842-a6a0557d2c87', 'x-compute-request-id': 'req-ae0fec68-f403-4799-8842-a6a0557d2c87', 'connection': 'close', 'status': '200', 'content-location': 'http://172.21.16.48/compute/v2.1/servers/5cdb83bb-9cb5-4e3d-9971-6289ea492424'}
        Body: b'{"server": {"accessIPv4": "", "accessIPv6": "", "addresses": {"tempest-SnapshotManageAdminTest-2002102460-network": [{"version": 4, "addr": "10.0.0.12", "OS-EXT-IPS:type": "fixed", "OS-EXT-IPS-MAC:mac_addr": "fa:16:3e:5d:d7:0c"}, {"version": 4, "addr": "172.24.4.11", "OS-EXT-IPS:type": "floating", "OS-EXT-IPS-MAC:mac_addr": "fa:16:3e:5d:d7:0c"}]}, "created": "2026-09-07T02:33:22Z", "flavor": {"id": "42", "links": [{"rel": "bookmark", "href": "http://172.21.16.48/compute/flavors/42"}]}, "hostId": "51ba1d02130badba699ba95ae9da1b8d0d2c4dae92318f48cc6c74b0", "id": "5cdb83bb-9cb5-4e3d-9971-6289ea492424", "image": {"id": "c40e0f49-dfcb-4f0c-85f6-961051435368", "links": [{"rel": "bookmark", "href": "http://172.21.16.48/compute/images/c40e0f49-dfcb-4f0c-85f6-961051435368"}]}, "links": [{"rel": "self", "href": "http://172.21.16.48/compute/v2.1/servers/5cdb83bb-9cb5-4e3d-9971-6289ea492424"}, {"rel": "bookmark", "href": "http://172.21.16.48/compute/servers/5cdb83bb-9cb5-4e3d-9971-6289ea492424"}], "metadata": {}, "name": "tempest-SnapshotManageAdminTest-instance-568974262", "status": "ACTIVE", "tenant_id": "4c4c3ff54d9943a3a68f562d80861442", "user_id": "6d387d30751f4123b0728fd3d09385b6", "updated": "2026-09-07T02:33:49Z", "OS-DCF:diskConfig": "MANUAL", "progress": 0, "OS-EXT-AZ:availability_zone": "nova", "config_drive": "", "key_name": "tempest-keypair-1657999619", "OS-SRV-USG:launched_at": "2026-09-07T02:33:25.000000", "OS-SRV-USG:terminated_at": null, "OS-EXT-STS:task_state": "deleting", "OS-EXT-STS:vm_state": "active", "OS-EXT-STS:power_state": 1, "os-extended-volumes:volumes_attached": []}}'
2026-09-07 10:33:50,269 1673250 INFO     [tempest.lib.common.rest_client] Request (S
    napshotManageAdminTest:_run_cleanups): 404 GET http://172.21.16.48/compute/v2.1/servers/5cdb83bb-9cb5-4e3d-9971-6289ea492424 0.024s
2026-09-07 10:33:50,269 1673250 DEBUG    [tempest.lib.common.rest_client] Request - Headers: {'Content-Type': 'application/json', 'Accept': 'application/json', 'X-Auth-Token': '<omitted>'}
        Body: None
    Response - Headers: {'date': 'Mon, 07 Sep 2026 02:33:50 GMT', 'server': 'Apache/2.4.58 (Ubuntu)', 'openstack-api-version': 'compute 2.1', 'x-openstack-nova-api-version': '2.1', 'vary': 'OpenStack-API-Version,X-OpenStack-Nova-API-Version', 'content-type': 'application/json; charset=UTF-8', 'content-length': '111', 'x-openstack-request-id': 'req-95d4707c-1dc7-40c4-b921-a0fc1bc1b6ce', 'x-compute-request-id': 'req-95d4707c-1dc7-40c4-b921-a0fc1bc1b6ce', 'connection': 'close', 'status': '404', 'content-location': 'http://172.21.16.48/compute/v2.1/servers/5cdb83bb-9cb5-4e3d-9971-6289ea492424'}
        Body: b'{"itemNotFound": {"code": 404, "message": "Instance 5cdb83bb-9cb5-4e3d-9971-6289ea492424 could not be found."}}'
2026-09-07 10:33:50,289 1673250 INFO     [tempest.lib.common.rest_client] Request (SnapshotManageAdminTest:_run_cleanups): 202 DELETE http://172.21.16.48/compute/v2.1/os-keypairs/tempest-keypair-1657999619 0.019s
2026-09-07 10:33:50,290 1673250 DEBUG    [tempest.lib.common.rest_client] Request - Headers: {'Content-Type': 'application/json', 'Accept': 'application/json', 'X-Auth-Token': '<omitted>'}
        Body: None
    Response - Headers: {'date': 'Mon, 07 Sep 2026 02:33:50 GMT', 'server': 'Apache/2.4.58 (Ubuntu)', 'content-length': '0', 'content-type': 'application/json', 'openstack-api-version': 'compute 2.1', 'x-openstack-nova-api-version': '2.1', 'vary': 'OpenStack-API-Version,X-OpenStack-Nova-API-Version', 'x-openstack-request-id': 'req-0c8e80d1-8000-4773-87ee-35e1f297ac50', 'x-compute-request-id': 'req-0c8e80d1-8000-4773-87ee-35e1f297ac50', 'connection': 'close', 'status': '202', 'content-location': 'http://172.21.16.48/compute/v2.1/os-keypairs/tempest-keypair-1657999619'}
        Body: b''
2026-09-07 10:33:50,402 1673250 INFO     [tempest.lib.common.rest_client] Request (SnapshotManageAdminTest:_run_cleanups): 204 DELETE http://172.21.16.48/networking/v2.0/security-groups/3dd29994-beff-4458-9685-7ab2ca04f6d3 0.112s
2026-09-07 10:33:50,402 1673250 DEBUG    [tempest.lib.common.rest_client] Request - Headers: {'Content-Type': 'application/json', 'Accept': 'application/json', 'X-Auth-Token': '<omitted>'}
        Body: None
    Response - Headers: {'date': 'Mon, 07 Sep 2026 02:33:50 GMT', 'server': 'Apache/2.4.58 (Ubuntu)', 'x-openstack-request-id': 'req-1d59602d-1d58-4db9-868a-7c5b050f1c89', 'connection': 'close', 'status': '204', 'content-location': 'http://172.21.16.48/networking/v2.0/security-groups/3dd29994-beff-4458-9685-7ab2ca04f6d3'}
        Body: b''
2026-09-07 10:33:50,417 1673250 INFO     [tempest.lib.common.rest_client] Request (SnapshotManageAdminTest:_run_cleanups): 404 GET http://172.21.16.48/networking/v2.0/security-groups/3dd29994-beff-4458-9685-7ab2ca04f6d3 0.014s
2026-09-07 10:33:50,417 1673250 DEBUG    [tempest.lib.common.rest_client] Request - Headers: {'Content-Type': 'application/json', 'Accept': 'application/json', 'X-Auth-Token': '<omitted>'}
        Body: None
    Response - Headers: {'date': 'Mon, 07 Sep 2026 02:33:50 GMT', 'server': 'Apache/2.4.58 (Ubuntu)', 'content-type': 'application/json', 'content-length': '146', 'x-openstack-request-id': 'req-e327eec2-a81b-415b-961e-25008dc9aa02', 'connection': 'close', 'status': '404', 'content-location': 'http://172.21.16.48/networking/v2.0/security-groups/3dd29994-beff-4458-9685-7ab2ca04f6d3'}
        Body: b'{"NeutronError": {"type": "SecurityGroupNotFound", "message": "Security group 3dd29994-beff-4458-9685-7ab2ca04f6d3 does not exist", "detail": ""}}'
2026-09-07 10:33:50,644 1673250 INFO     [tempest.lib.common.rest_client] Request (SnapshotManageAdminTest:_run_cleanups): 204 DELETE http://172.21.16.48/networking/v2.0/floatingips/b967c03d-213a-4b4b-b4ed-beff4616a8a4 0.226s
2026-09-07 10:33:50,644 1
    673250 DEBUG    [tempest.lib.common.rest_client] Request - Headers: {'Content-Type': 'application/json', 'Accept': 'application/json', 'X-Auth-Token': '<omitted>'}
        Body: None
    Response - Headers: {'date': 'Mon, 07 Sep 2026 02:33:50 GMT', 'server': 'Apache/2.4.58 (Ubuntu)', 'x-openstack-request-id': 'req-dc508982-495f-4467-a780-d3a359ed97fa', 'connection': 'close', 'status': '204', 'content-location': 'http://172.21.16.48/networking/v2.0/floatingips/b967c03d-213a-4b4b-b4ed-beff4616a8a4'}
        Body: b''
2026-09-07 10:33:50,656 1673250 INFO     [tempest.lib.common.rest_client] Request (SnapshotManageAdminTest:_run_cleanups): 404 DELETE http://172.21.16.48/volume/v3/snapshots/d23096cb-f82e-4f67-ac80-eb6d103c848c 0.011s
2026-09-07 10:33:50,656 1673250 DEBUG    [tempest.lib.common.rest_client] Request - Headers: {'Content-Type': 'application/json', 'Accept': 'application/json', 'X-Auth-Token': '<omitted>'}
        Body: None
    Response - Headers: {'date': 'Mon, 07 Sep 2026 02:33:50 GMT', 'server': 'Apache/2.4.58 (Ubuntu)', 'openstack-api-version': 'volume 3.0', 'vary': 'OpenStack-API-Version', 'content-length': '111', 'content-type': 'application/json', 'x-compute-request-id': 'req-f5820263-a30a-4f63-add1-b21a6f72edc6', 'x-openstack-request-id': 'req-f5820263-a30a-4f63-add1-b21a6f72edc6', 'connection': 'close', 'status': '404', 'content-location': 'http://172.21.16.48/volume/v3/snapshots/d23096cb-f82e-4f67-ac80-eb6d103c848c'}
        Body: b'{"itemNotFound": {"code": 404, "message": "Snapshot d23096cb-f82e-4f67-ac80-eb6d103c848c could not be found."}}'
2026-09-07 10:33:50,679 1673250 INFO     [tempest.lib.common.rest_client] Request (SnapshotManageAdminTest:_run_cleanups): 200 GET http://172.21.16.48/volume/v3/volumes/6f4b9d2c-22fd-4250-9bd3-8e010003a7cd 0.023s
2026-09-07 10:33:50,679 1673250 DEBUG    [tempest.lib.common.rest_client] Request - Headers: {'Content-Type': 'application/json', 'Accept': 'application/json', 'X-Auth-Token': '<omitted>'}
        Body: None
    Response - Headers: {'date': 'Mon, 07 Sep 2026 02:33:50 GMT', 'server': 'Apache/2.4.58 (Ubuntu)', 'content-type': 'application/json', 'x-compute-request-id': 'req-d2e3bf7a-cc24-40c0-8525-1b4f50e59bd6', 'content-length': '897', 'openstack-api-version': 'volume 3.0', 'vary': 'OpenStack-API-Version', 'x-openstack-request-id': 'req-d2e3bf7a-cc24-40c0-8525-1b4f50e59bd6', 'connection': 'close', 'status': '200', 'content-location': 'http://172.21.16.48/volume/v3/volumes/6f4b9d2c-22fd-4250-9bd3-8e010003a7cd'}
        Body: b'{"volume": {"id": "6f4b9d2c-22fd-4250-9bd3-8e010003a7cd", "status": "available", "size": 1, "availability_zone": "nova", "created_at": "2026-09-07T02:33:17.000000", "updated_at": "2026-09-07T02:33:48.000000", "name": "tempest-SnapshotManageAdminTest-Volume-1291152031", "description": null, "volume_type": "__DEFAULT__", "snapshot_id": null, "source_volid": null, "metadata": {"lun_wwn": "60015eb66a909169e400110000002eb4"}, "links": [{"rel": "self", "href": "http://172.21.16.48/volume/v3/volumes/6f4b9d2c-22fd-4250-9bd3-8e010003a7cd"}, {"rel": "bookmark", "href": "http://172.21.16.48/volume/volumes/6f4b9d2c-22fd-4250-9bd3-8e010003a7cd"}], "user_id": "6d387d30751f4123b0728fd3d09385b6", "bootable": "false", "encrypted": false, "replication_status": null, "consistencygroup_id": null, "multiattach": false, "attachments": [], "os-vol-tenant-attr:tenant_id": "4c4c3ff54d9943a3a68f562d80861442"}}'
2026-09-07 10:33:50,717 1673250 INFO     [tempest.lib.common.rest_client] Request (SnapshotManageAdminTest:_run_cleanups): 202 DELETE http://172.21.16.48/volume/v3/volumes/6f4b9d2c-22fd-4250-9bd3-8e010003a7cd 0.030s
2026-09-07 10:33:50,717 1673250 DEBUG    [tempest.lib.common.rest_client] Request - Headers: {'Content-Type': 'application/json', 'Accept': 'application/json', 'X-Auth-Token': '<omitted>'}
        Body: None
    Response - Headers: {'date': 'Mon, 07 Sep 2026 02:33:50 GMT', 'server': 'Apache/2.4.58 (Ubuntu)', 'content-length': '0', 'content-type': 'text/html; charset=UTF-8', 'openstack-api-version': 'volume 3.0', 'vary': 'OpenStack-API-Versi
    on', 'x-openstack-request-id': 'req-b8823965-d2eb-4df3-be40-1892bcb8edf3', 'connection': 'close', 'status': '202', 'content-location': 'http://172.21.16.48/volume/v3/volumes/6f4b9d2c-22fd-4250-9bd3-8e010003a7cd'}
        Body: b''
2026-09-07 10:33:50,741 1673250 INFO     [tempest.lib.common.rest_client] Request (SnapshotManageAdminTest:_run_cleanups): 200 GET http://172.21.16.48/volume/v3/volumes/6f4b9d2c-22fd-4250-9bd3-8e010003a7cd 0.023s
2026-09-07 10:33:50,741 1673250 DEBUG    [tempest.lib.common.rest_client] Request - Headers: {'Content-Type': 'application/json', 'Accept': 'application/json', 'X-Auth-Token': '<omitted>'}
        Body: None
    Response - Headers: {'date': 'Mon, 07 Sep 2026 02:33:50 GMT', 'server': 'Apache/2.4.58 (Ubuntu)', 'content-type': 'application/json', 'x-compute-request-id': 'req-b1c0d568-a08f-4557-883b-cfa0d0a2d25d', 'content-length': '896', 'openstack-api-version': 'volume 3.0', 'vary': 'OpenStack-API-Version', 'x-openstack-request-id': 'req-b1c0d568-a08f-4557-883b-cfa0d0a2d25d', 'connection': 'close', 'status': '200', 'content-location': 'http://172.21.16.48/volume/v3/volumes/6f4b9d2c-22fd-4250-9bd3-8e010003a7cd'}
        Body: b'{"volume": {"id": "6f4b9d2c-22fd-4250-9bd3-8e010003a7cd", "status": "deleting", "size": 1, "availability_zone": "nova", "created_at": "2026-09-07T02:33:17.000000", "updated_at": "2026-09-07T02:33:51.000000", "name": "tempest-SnapshotManageAdminTest-Volume-1291152031", "description": null, "volume_type": "__DEFAULT__", "snapshot_id": null, "source_volid": null, "metadata": {"lun_wwn": "60015eb66a909169e400110000002eb4"}, "links": [{"rel": "self", "href": "http://172.21.16.48/volume/v3/volumes/6f4b9d2c-22fd-4250-9bd3-8e010003a7cd"}, {"rel": "bookmark", "href": "http://172.21.16.48/volume/volumes/6f4b9d2c-22fd-4250-9bd3-8e010003a7cd"}], "user_id": "6d387d30751f4123b0728fd3d09385b6", "bootable": "false", "encrypted": false, "replication_status": null, "consistencygroup_id": null, "multiattach": false, "attachments": [], "os-vol-tenant-attr:tenant_id": "4c4c3ff54d9943a3a68f562d80861442"}}'
2026-09-07 10:33:51,773 1673250 INFO     [tempest.lib.common.rest_client] Request (SnapshotManageAdminTest:_run_cleanups): 200 GET http://172.21.16.48/volume/v3/volumes/6f4b9d2c-22fd-4250-9bd3-8e010003a7cd 0.023s
2026-09-07 10:33:51,773 1673250 DEBUG    [tempest.lib.common.rest_client] Request - Headers: {'Content-Type': 'application/json', 'Accept': 'application/json', 'X-Auth-Token': '<omitted>'}
        Body: None
    Response - Headers: {'date': 'Mon, 07 Sep 2026 02:33:51 GMT', 'server': 'Apache/2.4.58 (Ubuntu)', 'content-type': 'application/json', 'x-compute-request-id': 'req-121bab24-da8a-426a-8cea-016f1edc5e8e', 'content-length': '896', 'openstack-api-version': 'volume 3.0', 'vary': 'OpenStack-API-Version', 'x-openstack-request-id': 'req-121bab24-da8a-426a-8cea-016f1edc5e8e', 'connection': 'close', 'status': '200', 'content-location': 'http://172.21.16.48/volume/v3/volumes/6f4b9d2c-22fd-4250-9bd3-8e010003a7cd'}
        Body: b'{"volume": {"id": "6f4b9d2c-22fd-4250-9bd3-8e010003a7cd", "status": "deleting", "size": 1, "availability_zone": "nova", "created_at": "2026-09-07T02:33:17.000000", "updated_at": "2026-09-07T02:33:51.000000", "name": "tempest-SnapshotManageAdminTest-Volume-1291152031", "description": null, "volume_type": "__DEFAULT__", "snapshot_id": null, "source_volid": null, "metadata": {"lun_wwn": "60015eb66a909169e400110000002eb4"}, "links": [{"rel": "self", "href": "http://172.21.16.48/volume/v3/volumes/6f4b9d2c-22fd-4250-9bd3-8e010003a7cd"}, {"rel": "bookmark", "href": "http://172.21.16.48/volume/volumes/6f4b9d2c-22fd-4250-9bd3-8e010003a7cd"}], "user_id": "6d387d30751f4123b0728fd3d09385b6", "bootable": "false", "encrypted": false, "replication_status": null, "consistencygroup_id": null, "multiattach": false, "attachments": [], "os-vol-tenant-attr:tenant_id": "4c4c3ff54d9943a3a68f562d80861442"}}'
2026-09-07 10:33:52,793 1673250 INFO     [tempest.lib.common.rest_client] Request (SnapshotManageAdminTest:_run_cleanups): 404 GET http://172.21.16.48/volume/v3/volumes/6f4b
    9d2c-22fd-4250-9bd3-8e010003a7cd 0.012s
2026-09-07 10:33:52,793 1673250 DEBUG    [tempest.lib.common.rest_client] Request - Headers: {'Content-Type': 'application/json', 'Accept': 'application/json', 'X-Auth-Token': '<omitted>'}
        Body: None
    Response - Headers: {'date': 'Mon, 07 Sep 2026 02:33:52 GMT', 'server': 'Apache/2.4.58 (Ubuntu)', 'openstack-api-version': 'volume 3.0', 'vary': 'OpenStack-API-Version', 'content-length': '109', 'content-type': 'application/json', 'x-compute-request-id': 'req-8fcce34c-6c63-4cf1-8787-3792389e5a10', 'x-openstack-request-id': 'req-8fcce34c-6c63-4cf1-8787-3792389e5a10', 'connection': 'close', 'status': '404', 'content-location': 'http://172.21.16.48/volume/v3/volumes/6f4b9d2c-22fd-4250-9bd3-8e010003a7cd'}
        Body: b'{"itemNotFound": {"code": 404, "message": "Volume 6f4b9d2c-22fd-4250-9bd3-8e010003a7cd could not be found."}}'


tempest.api.volume.admin.test_snapshot_manage.SnapshotManageAdminTest.test_unmanage_manage_snapshot[id-0132f42d-0147-4b45-8501-cc504bbf7810]
--------------------------------------------------------------------------------------------------------------------------------------------

Captured traceback:
~~~~~~~~~~~~~~~~~~~
    Traceback (most recent call last):

      File "/opt/stack/tempest/tempest/api/volume/admin/test_snapshot_manage.py", line 117, in test_unmanage_manage_snapshot
    self._test_unmanage_manage_snapshot()

      File "/opt/stack/tempest/tempest/api/volume/admin/test_snapshot_manage.py", line 103, in _test_unmanage_manage_snapshot
    waiters.wait_for_volume_resource_status(self.admin_snapshots_client,

      File "/opt/stack/tempest/tempest/common/waiters.py", line 379, in wait_for_volume_resource_status
    raise exceptions.VolumeResourceBuildErrorException(

    tempest.exceptions.VolumeResourceBuildErrorException: snapshot c2e99524-24cb-426e-8391-8ce41c2627dd failed to build and is in ERROR status


Captured pythonlogging:
~~~~~~~~~~~~~~~~~~~~~~~
    2026-09-07 10:33:52,941 1673250 INFO     [tempest.lib.common.rest_client] Request (SnapshotManageAdminTest:test_unmanage_manage_snapshot): 202 POST http://172.21.16.48/volume/v3/volumes 0.141s
2026-09-07 10:33:52,941 1673250 DEBUG    [tempest.lib.common.rest_client] Request - Headers: {'Content-Type': 'application/json', 'Accept': 'application/json', 'X-Auth-Token': '<omitted>'}
        Body: {"volume": {"size": 1, "name": "tempest-SnapshotManageAdminTest-Volume-897613217"}}
    Response - Headers: {'date': 'Mon, 07 Sep 2026 02:33:52 GMT', 'server': 'Apache/2.4.58 (Ubuntu)', 'content-type': 'application/json', 'x-compute-request-id': 'req-b073e1a4-0556-44a5-87ca-fc8f444187cb', 'content-length': '758', 'openstack-api-version': 'volume 3.0', 'vary': 'OpenStack-API-Version', 'x-openstack-request-id': 'req-b073e1a4-0556-44a5-87ca-fc8f444187cb', 'connection': 'close', 'status': '202', 'content-location': 'http://172.21.16.48/volume/v3/volumes'}
        Body: b'{"volume": {"id": "c9025db7-9be1-4317-b129-a75d1a4b2f58", "status": "creating", "size": 1, "availability_zone": "nova", "created_at": "2026-09-07T02:33:52.891809", "updated_at": null, "name": "tempest-SnapshotManageAdminTest-Volume-897613217", "description": null, "volume_type": "__DEFAULT__", "snapshot_id": null, "source_volid": null, "metadata": {}, "links": [{"rel": "self", "href": "http://172.21.16.48/volume/v3/volumes/c9025db7-9be1-4317-b129-a75d1a4b2f58"}, {"rel": "bookmark", "href": "http://172.21.16.48/volume/volumes/c9025db7-9be1-4317-b129-a75d1a4b2f58"}], "user_id": "6d387d30751f4123b0728fd3d09385b6", "bootable": "false", "encrypted": false, "replication_status": null, "consistencygroup_id": null, "multiattach": false, "attachments": []}}'
2026-09-07 10:33:52,973 1673250 INFO     [tempest.lib.common.rest_client] Request (SnapshotManageAdminTest:test_unmanage_manage_snapshot): 200 GET http://172.21.16.48/volume/v3/volumes/c9025db7-9be1-4317-b129-a75d1a4b2f58 0.024s
2026-09-07 10:33:52,973 1673250 DEBUG    [tempest.lib.common.rest_client] Request - Headers: {'Content-Type': 'application/json', 'Accept': 'application/json', 'X-Auth-Token': '<omitted>'}
        Body: None
    Response - Headers: {'date': 'Mon, 07 Sep 2026 02:33:52 GMT', 'server': 'Apache/2.4.58 (Ubuntu)', 'content-type': 'application/json', 'x-compute-request-id': 'req-7d8304e6-ab0d-4748-b4c7-3840587e23f3', 'content-length': '826', 'openstack-api-version': 'volume 3.0', 'vary': 'OpenStack-API-Version', 'x-openstack-request-id': 'req-7d8304e6-ab0d-4748-b4c7-3840587e23f3', 'connection': 'close', 'status': '200', 'content-location': 'http://172.21.16.48/volume/v3/volumes/c9025db7-9be1-4317-b129-a75d1a4b2f58'}
        Body: b'{"volume": {"id": "c9025db7-9be1-4317-b129-a75d1a4b2f58", "status": "creating", "size": 1, "availability_zone": "nova", "created_at": "2026-09-07T02:33:53.000000", "updated_at": null, "name": "tempest-SnapshotManageAdminTest-Volume-897613217", "description": null, "volume_type": "__DEFAULT__", "snapshot_id": null, "source_volid": null, "metadata": {}, "links": [{"rel": "self", "href": "http://172.21.16.48/volume/v3/volumes/c9025db7-9be1-4317-b129-a75d1a4b2f58"}, {"rel": "bookmark", "href": "http://172.21.16.48/volume/volumes/c9025db7-9be1-4317-b129-a75d1a4b2f58"}], "user_id": "6d387d30751f4123b0728fd3d09385b6", "bootable": "false", "encrypted": false, "replication_status": null, "consistencygroup_id": null, "multiattach": false, "attachments": [], "os-vol-tenant-attr:tenant_id": "4c4c3ff54d9943a3a68f562d80861442"}}'
2026-09-07 10:33:54,003 1673250 INFO     [tempest.lib.common.rest_client] Request (SnapshotManageAdminTest:test_unmanage_manage_snapshot): 200 GET http://172.21.16.48/volume/v3/volumes/c9025db7-9be1-4317-b129-a75d1a4b2f58 0.022s
2026-09-07 10:33:54,003 1673250 DEBUG    [tempest.lib.common.rest_client] Request - Headers: {'Content-Type': 'application/json', 'Accept': 'application/json', 'X-Auth-Token': '<omitted>'}
        Body: None
    Response - Headers: {'date': 'Mon, 07 Sep 2026 02:33:53 GMT', 'server': 'Apache/2.4.58 (Ubuntu)', 'content-type': 'application/json',
     'x-compute-request-id': 'req-9f6d1d2e-df6c-4c9e-a46d-d74b30a1f751', 'content-length': '850', 'openstack-api-version': 'volume 3.0', 'vary': 'OpenStack-API-Version', 'x-openstack-request-id': 'req-9f6d1d2e-df6c-4c9e-a46d-d74b30a1f751', 'connection': 'close', 'status': '200', 'content-location': 'http://172.21.16.48/volume/v3/volumes/c9025db7-9be1-4317-b129-a75d1a4b2f58'}
        Body: b'{"volume": {"id": "c9025db7-9be1-4317-b129-a75d1a4b2f58", "status": "creating", "size": 1, "availability_zone": "nova", "created_at": "2026-09-07T02:33:53.000000", "updated_at": "2026-09-07T02:33:53.000000", "name": "tempest-SnapshotManageAdminTest-Volume-897613217", "description": null, "volume_type": "__DEFAULT__", "snapshot_id": null, "source_volid": null, "metadata": {}, "links": [{"rel": "self", "href": "http://172.21.16.48/volume/v3/volumes/c9025db7-9be1-4317-b129-a75d1a4b2f58"}, {"rel": "bookmark", "href": "http://172.21.16.48/volume/volumes/c9025db7-9be1-4317-b129-a75d1a4b2f58"}], "user_id": "6d387d30751f4123b0728fd3d09385b6", "bootable": "false", "encrypted": false, "replication_status": null, "consistencygroup_id": null, "multiattach": false, "attachments": [], "os-vol-tenant-attr:tenant_id": "4c4c3ff54d9943a3a68f562d80861442"}}'
2026-09-07 10:33:55,034 1673250 INFO     [tempest.lib.common.rest_client] Request (SnapshotManageAdminTest:test_unmanage_manage_snapshot): 200 GET http://172.21.16.48/volume/v3/volumes/c9025db7-9be1-4317-b129-a75d1a4b2f58 0.023s
2026-09-07 10:33:55,034 1673250 DEBUG    [tempest.lib.common.rest_client] Request - Headers: {'Content-Type': 'application/json', 'Accept': 'application/json', 'X-Auth-Token': '<omitted>'}
        Body: None
    Response - Headers: {'date': 'Mon, 07 Sep 2026 02:33:55 GMT', 'server': 'Apache/2.4.58 (Ubuntu)', 'content-type': 'application/json', 'x-compute-request-id': 'req-eeab21dc-1ba4-4469-958a-67842adc6e79', 'content-length': '896', 'openstack-api-version': 'volume 3.0', 'vary': 'OpenStack-API-Version', 'x-openstack-request-id': 'req-eeab21dc-1ba4-4469-958a-67842adc6e79', 'connection': 'close', 'status': '200', 'content-location': 'http://172.21.16.48/volume/v3/volumes/c9025db7-9be1-4317-b129-a75d1a4b2f58'}
        Body: b'{"volume": {"id": "c9025db7-9be1-4317-b129-a75d1a4b2f58", "status": "available", "size": 1, "availability_zone": "nova", "created_at": "2026-09-07T02:33:53.000000", "updated_at": "2026-09-07T02:33:54.000000", "name": "tempest-SnapshotManageAdminTest-Volume-897613217", "description": null, "volume_type": "__DEFAULT__", "snapshot_id": null, "source_volid": null, "metadata": {"lun_wwn": "60015eb66a909169e400110000002ebc"}, "links": [{"rel": "self", "href": "http://172.21.16.48/volume/v3/volumes/c9025db7-9be1-4317-b129-a75d1a4b2f58"}, {"rel": "bookmark", "href": "http://172.21.16.48/volume/volumes/c9025db7-9be1-4317-b129-a75d1a4b2f58"}], "user_id": "6d387d30751f4123b0728fd3d09385b6", "bootable": "false", "encrypted": false, "replication_status": null, "consistencygroup_id": null, "multiattach": false, "attachments": [], "os-vol-tenant-attr:tenant_id": "4c4c3ff54d9943a3a68f562d80861442"}}'
2026-09-07 10:33:55,041 1673250 INFO     [tempest.common.waiters] volume c9025db7-9be1-4317-b129-a75d1a4b2f58 reached available after waiting for 3.041340 seconds
2026-09-07 10:33:55,112 1673250 INFO     [tempest.lib.common.rest_client] Request (SnapshotManageAdminTest:test_unmanage_manage_snapshot): 202 POST http://172.21.16.48/volume/v3/snapshots 0.071s
2026-09-07 10:33:55,112 1673250 DEBUG    [tempest.lib.common.rest_client] Request - Headers: {'Content-Type': 'application/json', 'Accept': 'application/json', 'X-Auth-Token': '<omitted>'}
        Body: {"snapshot": {"volume_id": "c9025db7-9be1-4317-b129-a75d1a4b2f58", "name": "tempest-SnapshotManageAdminTest-Snapshot-548614765"}}
    Response - Headers: {'date': 'Mon, 07 Sep 2026 02:33:55 GMT', 'server': 'Apache/2.4.58 (Ubuntu)', 'content-type': 'application/json', 'x-compute-request-id': 'req-f4d099f4-9d35-45ba-b0f7-53890b199599', 'content-length': '309', 'openstack-api-version': 'volume 3.0', 'vary': 'OpenStack-API-Version'
    , 'x-openstack-request-id': 'req-f4d099f4-9d35-45ba-b0f7-53890b199599', 'connection': 'close', 'status': '202', 'content-location': 'http://172.21.16.48/volume/v3/snapshots'}
        Body: b'{"snapshot": {"id": "247e4399-d791-4d0f-b328-4d9446d3581e", "created_at": "2026-09-07T02:33:55.084808", "updated_at": null, "name": "tempest-SnapshotManageAdminTest-Snapshot-548614765", "description": null, "volume_id": "c9025db7-9be1-4317-b129-a75d1a4b2f58", "status": "creating", "size": 1, "metadata": {}}}'
2026-09-07 10:33:55,127 1673250 INFO     [tempest.lib.common.rest_client] Request (SnapshotManageAdminTest:test_unmanage_manage_snapshot): 200 GET http://172.21.16.48/volume/v3/snapshots/247e4399-d791-4d0f-b328-4d9446d3581e 0.013s
2026-09-07 10:33:55,128 1673250 DEBUG    [tempest.lib.common.rest_client] Request - Headers: {'Content-Type': 'application/json', 'Accept': 'application/json', 'X-Auth-Token': '<omitted>'}
        Body: None
    Response - Headers: {'date': 'Mon, 07 Sep 2026 02:33:55 GMT', 'server': 'Apache/2.4.58 (Ubuntu)', 'content-type': 'application/json', 'x-compute-request-id': 'req-d26cec2f-9d7c-468e-8369-34d02b98d0d8', 'content-length': '441', 'openstack-api-version': 'volume 3.0', 'vary': 'OpenStack-API-Version', 'x-openstack-request-id': 'req-d26cec2f-9d7c-468e-8369-34d02b98d0d8', 'connection': 'close', 'status': '200', 'content-location': 'http://172.21.16.48/volume/v3/snapshots/247e4399-d791-4d0f-b328-4d9446d3581e'}
        Body: b'{"snapshot": {"id": "247e4399-d791-4d0f-b328-4d9446d3581e", "created_at": "2026-09-07T02:33:55.000000", "updated_at": null, "name": "tempest-SnapshotManageAdminTest-Snapshot-548614765", "description": null, "volume_id": "c9025db7-9be1-4317-b129-a75d1a4b2f58", "status": "creating", "size": 1, "metadata": {}, "os-extended-snapshot-attributes:project_id": "4c4c3ff54d9943a3a68f562d80861442", "os-extended-snapshot-attributes:progress": "0%"}}'
2026-09-07 10:33:56,143 1673250 INFO     [tempest.lib.common.rest_client] Request (SnapshotManageAdminTest:test_unmanage_manage_snapshot): 200 GET http://172.21.16.48/volume/v3/snapshots/247e4399-d791-4d0f-b328-4d9446d3581e 0.013s
2026-09-07 10:33:56,143 1673250 DEBUG    [tempest.lib.common.rest_client] Request - Headers: {'Content-Type': 'application/json', 'Accept': 'application/json', 'X-Auth-Token': '<omitted>'}
        Body: None
    Response - Headers: {'date': 'Mon, 07 Sep 2026 02:33:56 GMT', 'server': 'Apache/2.4.58 (Ubuntu)', 'content-type': 'application/json', 'x-compute-request-id': 'req-bb367472-f60e-4f42-bf55-15eeed14e68a', 'content-length': '640', 'openstack-api-version': 'volume 3.0', 'vary': 'OpenStack-API-Version', 'x-openstack-request-id': 'req-bb367472-f60e-4f42-bf55-15eeed14e68a', 'connection': 'close', 'status': '200', 'content-location': 'http://172.21.16.48/volume/v3/snapshots/247e4399-d791-4d0f-b328-4d9446d3581e'}
        Body: b'{"snapshot": {"id": "247e4399-d791-4d0f-b328-4d9446d3581e", "created_at": "2026-09-07T02:33:55.000000", "updated_at": "2026-09-07T02:33:56.000000", "name": "tempest-SnapshotManageAdminTest-Snapshot-548614765", "description": null, "volume_id": "c9025db7-9be1-4317-b129-a75d1a4b2f58", "status": "available", "size": 1, "metadata": {"lun_wwn": "60015eb66a909169e400110000002ebe", "snapshot_name": "snapshot-247e4399-d791-4d0f-b328-4d9446d3581e", "source_vol": "volume-c9025db7-9be1-4317-b129-a75d1a4b2f58"}, "os-extended-snapshot-attributes:project_id": "4c4c3ff54d9943a3a68f562d80861442", "os-extended-snapshot-attributes:progress": "100%"}}'
2026-09-07 10:33:56,146 1673250 INFO     [tempest.common.waiters] snapshot 247e4399-d791-4d0f-b328-4d9446d3581e reached available after waiting for 1.146136 seconds
2026-09-07 10:33:56,193 1673250 INFO     [tempest.lib.common.rest_client] Request (SnapshotManageAdminTest:test_unmanage_manage_snapshot): 202 POST http://172.21.16.48/volume/v3/snapshots/247e4399-d791-4d0f-b328-4d9446d3581e/action 0.047s
2026-09-07 10:33:56,194 1673250 DEBUG    [tempest.lib.common.rest_client] Request - Headers: {'Content-Type': 'application/json', 'Accept': 'application/json', 'X-Auth-T
    oken': '<omitted>'}
        Body: {"os-unmanage": {}}
    Response - Headers: {'date': 'Mon, 07 Sep 2026 02:33:56 GMT', 'server': 'Apache/2.4.58 (Ubuntu)', 'content-length': '0', 'content-type': 'text/html; charset=UTF-8', 'openstack-api-version': 'volume 3.0', 'vary': 'OpenStack-API-Version', 'x-openstack-request-id': 'req-6ac15546-a286-4ad9-bab5-3c3ceacd5f5f', 'connection': 'close', 'status': '202', 'content-location': 'http://172.21.16.48/volume/v3/snapshots/247e4399-d791-4d0f-b328-4d9446d3581e/action'}
        Body: b''
2026-09-07 10:33:56,209 1673250 INFO     [tempest.lib.common.rest_client] Request (SnapshotManageAdminTest:test_unmanage_manage_snapshot): 200 GET http://172.21.16.48/volume/v3/snapshots/247e4399-d791-4d0f-b328-4d9446d3581e 0.015s
2026-09-07 10:33:56,209 1673250 DEBUG    [tempest.lib.common.rest_client] Request - Headers: {'Content-Type': 'application/json', 'Accept': 'application/json', 'X-Auth-Token': '<omitted>'}
        Body: None
    Response - Headers: {'date': 'Mon, 07 Sep 2026 02:33:56 GMT', 'server': 'Apache/2.4.58 (Ubuntu)', 'content-type': 'application/json', 'x-compute-request-id': 'req-33be12e6-80bc-4f4a-884d-03d7e8a5591d', 'content-length': '641', 'openstack-api-version': 'volume 3.0', 'vary': 'OpenStack-API-Version', 'x-openstack-request-id': 'req-33be12e6-80bc-4f4a-884d-03d7e8a5591d', 'connection': 'close', 'status': '200', 'content-location': 'http://172.21.16.48/volume/v3/snapshots/247e4399-d791-4d0f-b328-4d9446d3581e'}
        Body: b'{"snapshot": {"id": "247e4399-d791-4d0f-b328-4d9446d3581e", "created_at": "2026-09-07T02:33:55.000000", "updated_at": "2026-09-07T02:33:56.000000", "name": "tempest-SnapshotManageAdminTest-Snapshot-548614765", "description": null, "volume_id": "c9025db7-9be1-4317-b129-a75d1a4b2f58", "status": "unmanaging", "size": 1, "metadata": {"lun_wwn": "60015eb66a909169e400110000002ebe", "snapshot_name": "snapshot-247e4399-d791-4d0f-b328-4d9446d3581e", "source_vol": "volume-c9025db7-9be1-4317-b129-a75d1a4b2f58"}, "os-extended-snapshot-attributes:project_id": "4c4c3ff54d9943a3a68f562d80861442", "os-extended-snapshot-attributes:progress": "100%"}}'
2026-09-07 10:33:57,224 1673250 INFO     [tempest.lib.common.rest_client] Request (SnapshotManageAdminTest:test_unmanage_manage_snapshot): 404 GET http://172.21.16.48/volume/v3/snapshots/247e4399-d791-4d0f-b328-4d9446d3581e 0.011s
2026-09-07 10:33:57,224 1673250 DEBUG    [tempest.lib.common.rest_client] Request - Headers: {'Content-Type': 'application/json', 'Accept': 'application/json', 'X-Auth-Token': '<omitted>'}
        Body: None
    Response - Headers: {'date': 'Mon, 07 Sep 2026 02:33:57 GMT', 'server': 'Apache/2.4.58 (Ubuntu)', 'openstack-api-version': 'volume 3.0', 'vary': 'OpenStack-API-Version', 'content-length': '111', 'content-type': 'application/json', 'x-compute-request-id': 'req-fafc7662-e763-4011-b946-6dfce37180e4', 'x-openstack-request-id': 'req-fafc7662-e763-4011-b946-6dfce37180e4', 'connection': 'close', 'status': '404', 'content-location': 'http://172.21.16.48/volume/v3/snapshots/247e4399-d791-4d0f-b328-4d9446d3581e'}
        Body: b'{"itemNotFound": {"code": 404, "message": "Snapshot 247e4399-d791-4d0f-b328-4d9446d3581e could not be found."}}'
2026-09-07 10:33:57,244 1673250 INFO     [tempest.lib.common.rest_client] Request (SnapshotManageAdminTest:test_unmanage_manage_snapshot): 200 GET http://172.21.16.48/volume/v3/snapshots/detail?all_tenants=1 0.020s
2026-09-07 10:33:57,244 1673250 DEBUG    [tempest.lib.common.rest_client] Request - Headers: {'Content-Type': 'application/json', 'Accept': 'application/json', 'X-Auth-Token': '<omitted>'}
        Body: None
    Response - Headers: {'date': 'Mon, 07 Sep 2026 02:33:57 GMT', 'server': 'Apache/2.4.58 (Ubuntu)', 'content-type': 'application/json', 'x-compute-request-id': 'req-2e9801bb-23c0-40c3-be24-aa7833d185c7', 'content-length': '17', 'openstack-api-version': 'volume 3.0', 'vary': 'OpenStack-API-Version', 'x-openstack-request-id': 'req-2e9801bb-23c0-40c3-be24-aa7833d185c7', 'connection': 'close', 'status': '200', 'content-location': 'http://172.21.16.4
    8/volume/v3/snapshots/detail?all_tenants=1'}
        Body: b'{"snapshots": []}'
2026-09-07 10:33:57,332 1673250 INFO     [tempest.lib.common.rest_client] Request (SnapshotManageAdminTest:test_unmanage_manage_snapshot): 202 POST http://172.21.16.48/volume/v3/os-snapshot-manage 0.085s
2026-09-07 10:33:57,333 1673250 DEBUG    [tempest.lib.common.rest_client] Request - Headers: {'Content-Type': 'application/json', 'Accept': 'application/json', 'X-Auth-Token': '<omitted>'}
        Body: {"snapshot": {"volume_id": "c9025db7-9be1-4317-b129-a75d1a4b2f58", "ref": {"source-name": "_snapshot-247e4399-d791-4d0f-b328-4d9446d3581e"}, "name": "tempest-SnapshotManageAdminTest-Managed-Snapshot-2030734648", "description": "tempest-SnapshotManageAdminTest-Managed-Snapshot-Description-1429408938", "metadata": {"manage-snap-meta1": "value1", "manage-snap-meta2": "value2", "manage-snap-meta3": "value3"}}}
    Response - Headers: {'date': 'Mon, 07 Sep 2026 02:33:57 GMT', 'server': 'Apache/2.4.58 (Ubuntu)', 'content-type': 'application/json', 'x-compute-request-id': 'req-6e5a95bf-6a63-43af-8d79-1a1a2372c512', 'content-length': '478', 'openstack-api-version': 'volume 3.0', 'vary': 'OpenStack-API-Version', 'x-openstack-request-id': 'req-6e5a95bf-6a63-43af-8d79-1a1a2372c512', 'connection': 'close', 'status': '202', 'content-location': 'http://172.21.16.48/volume/v3/os-snapshot-manage'}
        Body: b'{"snapshot": {"id": "c2e99524-24cb-426e-8391-8ce41c2627dd", "created_at": "2026-09-07T02:33:57.301132", "updated_at": null, "name": "tempest-SnapshotManageAdminTest-Managed-Snapshot-2030734648", "description": "tempest-SnapshotManageAdminTest-Managed-Snapshot-Description-1429408938", "volume_id": "c9025db7-9be1-4317-b129-a75d1a4b2f58", "status": "creating", "size": 1, "metadata": {"manage-snap-meta1": "value1", "manage-snap-meta2": "value2", "manage-snap-meta3": "value3"}}}'
2026-09-07 10:33:57,348 1673250 INFO     [tempest.lib.common.rest_client] Request (SnapshotManageAdminTest:test_unmanage_manage_snapshot): 200 GET http://172.21.16.48/volume/v3/snapshots/c2e99524-24cb-426e-8391-8ce41c2627dd 0.013s
2026-09-07 10:33:57,348 1673250 DEBUG    [tempest.lib.common.rest_client] Request - Headers: {'Content-Type': 'application/json', 'Accept': 'application/json', 'X-Auth-Token': '<omitted>'}
        Body: None
    Response - Headers: {'date': 'Mon, 07 Sep 2026 02:33:57 GMT', 'server': 'Apache/2.4.58 (Ubuntu)', 'content-type': 'application/json', 'x-compute-request-id': 'req-9a73e95d-d332-498d-a8f0-ae2eb4c27fab', 'content-length': '610', 'openstack-api-version': 'volume 3.0', 'vary': 'OpenStack-API-Version', 'x-openstack-request-id': 'req-9a73e95d-d332-498d-a8f0-ae2eb4c27fab', 'connection': 'close', 'status': '200', 'content-location': 'http://172.21.16.48/volume/v3/snapshots/c2e99524-24cb-426e-8391-8ce41c2627dd'}
        Body: b'{"snapshot": {"id": "c2e99524-24cb-426e-8391-8ce41c2627dd", "created_at": "2026-09-07T02:33:57.000000", "updated_at": null, "name": "tempest-SnapshotManageAdminTest-Managed-Snapshot-2030734648", "description": "tempest-SnapshotManageAdminTest-Managed-Snapshot-Description-1429408938", "volume_id": "c9025db7-9be1-4317-b129-a75d1a4b2f58", "status": "creating", "size": 1, "metadata": {"manage-snap-meta1": "value1", "manage-snap-meta2": "value2", "manage-snap-meta3": "value3"}, "os-extended-snapshot-attributes:project_id": "0e0d6ab9af924de08e9fcb893b7051be", "os-extended-snapshot-attributes:progress": "0%"}}'
2026-09-07 10:33:58,364 1673250 INFO     [tempest.lib.common.rest_client] Request (SnapshotManageAdminTest:test_unmanage_manage_snapshot): 200 GET http://172.21.16.48/volume/v3/snapshots/c2e99524-24cb-426e-8391-8ce41c2627dd 0.013s
2026-09-07 10:33:58,365 1673250 DEBUG    [tempest.lib.common.rest_client] Request - Headers: {'Content-Type': 'application/json', 'Accept': 'application/json', 'X-Auth-Token': '<omitted>'}
        Body: None
    Response - Headers: {'date': 'Mon, 07 Sep 2026 02:33:58 GMT', 'server': 'Apache/2.4.58 (Ubuntu)', 'content-type': 'application/json', 'x-compute-request-id': 'req-f7c04750-376d-44bd-9520-20c57475
    0c37', 'content-length': '631', 'openstack-api-version': 'volume 3.0', 'vary': 'OpenStack-API-Version', 'x-openstack-request-id': 'req-f7c04750-376d-44bd-9520-20c574750c37', 'connection': 'close', 'status': '200', 'content-location': 'http://172.21.16.48/volume/v3/snapshots/c2e99524-24cb-426e-8391-8ce41c2627dd'}
        Body: b'{"snapshot": {"id": "c2e99524-24cb-426e-8391-8ce41c2627dd", "created_at": "2026-09-07T02:33:57.000000", "updated_at": "2026-09-07T02:33:57.000000", "name": "tempest-SnapshotManageAdminTest-Managed-Snapshot-2030734648", "description": "tempest-SnapshotManageAdminTest-Managed-Snapshot-Description-1429408938", "volume_id": "c9025db7-9be1-4317-b129-a75d1a4b2f58", "status": "error", "size": 1, "metadata": {"manage-snap-meta1": "value1", "manage-snap-meta2": "value2", "manage-snap-meta3": "value3"}, "os-extended-snapshot-attributes:project_id": "0e0d6ab9af924de08e9fcb893b7051be", "os-extended-snapshot-attributes:progress": "0%"}}'
2026-09-07 10:33:58,395 1673250 INFO     [tempest.lib.common.rest_client] Request (SnapshotManageAdminTest:_run_cleanups): 202 DELETE http://172.21.16.48/volume/v3/snapshots/c2e99524-24cb-426e-8391-8ce41c2627dd 0.027s
2026-09-07 10:33:58,395 1673250 DEBUG    [tempest.lib.common.rest_client] Request - Headers: {'Content-Type': 'application/json', 'Accept': 'application/json', 'X-Auth-Token': '<omitted>'}
        Body: None
    Response - Headers: {'date': 'Mon, 07 Sep 2026 02:33:58 GMT', 'server': 'Apache/2.4.58 (Ubuntu)', 'content-length': '0', 'content-type': 'text/html; charset=UTF-8', 'openstack-api-version': 'volume 3.0', 'vary': 'OpenStack-API-Version', 'x-openstack-request-id': 'req-e545eeda-6608-49d5-996d-454298a4203d', 'connection': 'close', 'status': '202', 'content-location': 'http://172.21.16.48/volume/v3/snapshots/c2e99524-24cb-426e-8391-8ce41c2627dd'}
        Body: b''
2026-09-07 10:33:58,410 1673250 INFO     [tempest.lib.common.rest_client] Request (SnapshotManageAdminTest:_run_cleanups): 200 GET http://172.21.16.48/volume/v3/snapshots/c2e99524-24cb-426e-8391-8ce41c2627dd 0.014s
2026-09-07 10:33:58,410 1673250 DEBUG    [tempest.lib.common.rest_client] Request - Headers: {'Content-Type': 'application/json', 'Accept': 'application/json', 'X-Auth-Token': '<omitted>'}
        Body: None
    Response - Headers: {'date': 'Mon, 07 Sep 2026 02:33:58 GMT', 'server': 'Apache/2.4.58 (Ubuntu)', 'content-type': 'application/json', 'x-compute-request-id': 'req-055db4da-c4c8-434d-ab88-aff0f7f71286', 'content-length': '634', 'openstack-api-version': 'volume 3.0', 'vary': 'OpenStack-API-Version', 'x-openstack-request-id': 'req-055db4da-c4c8-434d-ab88-aff0f7f71286', 'connection': 'close', 'status': '200', 'content-location': 'http://172.21.16.48/volume/v3/snapshots/c2e99524-24cb-426e-8391-8ce41c2627dd'}
        Body: b'{"snapshot": {"id": "c2e99524-24cb-426e-8391-8ce41c2627dd", "created_at": "2026-09-07T02:33:57.000000", "updated_at": "2026-09-07T02:33:58.000000", "name": "tempest-SnapshotManageAdminTest-Managed-Snapshot-2030734648", "description": "tempest-SnapshotManageAdminTest-Managed-Snapshot-Description-1429408938", "volume_id": "c9025db7-9be1-4317-b129-a75d1a4b2f58", "status": "deleting", "size": 1, "metadata": {"manage-snap-meta1": "value1", "manage-snap-meta2": "value2", "manage-snap-meta3": "value3"}, "os-extended-snapshot-attributes:project_id": "0e0d6ab9af924de08e9fcb893b7051be", "os-extended-snapshot-attributes:progress": "0%"}}'
2026-09-07 10:33:59,423 1673250 INFO     [tempest.lib.common.rest_client] Request (SnapshotManageAdminTest:_run_cleanups): 404 GET http://172.21.16.48/volume/v3/snapshots/c2e99524-24cb-426e-8391-8ce41c2627dd 0.011s
2026-09-07 10:33:59,423 1673250 DEBUG    [tempest.lib.common.rest_client] Request - Headers: {'Content-Type': 'application/json', 'Accept': 'application/json', 'X-Auth-Token': '<omitted>'}
        Body: None
    Response - Headers: {'date': 'Mon, 07 Sep 2026 02:33:59 GMT', 'server': 'Apache/2.4.58 (Ubuntu)', 'openstack-api-version': 'volume 3.0', 'vary': 'OpenStack-API-Version', 'content-length': '111', 'content-type': 'application
    /json', 'x-compute-request-id': 'req-59e981eb-3298-4bbb-bbb7-cec68996d61f', 'x-openstack-request-id': 'req-59e981eb-3298-4bbb-bbb7-cec68996d61f', 'connection': 'close', 'status': '404', 'content-location': 'http://172.21.16.48/volume/v3/snapshots/c2e99524-24cb-426e-8391-8ce41c2627dd'}
        Body: b'{"itemNotFound": {"code": 404, "message": "Snapshot c2e99524-24cb-426e-8391-8ce41c2627dd could not be found."}}'
2026-09-07 10:33:59,434 1673250 INFO     [tempest.lib.common.rest_client] Request (SnapshotManageAdminTest:_run_cleanups): 404 DELETE http://172.21.16.48/volume/v3/snapshots/247e4399-d791-4d0f-b328-4d9446d3581e 0.010s
2026-09-07 10:33:59,434 1673250 DEBUG    [tempest.lib.common.rest_client] Request - Headers: {'Content-Type': 'application/json', 'Accept': 'application/json', 'X-Auth-Token': '<omitted>'}
        Body: None
    Response - Headers: {'date': 'Mon, 07 Sep 2026 02:33:59 GMT', 'server': 'Apache/2.4.58 (Ubuntu)', 'openstack-api-version': 'volume 3.0', 'vary': 'OpenStack-API-Version', 'content-length': '111', 'content-type': 'application/json', 'x-compute-request-id': 'req-43af0c58-f570-4a85-914e-b7228e93efe6', 'x-openstack-request-id': 'req-43af0c58-f570-4a85-914e-b7228e93efe6', 'connection': 'close', 'status': '404', 'content-location': 'http://172.21.16.48/volume/v3/snapshots/247e4399-d791-4d0f-b328-4d9446d3581e'}
        Body: b'{"itemNotFound": {"code": 404, "message": "Snapshot 247e4399-d791-4d0f-b328-4d9446d3581e could not be found."}}'
2026-09-07 10:33:59,458 1673250 INFO     [tempest.lib.common.rest_client] Request (SnapshotManageAdminTest:_run_cleanups): 200 GET http://172.21.16.48/volume/v3/volumes/c9025db7-9be1-4317-b129-a75d1a4b2f58 0.023s
2026-09-07 10:33:59,458 1673250 DEBUG    [tempest.lib.common.rest_client] Request - Headers: {'Content-Type': 'application/json', 'Accept': 'application/json', 'X-Auth-Token': '<omitted>'}
        Body: None
    Response - Headers: {'date': 'Mon, 07 Sep 2026 02:33:59 GMT', 'server': 'Apache/2.4.58 (Ubuntu)', 'content-type': 'application/json', 'x-compute-request-id': 'req-47f18ac5-4603-4785-b12b-296199f303a1', 'content-length': '896', 'openstack-api-version': 'volume 3.0', 'vary': 'OpenStack-API-Version', 'x-openstack-request-id': 'req-47f18ac5-4603-4785-b12b-296199f303a1', 'connection': 'close', 'status': '200', 'content-location': 'http://172.21.16.48/volume/v3/volumes/c9025db7-9be1-4317-b129-a75d1a4b2f58'}
        Body: b'{"volume": {"id": "c9025db7-9be1-4317-b129-a75d1a4b2f58", "status": "available", "size": 1, "availability_zone": "nova", "created_at": "2026-09-07T02:33:53.000000", "updated_at": "2026-09-07T02:33:54.000000", "name": "tempest-SnapshotManageAdminTest-Volume-897613217", "description": null, "volume_type": "__DEFAULT__", "snapshot_id": null, "source_volid": null, "metadata": {"lun_wwn": "60015eb66a909169e400110000002ebc"}, "links": [{"rel": "self", "href": "http://172.21.16.48/volume/v3/volumes/c9025db7-9be1-4317-b129-a75d1a4b2f58"}, {"rel": "bookmark", "href": "http://172.21.16.48/volume/volumes/c9025db7-9be1-4317-b129-a75d1a4b2f58"}], "user_id": "6d387d30751f4123b0728fd3d09385b6", "bootable": "false", "encrypted": false, "replication_status": null, "consistencygroup_id": null, "multiattach": false, "attachments": [], "os-vol-tenant-attr:tenant_id": "4c4c3ff54d9943a3a68f562d80861442"}}'
2026-09-07 10:33:59,496 1673250 INFO     [tempest.lib.common.rest_client] Request (SnapshotManageAdminTest:_run_cleanups): 202 DELETE http://172.21.16.48/volume/v3/volumes/c9025db7-9be1-4317-b129-a75d1a4b2f58 0.030s
2026-09-07 10:33:59,496 1673250 DEBUG    [tempest.lib.common.rest_client] Request - Headers: {'Content-Type': 'application/json', 'Accept': 'application/json', 'X-Auth-Token': '<omitted>'}
        Body: None
    Response - Headers: {'date': 'Mon, 07 Sep 2026 02:33:59 GMT', 'server': 'Apache/2.4.58 (Ubuntu)', 'content-length': '0', 'content-type': 'text/html; charset=UTF-8', 'openstack-api-version': 'volume 3.0', 'vary': 'OpenStack-API-Version', 'x-openstack-request-id': 'req-d7dd6e3c-1dad-447f-a390-b42c7da5dc11', 'connection': 'close', 'status':
     '202', 'content-location': 'http://172.21.16.48/volume/v3/volumes/c9025db7-9be1-4317-b129-a75d1a4b2f58'}
        Body: b''
2026-09-07 10:33:59,521 1673250 INFO     [tempest.lib.common.rest_client] Request (SnapshotManageAdminTest:_run_cleanups): 200 GET http://172.21.16.48/volume/v3/volumes/c9025db7-9be1-4317-b129-a75d1a4b2f58 0.024s
2026-09-07 10:33:59,521 1673250 DEBUG    [tempest.lib.common.rest_client] Request - Headers: {'Content-Type': 'application/json', 'Accept': 'application/json', 'X-Auth-Token': '<omitted>'}
        Body: None
    Response - Headers: {'date': 'Mon, 07 Sep 2026 02:33:59 GMT', 'server': 'Apache/2.4.58 (Ubuntu)', 'content-type': 'application/json', 'x-compute-request-id': 'req-a094eb08-8dcd-4b30-86de-69424bb4500b', 'content-length': '895', 'openstack-api-version': 'volume 3.0', 'vary': 'OpenStack-API-Version', 'x-openstack-request-id': 'req-a094eb08-8dcd-4b30-86de-69424bb4500b', 'connection': 'close', 'status': '200', 'content-location': 'http://172.21.16.48/volume/v3/volumes/c9025db7-9be1-4317-b129-a75d1a4b2f58'}
        Body: b'{"volume": {"id": "c9025db7-9be1-4317-b129-a75d1a4b2f58", "status": "deleting", "size": 1, "availability_zone": "nova", "created_at": "2026-09-07T02:33:53.000000", "updated_at": "2026-09-07T02:33:59.000000", "name": "tempest-SnapshotManageAdminTest-Volume-897613217", "description": null, "volume_type": "__DEFAULT__", "snapshot_id": null, "source_volid": null, "metadata": {"lun_wwn": "60015eb66a909169e400110000002ebc"}, "links": [{"rel": "self", "href": "http://172.21.16.48/volume/v3/volumes/c9025db7-9be1-4317-b129-a75d1a4b2f58"}, {"rel": "bookmark", "href": "http://172.21.16.48/volume/volumes/c9025db7-9be1-4317-b129-a75d1a4b2f58"}], "user_id": "6d387d30751f4123b0728fd3d09385b6", "bootable": "false", "encrypted": false, "replication_status": null, "consistencygroup_id": null, "multiattach": false, "attachments": [], "os-vol-tenant-attr:tenant_id": "4c4c3ff54d9943a3a68f562d80861442"}}'
2026-09-07 10:34:00,550 1673250 INFO     [tempest.lib.common.rest_client] Request (SnapshotManageAdminTest:_run_cleanups): 200 GET http://172.21.16.48/volume/v3/volumes/c9025db7-9be1-4317-b129-a75d1a4b2f58 0.022s
2026-09-07 10:34:00,550 1673250 DEBUG    [tempest.lib.common.rest_client] Request - Headers: {'Content-Type': 'application/json', 'Accept': 'application/json', 'X-Auth-Token': '<omitted>'}
        Body: None
    Response - Headers: {'date': 'Mon, 07 Sep 2026 02:34:00 GMT', 'server': 'Apache/2.4.58 (Ubuntu)', 'content-type': 'application/json', 'x-compute-request-id': 'req-92ef451c-a61c-4926-a57a-4913d108a7d7', 'content-length': '895', 'openstack-api-version': 'volume 3.0', 'vary': 'OpenStack-API-Version', 'x-openstack-request-id': 'req-92ef451c-a61c-4926-a57a-4913d108a7d7', 'connection': 'close', 'status': '200', 'content-location': 'http://172.21.16.48/volume/v3/volumes/c9025db7-9be1-4317-b129-a75d1a4b2f58'}
        Body: b'{"volume": {"id": "c9025db7-9be1-4317-b129-a75d1a4b2f58", "status": "deleting", "size": 1, "availability_zone": "nova", "created_at": "2026-09-07T02:33:53.000000", "updated_at": "2026-09-07T02:33:59.000000", "name": "tempest-SnapshotManageAdminTest-Volume-897613217", "description": null, "volume_type": "__DEFAULT__", "snapshot_id": null, "source_volid": null, "metadata": {"lun_wwn": "60015eb66a909169e400110000002ebc"}, "links": [{"rel": "self", "href": "http://172.21.16.48/volume/v3/volumes/c9025db7-9be1-4317-b129-a75d1a4b2f58"}, {"rel": "bookmark", "href": "http://172.21.16.48/volume/volumes/c9025db7-9be1-4317-b129-a75d1a4b2f58"}], "user_id": "6d387d30751f4123b0728fd3d09385b6", "bootable": "false", "encrypted": false, "replication_status": null, "consistencygroup_id": null, "multiattach": false, "attachments": [], "os-vol-tenant-attr:tenant_id": "4c4c3ff54d9943a3a68f562d80861442"}}'
2026-09-07 10:34:01,570 1673250 INFO     [tempest.lib.common.rest_client] Request (SnapshotManageAdminTest:_run_cleanups): 404 GET http://172.21.16.48/volume/v3/volumes/c9025db7-9be1-4317-b129-a75d1a4b2f58 0.012s
2026-09-07 10:34:01,571 1673250 DEBUG    [tempest.lib.common.rest_cli
    ent] Request - Headers: {'Content-Type': 'application/json', 'Accept': 'application/json', 'X-Auth-Token': '<omitted>'}
        Body: None
    Response - Headers: {'date': 'Mon, 07 Sep 2026 02:34:01 GMT', 'server': 'Apache/2.4.58 (Ubuntu)', 'openstack-api-version': 'volume 3.0', 'vary': 'OpenStack-API-Version', 'content-length': '109', 'content-type': 'application/json', 'x-compute-request-id': 'req-62ccd543-77df-4c0b-94cf-9015206cb9ff', 'x-openstack-request-id': 'req-62ccd543-77df-4c0b-94cf-9015206cb9ff', 'connection': 'close', 'status': '404', 'content-location': 'http://172.21.16.48/volume/v3/volumes/c9025db7-9be1-4317-b129-a75d1a4b2f58'}
        Body: b'{"itemNotFound": {"code": 404, "message": "Volume c9025db7-9be1-4317-b129-a75d1a4b2f58 could not be found."}}'



======
Totals
======
Ran: 906 tests in 503.5081 sec.
 - Passed: 770
 - Skipped: 130
 - Expected Fail: 0
 - Unexpected Success: 0
 - Failed: 6
Sum of execute time for each test: 5469.1799 sec.

==============
Worker Balance
==============
 - Worker 0 (28 tests) => 0:03:49.727414
 - Worker 1 (21 tests) => 0:04:28.514702
 - Worker 2 (28 tests) => 0:01:14.717255
 - Worker 3 (9 tests) => 0:04:18.753488
 - Worker 4 (35 tests) => 0:03:13.687378
 - Worker 5 (28 tests) => 0:05:02.505057
 - Worker 6 (29 tests) => 0:08:23.412250
 - Worker 7 (60 tests) => 0:05:28.731783
 - Worker 8 (18 tests) => 0:05:48.953684
 - Worker 9 (32 tests) => 0:03:52.924711
 - Worker 10 (50 tests) => 0:03:41.758272
 - Worker 11 (17 tests) => 0:06:26.307515
 - Worker 12 (31 tests) => 0:02:26.176258
 - Worker 13 (19 tests) => 0:03:35.544527
 - Worker 14 (41 tests) => 0:00:46.220390
 - Worker 15 (70 tests) => 0:05:16.444024
 - Worker 16 (16 tests) => 0:02:13.829128
 - Worker 17 (23 tests) => 0:01:30.913343
 - Worker 18 (20 tests) => 0:04:26.345841
 - Worker 19 (14 tests) => 0:01:10.518387
 - Worker 20 (7 tests) => 0:01:03.367476
 - Worker 21 (11 tests) => 0:05:37.941312
 - Worker 22 (16 tests) => 0:04:58.693822
 - Worker 23 (16 tests) => 0:05:34.758318
 - Worker 24 (29 tests) => 0:04:12.292907
 - Worker 25 (27 tests) => 0:05:33.477353
 - Worker 26 (18 tests) => 0:03:34.119667
 - Worker 27 (16 tests) => 0:04:18.059539
 - Worker 28 (7 tests) => 0:01:50.927235
 - Worker 29 (28 tests) => 0:05:48.220773
 - Worker 30 (11 tests) => 0:03:12.368339
 - Worker 31 (10 tests) => 0:01:12.157726
 - Worker 32 (9 tests) => 0:01:13.394735
 - Worker 33 (11 tests) => 0:03:08.031373
 - Worker 34 (18 tests) => 0:02:46.581715
 - Worker 35 (21 tests) => 0:03:27.197977
 - Worker 36 (7 tests) => 0:01:00.066144
 - Worker 37 (18 tests) => 0:01:37.966198
 - Worker 38 (17 tests) => 0:05:10.168514
 - Worker 39 (20 tests) => 0:05:21.716096
ERROR: InvocationError for command /opt/stack/tempest/.tox/tempest/bin/tempest run --regex '(?!.*\[.*\bslow\b.*\])(^tempest\.api)' --exclude-list ./tools/tempest-integrated-gate-storage-exclude-list.txt (exited with code 1)
___________________________________ summary ____________________________________
ERROR:   integrated-storage: commands failed
