GERRIT_BRANCH: master
CINDER_BRANCH: refs/changes/07/969207/55
OS_BRICK_BRANCH: master
+ unset GREP_OPTIONS
+ unset LANG
+ unset LANGUAGE
+ LC_ALL=en_US.utf8
+ export LC_ALL
++ env
++ grep -E '^OS_'
++ cut -d = -f 1
+ unset OS_BRICK_BRANCH
+ umask 022
+ PATH=/usr/local/sbin:/usr/local/bin:/usr/sbin:/usr/bin:/sbin:/bin:/usr/games:/usr/local/games:/snap/bin:/usr/local/bin:/usr/local/sbin:/usr/sbin:/sbin
+++ dirname ./stack.sh
++ cd .
++ pwd
+ TOP_DIR=/home/slave/devstack
+ NOUNSET=
+ [[ -n '' ]]
++ date +%s
+ DEVSTACK_START_TIME=1787877586
+ [[ -r /home/slave/devstack/.stackenv ]]
+ FILES=/home/slave/devstack/files
+ '[' '!' -d /home/slave/devstack/files ']'
+ '[' '!' -d /home/slave/devstack/inc ']'
+ '[' '!' -d /home/slave/devstack/lib ']'
+ [[ '' == \y ]]
+ [[ 1001 -eq 0 ]]
+ [[ -n '' ]]
+ [[ -e /home/slave/.no-devstack ]]
+ LAST_SPINNER_PID=
+ source /home/slave/devstack/functions
++ [[ -z '' ]]
++ declare -r -g _DEVSTACK_FUNCTIONS=1
++++ dirname /home/slave/devstack/functions
+++ cd /home/slave/devstack
+++ pwd
++ FUNC_DIR=/home/slave/devstack
++ source /home/slave/devstack/functions-common
++++ set +o
++++ grep xtrace
+++ _XTRACE_FUNCTIONS_COMMON='set -o xtrace'
+++ set +o xtrace
++ source /home/slave/devstack/inc/ini-config
++++ set +o
++++ grep xtrace
+++ INC_CONF_TRACE='set -o xtrace'
+++ set +o xtrace
++ source /home/slave/devstack/inc/meta-config
++++ set +o
++++ grep xtrace
+++ _XTRACE_INC_META='set -o xtrace'
+++ set +o xtrace
++ source /home/slave/devstack/inc/python
++++ set +o
++++ grep xtrace
+++ INC_PY_TRACE='set -o xtrace'
+++ set +o xtrace
++ source /home/slave/devstack/inc/rootwrap
++++ set +o
++++ grep xtrace
+++ INC_ROOT_TRACE='set -o xtrace'
+++ set +o xtrace
++ source /home/slave/devstack/inc/async
++++ trueorfalse True DEVSTACK_PARALLEL
++++ local xtrace
+++++ set +o
+++++ grep xtrace
++++ xtrace='set -o xtrace'
++++ set +o xtrace
+++ DEVSTACK_PARALLEL=True
+++ _ASYNC_BG_TIME=0
+++ set +o
+++ grep xtrace
++ _XTRACE_FUNCTIONS='set -o xtrace'
++ set +o xtrace
+ source /home/slave/devstack/lib/stack
+ GetDistro
+ GetOSVersion
+ source /etc/os-release
++ PRETTY_NAME='Ubuntu 24.04.3 LTS'
++ NAME=Ubuntu
++ VERSION_ID=24.04
++ VERSION='24.04.3 LTS (Noble Numbat)'
++ VERSION_CODENAME=noble
++ ID=ubuntu
++ ID_LIKE=debian
++ HOME_URL=https://www.ubuntu.com/
++ SUPPORT_URL=https://help.ubuntu.com/
++ BUG_REPORT_URL=https://bugs.launchpad.net/ubuntu/
++ PRIVACY_POLICY_URL=https://www.ubuntu.com/legal/terms-and-policies/privacy-policy
++ UBUNTU_CODENAME=noble
++ LOGO=ubuntu-logo
+ [[ ubuntu =~ (almalinux|centos|rocky|rhel) ]]
+ _ensure_lsb_release
++ command -v lsb_release
+ [[ -x /usr/bin/lsb_release ]]
+ return
++ lsb_release -r -s
+ os_RELEASE=24.04
++ lsb_release -c -s
+ os_CODENAME=noble
++ lsb_release -i -s
+ os_VENDOR=Ubuntu
+ [[ Ubuntu =~ (Debian|Ubuntu) ]]
+ os_PACKAGE=deb
+ typeset -xr os_VENDOR
+ typeset -xr os_RELEASE
+ typeset -xr os_PACKAGE
+ typeset -xr os_CODENAME
+ [[ Ubuntu =~ (Ubuntu) ]]
+ DISTRO=noble
+ typeset -xr DISTRO
+ rm -f /home/slave/devstack/.localrc.auto
+ extract_localrc_section /home/slave/devstack/local.conf /home/slave/devstack/localrc /home/slave/devstack/.localrc.auto
+ local configfile=/home/slave/devstack/local.conf
+ local localrcfile=/home/slave/devstack/localrc
+ local localautofile=/home/slave/devstack/.localrc.auto
+ [[ -r /home/slave/devstack/local.conf ]]
++ get_meta_section_files /home/slave/devstack/local.conf local
++ local file=/home/slave/devstack/local.conf
++ local matchgroup=local
++ [[ -r /home/slave/devstack/local.conf ]]
++ awk -v matchgroup=local '
        /^\[\[.+\|.*\]\]/ {
            gsub("[][]", "", $1);
            split($1, a, "|");
            if (a[1] == matchgroup)
                print a[2]
        }
    ' /home/slave/devstack/local.conf
+ LRC=localrc
+ for lfile in $LRC
+ [[ localrc == \l\o\c\a\l\r\c ]]
+ [[ -r /home/slave/devstack/localrc ]]
+ echo '# Generated file, do not edit'
+ get_meta_section /home/slave/devstack/local.conf local localrc
+ local file=/home/slave/devstack/local.conf
+ local matchgroup=local
+ local configfile=localrc
+ [[ -r /home/slave/devstack/local.conf ]]
+ [[ -z localrc ]]
+ awk -v matchgroup=local -v configfile=localrc '
        BEGIN { group = "" }
        /^\[\[.+\|.*\]\]/ {
            gsub("[][]", "", $1);
            split($1, a, "|");
            if (a[1] == matchgroup && a[2] == configfile) {
                group=a[1]
            } else {
                group=""
            }
            next
        }
        {
            if (group != "")
                print $0
        }
    ' /home/slave/devstack/local.conf
+ [[ ! -r /home/slave/devstack/stackrc ]]
+ source /home/slave/devstack/stackrc
++ [[ -z '' ]]
++ declare -r -g _DEVSTACK_STACKRC=1
++++ dirname /home/slave/devstack/stackrc
+++ cd /home/slave/devstack
+++ pwd
++ RC_DIR=/home/slave/devstack
++ source /home/slave/devstack/functions
+++ [[ -z 1 ]]
+++ return 0
++ TARGET_BRANCH=master
++ TRAILING_TARGET_BRANCH=master
++ BRANCHLESS_TARGET_BRANCH=master
++ DEST=/opt/stack
++ DATA_DIR=/opt/stack/data
++ SERVICE_DIR=/opt/stack/status
++ SUBUNIT_OUTPUT=/opt/stack/devstack.subunit
++ [[ 1001 -eq 0 ]]
+++ whoami
++ STACK_USER=slave
++ REGION_NAME=RegionOne
++ KEYSTONE_REGION_NAME=RegionOne
++ isset ENABLED_SERVICES
++ [[ -v ENABLED_SERVICES ]]
++ ENABLED_SERVICES=key
++ ENABLED_SERVICES+=,n-api,n-cpu,n-cond,n-sch,n-novnc,n-api-meta
++ ENABLED_SERVICES+=,placement-api,placement-client
++ ENABLED_SERVICES+=,g-api
++ ENABLED_SERVICES+=,c-sch,c-api,c-vol
++ ENABLED_SERVICES+=,ovn-controller,ovn-northd,ovs-vswitchd,ovsdb-server
++ ENABLED_SERVICES+=,q-svc,q-ovn-agent
++ ENABLED_SERVICES+=,horizon
++ ENABLED_SERVICES+=,rabbit,tempest,mysql,etcd3,dstat
++ ENABLE_HTTPD_MOD_WSGI_SERVICES=True
++ NOVA_ENABLED_APIS=osapi_compute,metadata
++ [[ -f /home/slave/devstack/localrc ]]
++ [[ -f /home/slave/devstack/.localrc.auto ]]
++ source /home/slave/devstack/.localrc.auto
+++ SLAVE_PASSWD=ossdbg1stack
+++ ADMIN_PASSWORD=ossdbg1stack
+++ DATABASE_PASSWORD=ossdbg1stack
+++ RABBIT_PASSWORD=ossdbg1stack
+++ SERVICE_PASSWORD=ossdbg1stack
+++ LOGFILE=/opt/stack/logs/stack.sh.log
+++ LOGDAYS=2
+++ BRANCH=master
+++ CINDER_BRANCH=refs/changes/07/969207/55
+++ GLANCE_BRANCH=master
+++ HORIZON_BRANCH=master
+++ KEYSTONE_BRANCH=master
+++ KEYSTONECLIENT_BRANCH=master
+++ NOVA_BRANCH=master
+++ NOVACLIENT_BRANCH=master
+++ NEUTRON_BRANCH=master
+++ SWIFT_BRANCH=master
+++ LIBS_FROM_GIT=os-brick
+++ SWIFT_HASH=66a3d6b56c1f479c8b4e70ab5c2000f5
+++ SWIFT_REPLICAS=1
+++ SWIFT_DATA_DIR=/opt/stack/data
++ CELLSV2_SETUP=superconductor
++ HORIZON_APACHE_ROOT=/dashboard
+++ trueorfalse False USER_UNITS
+++ local xtrace
++++ set +o
++++ grep xtrace
+++ xtrace='set -o xtrace'
+++ set +o xtrace
++ USER_UNITS=False
++ [[ False == \T\r\u\e ]]
++ SYSTEMD_DIR=/etc/systemd/system
++ SYSTEMCTL='sudo systemctl'
++ [[ -r /home/slave/devstack/.localrc.password ]]
+++ _get_python_version python3
+++ local interp=python3
+++ local version
++++ which python3
+++ [[ -x /usr/bin/python3 ]]
++++ python3 -c 'import sys; print("%s.%s" % sys.version_info[0:2])'
+++ version=3.12
+++ echo 3.12
++ _DEFAULT_PYTHON3_VERSION=3.12
++ export PYTHON3_VERSION=3.12
++ PYTHON3_VERSION=3.12
++ export 'VIRTUALENV_CMD=python3.12 -m venv'
++ VIRTUALENV_CMD='python3.12 -m venv'
++ '[' -t 1 ']'
++ _LOG_COLOR_DEFAULT=False
+++ trueorfalse False LOG_COLOR
+++ local xtrace
++++ set +o
++++ grep xtrace
+++ xtrace='set -o xtrace'
+++ set +o xtrace
++ LOG_COLOR=False
++ [[ False == \T\r\u\e ]]
++ export 'PS4=+ $(short_source):   '
++ PS4='+ $(short_source):   '
+++ stackrc:source:168                       :   trueorfalse True ENFORCE_NEW_DEFAULTS
+++ functions-common:trueorfalse:224         :   local xtrace
++++ functions-common:trueorfalse:225         :   set +o
++++ functions-common:trueorfalse:225         :   grep xtrace
+++ functions-common:trueorfalse:225         :   xtrace='set -o xtrace'
+++ functions-common:trueorfalse:226         :   set +o xtrace
++ stackrc:source:168                       :   ENFORCE_NEW_DEFAULTS=True
++ stackrc:source:169                       :   [[ -n '' ]]
++ stackrc:source:178                       :   DEVSTACK_VENV=/opt/stack/data/venv
++ stackrc:source:184                       :   [[ Ubuntu =~ (CentOSStream|Rocky) ]]
+++ stackrc:source:187                       :   trueorfalse True GLOBAL_VENV
+++ functions-common:trueorfalse:224         :   local xtrace
++++ functions-common:trueorfalse:225         :   set +o
++++ functions-common:trueorfalse:225         :   grep xtrace
+++ functions-common:trueorfalse:225         :   xtrace='set -o xtrace'
+++ functions-common:trueorfalse:226         :   set +o xtrace
++ stackrc:source:187                       :   GLOBAL_VENV=True
+++ stackrc:source:194                       :   trueorfalse False USE_VENV
+++ functions-common:trueorfalse:224         :   local xtrace
++++ functions-common:trueorfalse:225         :   set +o
++++ functions-common:trueorfalse:225         :   grep xtrace
+++ functions-common:trueorfalse:225         :   xtrace='set -o xtrace'
+++ functions-common:trueorfalse:226         :   set +o xtrace
++ stackrc:source:194                       :   USE_VENV=False
++ stackrc:source:199                       :   ADDITIONAL_VENV_PACKAGES=
+++ stackrc:source:203                       :   trueorfalse False DATABASE_QUERY_LOGGING
+++ functions-common:trueorfalse:224         :   local xtrace
++++ functions-common:trueorfalse:225         :   set +o
++++ functions-common:trueorfalse:225         :   grep xtrace
+++ functions-common:trueorfalse:225         :   xtrace='set -o xtrace'
+++ functions-common:trueorfalse:226         :   set +o xtrace
++ stackrc:source:203                       :   DATABASE_QUERY_LOGGING=False
+++ stackrc:source:207                       :   trueorfalse True MYSQL_GATHER_PERFORMANCE
+++ functions-common:trueorfalse:224         :   local xtrace
++++ functions-common:trueorfalse:225         :   set +o
++++ functions-common:trueorfalse:225         :   grep xtrace
+++ functions-common:trueorfalse:225         :   xtrace='set -o xtrace'
+++ functions-common:trueorfalse:226         :   set +o xtrace
++ stackrc:source:207                       :   MYSQL_GATHER_PERFORMANCE=True
+++ stackrc:source:212                       :   trueorfalse True MYSQL_REDUCE_MEMORY
+++ functions-common:trueorfalse:224         :   local xtrace
++++ functions-common:trueorfalse:225         :   set +o
++++ functions-common:trueorfalse:225         :   grep xtrace
+++ functions-common:trueorfalse:225         :   xtrace='set -o xtrace'
+++ functions-common:trueorfalse:226         :   set +o xtrace
++ stackrc:source:212                       :   MYSQL_REDUCE_MEMORY=True
++ stackrc:source:223                       :   GIT_TIMEOUT=0
++ stackrc:source:229                       :   WSGI_MODE=uwsgi
++ stackrc:source:230                       :   [[ uwsgi != \u\w\s\g\i ]]
++ stackrc:source:238                       :   GIT_BASE=https://opendev.org
++ stackrc:source:241                       :   REQUIREMENTS_DIR=/opt/stack/requirements
++ stackrc:source:259                       :   DEVSTACK_SERIES=2026.2
++ stackrc:source:268                       :   CINDER_REPO=https://opendev.org/openstack/cinder.git
++ stackrc:source:269                       :   CINDER_BRANCH=refs/changes/07/969207/55
++ stackrc:source:272                       :   GLANCE_REPO=https://opendev.org/openstack/glance.git
++ stackrc:source:273                       :   GLANCE_BRANCH=master
++ stackrc:source:276                       :   HORIZON_REPO=https://opendev.org/openstack/horizon.git
++ stackrc:source:277                       :   HORIZON_BRANCH=master
++ stackrc:source:280                       :   KEYSTONE_REPO=https://opendev.org/openstack/keystone.git
++ stackrc:source:281                       :   KEYSTONE_BRANCH=master
++ stackrc:source:284                       :   NEUTRON_REPO=https://opendev.org/openstack/neutron.git
++ stackrc:source:285                       :   NEUTRON_BRANCH=master
++ stackrc:source:288                       :   NOVA_REPO=https://opendev.org/openstack/nova.git
++ stackrc:source:289                       :   NOVA_BRANCH=master
++ stackrc:source:292                       :   SWIFT_REPO=https://opendev.org/openstack/swift.git
++ stackrc:source:293                       :   SWIFT_BRANCH=master
++ stackrc:source:296                       :   PLACEMENT_REPO=https://opendev.org/openstack/placement.git
++ stackrc:source:297                       :   PLACEMENT_BRANCH=master
++ stackrc:source:306                       :   REQUIREMENTS_REPO=https://opendev.org/openstack/requirements.git
++ stackrc:source:307                       :   REQUIREMENTS_BRANCH=master
++ stackrc:source:310                       :   TEMPEST_REPO=https://opendev.org/openstack/tempest.git
++ stackrc:source:311                       :   TEMPEST_BRANCH=master
++ stackrc:source:312                       :   TEMPEST_VENV_UPPER_CONSTRAINTS=master
++ stackrc:source:314                       :   OSTESTIMAGES_REPO=https://opendev.org/openstack/os-test-images.git
++ stackrc:source:315                       :   OSTESTIMAGES_BRANCH=master
++ stackrc:source:316                       :   OSTESTIMAGES_DIR=/opt/stack/os-test-images
++ stackrc:source:326                       :   GITREPO["python-cinderclient"]=https://opendev.org/openstack/python-cinderclient.git
++ stackrc:source:327                       :   GITBRANCH["python-cinderclient"]=master
++ stackrc:source:330                       :   GITREPO["python-brick-cinderclient-ext"]=https://opendev.org/openstack/python-brick-cinderclient-ext.git
++ stackrc:source:331                       :   GITBRANCH["python-brick-cinderclient-ext"]=master
++ stackrc:source:334                       :   GITREPO["python-barbicanclient"]=https://opendev.org/openstack/python-barbicanclient.git
++ stackrc:source:335                       :   GITBRANCH["python-barbicanclient"]=master
++ stackrc:source:336                       :   GITDIR["python-barbicanclient"]=/opt/stack/python-barbicanclient
++ stackrc:source:339                       :   GITREPO["python-glanceclient"]=https://opendev.org/openstack/python-glanceclient.git
++ stackrc:source:340                       :   GITBRANCH["python-glanceclient"]=master
++ stackrc:source:343                       :   GITREPO["python-ironicclient"]=https://opendev.org/openstack/python-ironicclient.git
++ stackrc:source:344                       :   GITBRANCH["python-ironicclient"]=master
++ stackrc:source:346                       :   GITDIR["python-ironicclient"]=/opt/stack/python-ironicclient
++ stackrc:source:349                       :   GITREPO["keystoneauth"]=https://opendev.org/openstack/keystoneauth.git
++ stackrc:source:350                       :   GITBRANCH["keystoneauth"]=master
++ stackrc:source:353                       :   GITREPO["python-keystoneclient"]=https://opendev.org/openstack/python-keystoneclient.git
++ stackrc:source:354                       :   GITBRANCH["python-keystoneclient"]=master
++ stackrc:source:357                       :   GITREPO["python-neutronclient"]=https://opendev.org/openstack/python-neutronclient.git
++ stackrc:source:358                       :   GITBRANCH["python-neutronclient"]=master
++ stackrc:source:361                       :   GITREPO["python-novaclient"]=https://opendev.org/openstack/python-novaclient.git
++ stackrc:source:362                       :   GITBRANCH["python-novaclient"]=master
++ stackrc:source:365                       :   GITREPO["python-swiftclient"]=https://opendev.org/openstack/python-swiftclient.git
++ stackrc:source:366                       :   GITBRANCH["python-swiftclient"]=master
++ stackrc:source:369                       :   GITREPO["python-openstackclient"]=https://opendev.org/openstack/python-openstackclient.git
++ stackrc:source:370                       :   GITBRANCH["python-openstackclient"]=master
++ stackrc:source:372                       :   GITDIR["python-openstackclient"]=/opt/stack/python-openstackclient
++ stackrc:source:375                       :   GITREPO["osc-placement"]=https://opendev.org/openstack/osc-placement.git
++ stackrc:source:376                       :   GITBRANCH["osc-placement"]=master
++ stackrc:source:387                       :   GITREPO["castellan"]=https://opendev.org/openstack/castellan.git
++ stackrc:source:388                       :   GITBRANCH["castellan"]=master
++ stackrc:source:391                       :   GITREPO["cliff"]=https://opendev.org/openstack/cliff.git
++ stackrc:source:392                       :   GITBRANCH["cliff"]=master
++ stackrc:source:395                       :   GITREPO["futurist"]=https://opendev.org/openstack/futurist.git
++ stackrc:source:396                       :   GITBRANCH["futurist"]=master
++ stackrc:source:399                       :   GITREPO["debtcollector"]=https://opendev.org/openstack/debtcollector.git
++ stackrc:source:400                       :   GITBRANCH["debtcollector"]=master
++ stackrc:source:403                       :   GITREPO["etcd3gw"]=https://opendev.org/openstack/etcd3gw.git
++ stackrc:source:404                       :   GITBRANCH["etcd3gw"]=master
++ stackrc:source:407                       :   GITREPO["automaton"]=https://opendev.org/openstack/automaton.git
++ stackrc:source:408                       :   GITBRANCH["automaton"]=master
++ stackrc:source:411                       :   GITREPO["oslo.cache"]=https://opendev.org/openstack/oslo.cache.git
++ stackrc:source:412                       :   GITBRANCH["oslo.cache"]=master
++ stackrc:source:415                       :   GITREPO["oslo.concurrency"]=https://opendev.org/openstack/oslo.concurrency.git
++ stackrc:source:416                       :   GITBRANCH["oslo.concurrency"]=master
++ stackrc:source:419                       :   GITREPO["oslo.config"]=https://opendev.org/openstack/oslo.config.git
++ stackrc:source:420                       :   GITBRANCH["oslo.config"]=master
++ stackrc:source:423                       :   GITREPO["oslo.context"]=https://opendev.org/openstack/oslo.context.git
++ stackrc:source:424                       :   GITBRANCH["oslo.context"]=master
++ stackrc:source:427                       :   GITREPO["oslo.db"]=https://opendev.org/openstack/oslo.db.git
++ stackrc:source:428                       :   GITBRANCH["oslo.db"]=master
++ stackrc:source:431                       :   GITREPO["oslo.i18n"]=https://opendev.org/openstack/oslo.i18n.git
++ stackrc:source:432                       :   GITBRANCH["oslo.i18n"]=master
++ stackrc:source:435                       :   GITREPO["oslo.limit"]=https://opendev.org/openstack/oslo.limit.git
++ stackrc:source:436                       :   GITBRANCH["oslo.limit"]=master
++ stackrc:source:439                       :   GITREPO["oslo.log"]=https://opendev.org/openstack/oslo.log.git
++ stackrc:source:440                       :   GITBRANCH["oslo.log"]=master
++ stackrc:source:443                       :   GITREPO["oslo.messaging"]=https://opendev.org/openstack/oslo.messaging.git
++ stackrc:source:444                       :   GITBRANCH["oslo.messaging"]=master
++ stackrc:source:447                       :   GITREPO["oslo.middleware"]=https://opendev.org/openstack/oslo.middleware.git
++ stackrc:source:448                       :   GITBRANCH["oslo.middleware"]=master
++ stackrc:source:451                       :   GITREPO["oslo.policy"]=https://opendev.org/openstack/oslo.policy.git
++ stackrc:source:452                       :   GITBRANCH["oslo.policy"]=master
++ stackrc:source:455                       :   GITREPO["oslo.privsep"]=https://opendev.org/openstack/oslo.privsep.git
++ stackrc:source:456                       :   GITBRANCH["oslo.privsep"]=master
++ stackrc:source:459                       :   GITREPO["oslo.reports"]=https://opendev.org/openstack/oslo.reports.git
++ stackrc:source:460                       :   GITBRANCH["oslo.reports"]=master
++ stackrc:source:463                       :   GITREPO["oslo.rootwrap"]=https://opendev.org/openstack/oslo.rootwrap.git
++ stackrc:source:464                       :   GITBRANCH["oslo.rootwrap"]=master
++ stackrc:source:467                       :   GITREPO["oslo.serialization"]=https://opendev.org/openstack/oslo.serialization.git
++ stackrc:source:468                       :   GITBRANCH["oslo.serialization"]=master
++ stackrc:source:471                       :   GITREPO["oslo.service"]=https://opendev.org/openstack/oslo.service.git
++ stackrc:source:472                       :   GITBRANCH["oslo.service"]=master
++ stackrc:source:475                       :   GITREPO["oslo.utils"]=https://opendev.org/openstack/oslo.utils.git
++ stackrc:source:476                       :   GITBRANCH["oslo.utils"]=master
++ stackrc:source:479                       :   GITREPO["oslo.versionedobjects"]=https://opendev.org/openstack/oslo.versionedobjects.git
++ stackrc:source:480                       :   GITBRANCH["oslo.versionedobjects"]=master
++ stackrc:source:483                       :   GITREPO["oslo.vmware"]=https://opendev.org/openstack/oslo.vmware.git
++ stackrc:source:484                       :   GITBRANCH["oslo.vmware"]=master
++ stackrc:source:487                       :   GITREPO["osprofiler"]=https://opendev.org/openstack/osprofiler.git
++ stackrc:source:488                       :   GITBRANCH["osprofiler"]=master
++ stackrc:source:491                       :   GITREPO["pycadf"]=https://opendev.org/openstack/pycadf.git
++ stackrc:source:492                       :   GITBRANCH["pycadf"]=master
++ stackrc:source:495                       :   GITREPO["stevedore"]=https://opendev.org/openstack/stevedore.git
++ stackrc:source:496                       :   GITBRANCH["stevedore"]=master
++ stackrc:source:499                       :   GITREPO["taskflow"]=https://opendev.org/openstack/taskflow.git
++ stackrc:source:500                       :   GITBRANCH["taskflow"]=master
++ stackrc:source:503                       :   GITREPO["tooz"]=https://opendev.org/openstack/tooz.git
++ stackrc:source:504                       :   GITBRANCH["tooz"]=master
++ stackrc:source:507                       :   GITREPO["pbr"]=https://opendev.org/openstack/pbr.git
++ stackrc:source:508                       :   GITBRANCH["pbr"]=master
++ stackrc:source:518                       :   GITREPO["cursive"]=https://opendev.org/openstack/cursive.git
++ stackrc:source:519                       :   GITBRANCH["cursive"]=master
++ stackrc:source:522                       :   GITREPO["glance_store"]=https://opendev.org/openstack/glance_store.git
++ stackrc:source:523                       :   GITBRANCH["glance_store"]=master
++ stackrc:source:526                       :   GITREPO["keystonemiddleware"]=https://opendev.org/openstack/keystonemiddleware.git
++ stackrc:source:527                       :   GITBRANCH["keystonemiddleware"]=master
++ stackrc:source:530                       :   GITREPO["ceilometermiddleware"]=https://opendev.org/openstack/ceilometermiddleware.git
++ stackrc:source:531                       :   GITBRANCH["ceilometermiddleware"]=master
++ stackrc:source:532                       :   GITDIR["ceilometermiddleware"]=/opt/stack/ceilometermiddleware
++ stackrc:source:535                       :   GITREPO["openstacksdk"]=https://opendev.org/openstack/openstacksdk.git
++ stackrc:source:536                       :   GITBRANCH["openstacksdk"]=master
++ stackrc:source:539                       :   GITREPO["os-brick"]=https://opendev.org/openstack/os-brick.git
++ stackrc:source:540                       :   GITBRANCH["os-brick"]=master
++ stackrc:source:543                       :   GITREPO["os-client-config"]=https://opendev.org/openstack/os-client-config.git
++ stackrc:source:544                       :   GITBRANCH["os-client-config"]=master
++ stackrc:source:545                       :   GITDIR["os-client-config"]=/opt/stack/os-client-config
++ stackrc:source:548                       :   GITREPO["os-vif"]=https://opendev.org/openstack/os-vif.git
++ stackrc:source:549                       :   GITBRANCH["os-vif"]=master
++ stackrc:source:552                       :   GITREPO["osc-lib"]=https://opendev.org/openstack/osc-lib.git
++ stackrc:source:553                       :   GITBRANCH["osc-lib"]=master
++ stackrc:source:556                       :   GITREPO["ironic-lib"]=https://opendev.org/openstack/ironic-lib.git
++ stackrc:source:557                       :   GITBRANCH["ironic-lib"]=master
++ stackrc:source:559                       :   GITDIR["ironic-lib"]=/opt/stack/ironic-lib
++ stackrc:source:562                       :   GITREPO["diskimage-builder"]=https://opendev.org/openstack/diskimage-builder.git
++ stackrc:source:563                       :   GITBRANCH["diskimage-builder"]=master
++ stackrc:source:564                       :   GITDIR["diskimage-builder"]=/opt/stack/diskimage-builder
++ stackrc:source:567                       :   GITREPO["neutron-lib"]=https://opendev.org/openstack/neutron-lib.git
++ stackrc:source:568                       :   GITBRANCH["neutron-lib"]=master
++ stackrc:source:569                       :   GITDIR["neutron-lib"]=/opt/stack/neutron-lib
++ stackrc:source:572                       :   GITREPO["os-resource-classes"]=https://opendev.org/openstack/os-resource-classes.git
++ stackrc:source:573                       :   GITBRANCH["os-resource-classes"]=master
++ stackrc:source:576                       :   GITREPO["os-traits"]=https://opendev.org/openstack/os-traits.git
++ stackrc:source:577                       :   GITBRANCH["os-traits"]=master
++ stackrc:source:580                       :   GITREPO["ovsdbapp"]=https://opendev.org/openstack/ovsdbapp.git
++ stackrc:source:581                       :   GITBRANCH["ovsdbapp"]=master
++ stackrc:source:582                       :   GITDIR["ovsdbapp"]=/opt/stack/ovsdbapp
++ stackrc:source:585                       :   GITREPO["os-ken"]=https://opendev.org/openstack/os-ken.git
++ stackrc:source:586                       :   GITBRANCH["os-ken"]=master
++ stackrc:source:587                       :   GITDIR["os-ken"]=/opt/stack/os-ken
++ stackrc:source:599                       :   IRONIC_PYTHON_AGENT_REPO=https://opendev.org/openstack/ironic-python-agent.git
++ stackrc:source:600                       :   IRONIC_PYTHON_AGENT_BRANCH=master
++ stackrc:source:603                       :   NOVNC_REPO=https://github.com/novnc/novnc.git
++ stackrc:source:604                       :   NOVNC_BRANCH=v1.3.0
++ stackrc:source:607                       :   SPICE_REPO=http://anongit.freedesktop.org/git/spice/spice-html5.git
++ stackrc:source:608                       :   SPICE_BRANCH=master
+++ stackrc:source:614                       :   trueorfalse False ENABLE_VOLUME_MULTIATTACH
+++ functions-common:trueorfalse:224         :   local xtrace
++++ functions-common:trueorfalse:225         :   set +o
++++ functions-common:trueorfalse:225         :   grep xtrace
+++ functions-common:trueorfalse:225         :   xtrace='set -o xtrace'
+++ functions-common:trueorfalse:226         :   set +o xtrace
++ stackrc:source:614                       :   ENABLE_VOLUME_MULTIATTACH=False
++ stackrc:source:619                       :   DEFAULT_VIRT_DRIVER=libvirt
++ stackrc:source:620                       :   VIRT_DRIVER=libvirt
++ stackrc:source:621                       :   case "$VIRT_DRIVER" in
++ stackrc:source:623                       :   LIBVIRT_TYPE=kvm
++ stackrc:source:624                       :   LIBVIRT_CPU_MODE=custom
++ stackrc:source:625                       :   LIBVIRT_CPU_MODEL=Nehalem
++ stackrc:source:627                       :   [[ -z Ubuntu ]]
++ stackrc:source:631                       :   [[ Ubuntu =~ (Debian|Ubuntu) ]]
++ stackrc:source:632                       :   LIBVIRT_GROUP=libvirt
++ stackrc:source:671                       :   CIRROS_VERSION=0.6.3
+++ stackrc:source:672                       :   uname -m
++ stackrc:source:672                       :   CIRROS_ARCH=x86_64
+++ stackrc:source:677                       :   trueorfalse True DOWNLOAD_DEFAULT_IMAGES
+++ functions-common:trueorfalse:224         :   local xtrace
++++ functions-common:trueorfalse:225         :   set +o
++++ functions-common:trueorfalse:225         :   grep xtrace
+++ functions-common:trueorfalse:225         :   xtrace='set -o xtrace'
+++ functions-common:trueorfalse:226         :   set +o xtrace
++ stackrc:source:677                       :   DOWNLOAD_DEFAULT_IMAGES=True
++ stackrc:source:678                       :   [[ True == \T\r\u\e ]]
++ stackrc:source:679                       :   [[ -n '' ]]
++ stackrc:source:682                       :   case "$VIRT_DRIVER" in
++ stackrc:source:684                       :   case "$LIBVIRT_TYPE" in
++ stackrc:source:690                       :   DEFAULT_IMAGE_NAME=cirros-0.6.3-x86_64-disk
++ stackrc:source:691                       :   DEFAULT_IMAGE_FILE_NAME=cirros-0.6.3-x86_64-disk.img
++ stackrc:source:692                       :   IMAGE_URLS+=https://github.com/cirros-dev/cirros/releases/download/0.6.3/cirros-0.6.3-x86_64-disk.img
++ stackrc:source:705                       :   DOWNLOAD_DEFAULT_IMAGES=False
++ stackrc:source:714                       :   EXTRA_CACHE_URLS=
++ stackrc:source:717                       :   ETCD_VERSION=v3.5.21
++ stackrc:source:718                       :   ETCD_SHA256_AMD64=adddda4b06718e68671ffabff2f8cee48488ba61ad82900e639d108f2148501c
++ stackrc:source:719                       :   ETCD_SHA256_ARM64=95bf6918623a097c0385b96f139d90248614485e781ec9bee4768dbb6c79c53f
++ stackrc:source:720                       :   ETCD_SHA256_PPC64=6fb6ecb3d1b331eb177dc610a8efad3aceb1f836d6aeb439ba0bfac5d5c2a38c
++ stackrc:source:721                       :   ETCD_SHA256_S390X=a211a83961ba8a7e94f7d6343ad769e699db21a715ba4f3b68cf31ea28f9c951
++ stackrc:source:723                       :   is_arch x86_64
+++ functions-common:is_arch:519             :   uname -m
++ functions-common:is_arch:519             :   [[ x86_64 == \x\8\6\_\6\4 ]]
++ stackrc:source:724                       :   ETCD_ARCH=amd64
++ stackrc:source:725                       :   ETCD_SHA256=adddda4b06718e68671ffabff2f8cee48488ba61ad82900e639d108f2148501c
++ stackrc:source:738                       :   ETCD_PORT=2379
++ stackrc:source:739                       :   ETCD_PEER_PORT=2380
++ stackrc:source:740                       :   ETCD_DOWNLOAD_URL=https://github.com/etcd-io/etcd/releases/download
++ stackrc:source:741                       :   ETCD_NAME=etcd-v3.5.21-linux-amd64
++ stackrc:source:742                       :   ETCD_DOWNLOAD_FILE=etcd-v3.5.21-linux-amd64.tar.gz
++ stackrc:source:743                       :   ETCD_DOWNLOAD_LOCATION=https://github.com/etcd-io/etcd/releases/download/v3.5.21/etcd-v3.5.21-linux-amd64.tar.gz
++ stackrc:source:745                       :   EXTRA_CACHE_URLS+=,https://github.com/etcd-io/etcd/releases/download/v3.5.21/etcd-v3.5.21-linux-amd64.tar.gz
++ stackrc:source:748                       :   CACHE_BACKEND=dogpile.cache.memcached
++ stackrc:source:749                       :   MEMCACHE_SERVERS=localhost:11211
++ stackrc:source:752                       :   for image_url in ${IMAGE_URLS//,/ }
+++ stackrc:source:753                       :   echo https://github.com/cirros-dev/cirros/releases/download/0.6.3/cirros-0.6.3-x86_64-disk.img
+++ stackrc:source:753                       :   grep -o -F https://github.com/cirros-dev/cirros/releases/download/0.6.3/cirros-0.6.3-x86_64-disk.img
+++ stackrc:source:753                       :   wc -l
++ stackrc:source:753                       :   '[' 1 -gt 1 ']'
++ stackrc:source:759                       :   VOLUME_BACKING_FILE_SIZE=30G
++ stackrc:source:762                       :   VOLUME_NAME_PREFIX=volume-
++ stackrc:source:763                       :   INSTANCE_NAME_PREFIX=instance-
++ stackrc:source:766                       :   S3_SERVICE_PORT=3333
++ stackrc:source:769                       :   PRIVATE_NETWORK_NAME=private
++ stackrc:source:770                       :   PUBLIC_NETWORK_NAME=public
++ stackrc:source:772                       :   PUBLIC_INTERFACE=
++ stackrc:source:775                       :   SERVICE_PROTOCOL=http
+++ stackrc:source:781                       :   nproc
+++ stackrc:source:781                       :   nproc
++ stackrc:source:781                       :   API_WORKERS=10
++ stackrc:source:784                       :   SERVICE_TIMEOUT=60
++ stackrc:source:787                       :   NOVA_READY_TIMEOUT=60
++ stackrc:source:790                       :   SERVICE_GRACEFUL_SHUTDOWN_TIMEOUT=5
++ stackrc:source:793                       :   WORKER_TIMEOUT=80
+++ stackrc:source:801                       :   trueorfalse False OFFLINE
+++ functions-common:trueorfalse:224         :   local xtrace
++++ functions-common:trueorfalse:225         :   set +o
++++ functions-common:trueorfalse:225         :   grep xtrace
+++ functions-common:trueorfalse:225         :   xtrace='set -o xtrace'
+++ functions-common:trueorfalse:226         :   set +o xtrace
++ stackrc:source:801                       :   OFFLINE=False
+++ stackrc:source:806                       :   trueorfalse False ERROR_ON_CLONE
+++ functions-common:trueorfalse:224         :   local xtrace
++++ functions-common:trueorfalse:225         :   set +o
++++ functions-common:trueorfalse:225         :   grep xtrace
+++ functions-common:trueorfalse:225         :   xtrace='set -o xtrace'
+++ functions-common:trueorfalse:226         :   set +o xtrace
++ stackrc:source:806                       :   ERROR_ON_CLONE=False
+++ stackrc:source:809                       :   trueorfalse True ENABLE_DEBUG_LOG_LEVEL
+++ functions-common:trueorfalse:224         :   local xtrace
++++ functions-common:trueorfalse:225         :   set +o
++++ functions-common:trueorfalse:225         :   grep xtrace
+++ functions-common:trueorfalse:225         :   xtrace='set -o xtrace'
+++ functions-common:trueorfalse:226         :   set +o xtrace
++ stackrc:source:809                       :   ENABLE_DEBUG_LOG_LEVEL=True
++ stackrc:source:815                       :   FLOATING_RANGE=172.24.4.0/24
++ stackrc:source:816                       :   IPV4_ADDRS_SAFE_TO_USE=10.0.0.0/22
++ stackrc:source:817                       :   FIXED_RANGE=10.0.0.0/22
++ stackrc:source:818                       :   HOST_IP_IFACE=
++ stackrc:source:819                       :   HOST_IP=
++ stackrc:source:820                       :   HOST_IPV6=
+++ stackrc:source:822                       :   get_default_host_ip 10.0.0.0/22 172.24.4.0/24 '' '' inet
+++ functions-common:get_default_host_ip:760 :   local fixed_range=10.0.0.0/22
+++ functions-common:get_default_host_ip:761 :   local floating_range=172.24.4.0/24
+++ functions-common:get_default_host_ip:762 :   local host_ip_iface=
+++ functions-common:get_default_host_ip:763 :   local host_ip=
+++ functions-common:get_default_host_ip:764 :   local af=inet
+++ functions-common:get_default_host_ip:767 :   '[' -z '' -o '' == dhcp ']'
+++ functions-common:get_default_host_ip:768 :   host_ip=
++++ functions-common:get_default_host_ip:770 :   ip -f inet route list match default table all
++++ functions-common:get_default_host_ip:770 :   grep via
++++ functions-common:get_default_host_ip:770 :   awk '/default/ {print $5}'
++++ functions-common:get_default_host_ip:770 :   head -1
+++ functions-common:get_default_host_ip:770 :   host_ip_iface=enp4s0f1
+++ functions-common:get_default_host_ip:771 :   local host_ips
++++ functions-common:get_default_host_ip:772 :   LC_ALL=C
++++ functions-common:get_default_host_ip:772 :   sed /temporary/d
++++ functions-common:get_default_host_ip:772 :   awk '/inet/ {split($2,parts,"/");  print parts[1]}'
++++ functions-common:get_default_host_ip:772 :   ip -f inet addr show enp4s0f1
+++ functions-common:get_default_host_ip:772 :   host_ips=172.21.16.48
+++ functions-common:get_default_host_ip:773 :   local ip
+++ functions-common:get_default_host_ip:774 :   for ip in $host_ips
+++ functions-common:get_default_host_ip:781 :   [[ inet == \i\n\e\t\6 ]]
+++ functions-common:get_default_host_ip:785 :   address_in_net 172.21.16.48 10.0.0.0/22
+++ functions-common:address_in_net:2176     :   local ip=172.21.16.48
+++ functions-common:address_in_net:2177     :   local range=10.0.0.0/22
+++ functions-common:address_in_net:2178     :   local masklen=22
+++ functions-common:address_in_net:2179     :   local network
+++++ functions-common:address_in_net:2180     :   cidr2netmask 22
+++++ functions-common:cidr2netmask:2198       :   local 'maskpat=255 255 255 255'
+++++ functions-common:cidr2netmask:2199       :   local 'maskdgt=254 252 248 240 224 192 128'
+++++ functions-common:cidr2netmask:2200       :   set -- 255 255 252
+++++ functions-common:cidr2netmask:2201       :   echo 255.255.252.0
++++ functions-common:address_in_net:2180     :   maskip 10.0.0.0 255.255.252.0
++++ functions-common:maskip:2260             :   local ip=10.0.0.0
++++ functions-common:maskip:2261             :   local mask=255.255.252.0
++++ functions-common:maskip:2262             :   local l=10.0.0
++++ functions-common:maskip:2262             :   local r=0.0.0
++++ functions-common:maskip:2262             :   local n=255.255.252
++++ functions-common:maskip:2262             :   local m=255.252.0
++++ functions-common:maskip:2263             :   local subnet
++++ functions-common:maskip:2264             :   subnet=10.0.0.0
++++ functions-common:maskip:2265             :   echo 10.0.0.0
+++ functions-common:address_in_net:2180     :   network=10.0.0.0
+++ functions-common:address_in_net:2181     :   local subnet
+++++ functions-common:address_in_net:2182     :   cidr2netmask 22
+++++ functions-common:cidr2netmask:2198       :   local 'maskpat=255 255 255 255'
+++++ functions-common:cidr2netmask:2199       :   local 'maskdgt=254 252 248 240 224 192 128'
+++++ functions-common:cidr2netmask:2200       :   set -- 255 255 252
+++++ functions-common:cidr2netmask:2201       :   echo 255.255.252.0
++++ functions-common:address_in_net:2182     :   maskip 172.21.16.48 255.255.252.0
++++ functions-common:maskip:2260             :   local ip=172.21.16.48
++++ functions-common:maskip:2261             :   local mask=255.255.252.0
++++ functions-common:maskip:2262             :   local l=172.21.16
++++ functions-common:maskip:2262             :   local r=21.16.48
++++ functions-common:maskip:2262             :   local n=255.255.252
++++ functions-common:maskip:2262             :   local m=255.252.0
++++ functions-common:maskip:2263             :   local subnet
++++ functions-common:maskip:2264             :   subnet=172.21.16.0
++++ functions-common:maskip:2265             :   echo 172.21.16.0
+++ functions-common:address_in_net:2182     :   subnet=172.21.16.0
+++ functions-common:address_in_net:2183     :   [[ 10.0.0.0 == 172.21.16.0 ]]
+++ functions-common:get_default_host_ip:785 :   address_in_net 172.21.16.48 172.24.4.0/24
+++ functions-common:address_in_net:2176     :   local ip=172.21.16.48
+++ functions-common:address_in_net:2177     :   local range=172.24.4.0/24
+++ functions-common:address_in_net:2178     :   local masklen=24
+++ functions-common:address_in_net:2179     :   local network
+++++ functions-common:address_in_net:2180     :   cidr2netmask 24
+++++ functions-common:cidr2netmask:2198       :   local 'maskpat=255 255 255 255'
+++++ functions-common:cidr2netmask:2199       :   local 'maskdgt=254 252 248 240 224 192 128'
+++++ functions-common:cidr2netmask:2200       :   set -- 255 255 255
+++++ functions-common:cidr2netmask:2201       :   echo 255.255.255.0
++++ functions-common:address_in_net:2180     :   maskip 172.24.4.0 255.255.255.0
++++ functions-common:maskip:2260             :   local ip=172.24.4.0
++++ functions-common:maskip:2261             :   local mask=255.255.255.0
++++ functions-common:maskip:2262             :   local l=172.24.4
++++ functions-common:maskip:2262             :   local r=24.4.0
++++ functions-common:maskip:2262             :   local n=255.255.255
++++ functions-common:maskip:2262             :   local m=255.255.0
++++ functions-common:maskip:2263             :   local subnet
++++ functions-common:maskip:2264             :   subnet=172.24.4.0
++++ functions-common:maskip:2265             :   echo 172.24.4.0
+++ functions-common:address_in_net:2180     :   network=172.24.4.0
+++ functions-common:address_in_net:2181     :   local subnet
+++++ functions-common:address_in_net:2182     :   cidr2netmask 24
+++++ functions-common:cidr2netmask:2198       :   local 'maskpat=255 255 255 255'
+++++ functions-common:cidr2netmask:2199       :   local 'maskdgt=254 252 248 240 224 192 128'
+++++ functions-common:cidr2netmask:2200       :   set -- 255 255 255
+++++ functions-common:cidr2netmask:2201       :   echo 255.255.255.0
++++ functions-common:address_in_net:2182     :   maskip 172.21.16.48 255.255.255.0
++++ functions-common:maskip:2260             :   local ip=172.21.16.48
++++ functions-common:maskip:2261             :   local mask=255.255.255.0
++++ functions-common:maskip:2262             :   local l=172.21.16
++++ functions-common:maskip:2262             :   local r=21.16.48
++++ functions-common:maskip:2262             :   local n=255.255.255
++++ functions-common:maskip:2262             :   local m=255.255.0
++++ functions-common:maskip:2263             :   local subnet
++++ functions-common:maskip:2264             :   subnet=172.21.16.0
++++ functions-common:maskip:2265             :   echo 172.21.16.0
+++ functions-common:address_in_net:2182     :   subnet=172.21.16.0
+++ functions-common:address_in_net:2183     :   [[ 172.24.4.0 == 172.21.16.0 ]]
+++ functions-common:get_default_host_ip:786 :   host_ip=172.21.16.48
+++ functions-common:get_default_host_ip:787 :   break
+++ functions-common:get_default_host_ip:791 :   echo 172.21.16.48
++ stackrc:source:822                       :   HOST_IP=172.21.16.48
++ stackrc:source:823                       :   '[' 172.21.16.48 == '' ']'
+++ stackrc:source:827                       :   get_default_host_ip '' '' '' '' inet6
+++ functions-common:get_default_host_ip:760 :   local fixed_range=
+++ functions-common:get_default_host_ip:761 :   local floating_range=
+++ functions-common:get_default_host_ip:762 :   local host_ip_iface=
+++ functions-common:get_default_host_ip:763 :   local host_ip=
+++ functions-common:get_default_host_ip:764 :   local af=inet6
+++ functions-common:get_default_host_ip:767 :   '[' -z '' -o '' == dhcp ']'
+++ functions-common:get_default_host_ip:768 :   host_ip=
++++ functions-common:get_default_host_ip:770 :   ip -f inet6 route list match default table all
++++ functions-common:get_default_host_ip:770 :   grep via
++++ functions-common:get_default_host_ip:770 :   awk '/default/ {print $5}'
++++ functions-common:get_default_host_ip:770 :   head -1
+++ functions-common:get_default_host_ip:770 :   host_ip_iface=
+++ functions-common:get_default_host_ip:771 :   local host_ips
++++ functions-common:get_default_host_ip:772 :   LC_ALL=C
++++ functions-common:get_default_host_ip:772 :   sed /temporary/d
++++ functions-common:get_default_host_ip:772 :   awk '/inet6/ {split($2,parts,"/");  print parts[1]}'
++++ functions-common:get_default_host_ip:772 :   ip -f inet6 addr show
+++ functions-common:get_default_host_ip:772 :   host_ips='::1
fe80::2a7b:9ff:fec2:713c
fe80::2a7b:9ff:fec2:713d
fe80::10e4:9ff:fe4f:c55f
fe80::881b:9dff:fec5:37ab'
+++ functions-common:get_default_host_ip:773 :   local ip
+++ functions-common:get_default_host_ip:774 :   for ip in $host_ips
+++ functions-common:get_default_host_ip:781 :   [[ inet6 == \i\n\e\t\6 ]]
+++ functions-common:get_default_host_ip:782 :   host_ip=::1
+++ functions-common:get_default_host_ip:783 :   break
+++ functions-common:get_default_host_ip:791 :   echo ::1
++ stackrc:source:827                       :   HOST_IPV6=::1
+++ stackrc:source:830                       :   trueorfalse True NEUTRON_PORT_SECURITY
+++ functions-common:trueorfalse:224         :   local xtrace
++++ functions-common:trueorfalse:225         :   set +o
++++ functions-common:trueorfalse:225         :   grep xtrace
+++ functions-common:trueorfalse:225         :   xtrace='set -o xtrace'
+++ functions-common:trueorfalse:226         :   set +o xtrace
++ stackrc:source:830                       :   NEUTRON_PORT_SECURITY=True
++ stackrc:source:835                       :   SERVICE_IP_VERSION=4
++ stackrc:source:841                       :   [[ 4 != \4 ]]
++ stackrc:source:845                       :   [[ 4 == 4 ]]
++ stackrc:source:846                       :   DEF_SERVICE_HOST=172.21.16.48
++ stackrc:source:847                       :   DEF_SERVICE_LOCAL_HOST=127.0.0.1
++ stackrc:source:848                       :   DEF_SERVICE_LISTEN_ADDRESS=0.0.0.0
++ stackrc:source:851                       :   [[ 4 == 6 ]]
++ stackrc:source:862                       :   SERVICE_LISTEN_ADDRESS=0.0.0.0
++ stackrc:source:866                       :   SERVICE_HOST=172.21.16.48
++ stackrc:source:868                       :   SERVICE_LOCAL_HOST=127.0.0.1
++ stackrc:source:872                       :   TUNNEL_IP_VERSION=4
++ stackrc:source:875                       :   [[ 4 != \4 ]]
++ stackrc:source:879                       :   [[ 4 == 4 ]]
++ stackrc:source:880                       :   DEF_TUNNEL_ENDPOINT_IP=172.21.16.48
++ stackrc:source:883                       :   [[ 4 == 6 ]]
++ stackrc:source:894                       :   TUNNEL_ENDPOINT_IP=172.21.16.48
+++ stackrc:source:897                       :   trueorfalse False SYSLOG
+++ functions-common:trueorfalse:224         :   local xtrace
++++ functions-common:trueorfalse:225         :   set +o
++++ functions-common:trueorfalse:225         :   grep xtrace
+++ functions-common:trueorfalse:225         :   xtrace='set -o xtrace'
+++ functions-common:trueorfalse:226         :   set +o xtrace
++ stackrc:source:897                       :   SYSLOG=False
++ stackrc:source:898                       :   SYSLOG_HOST=172.21.16.48
++ stackrc:source:899                       :   SYSLOG_PORT=516
++ stackrc:source:903                       :   GIT_DEPTH=0
+++ stackrc:source:907                       :   trueorfalse True RECREATE_KEYSTONE_DB
+++ functions-common:trueorfalse:224         :   local xtrace
++++ functions-common:trueorfalse:225         :   set +o
++++ functions-common:trueorfalse:225         :   grep xtrace
+++ functions-common:trueorfalse:225         :   xtrace='set -o xtrace'
+++ functions-common:trueorfalse:226         :   set +o xtrace
++ stackrc:source:907                       :   RECREATE_KEYSTONE_DB=True
++ stackrc:source:919                       :   [[ -z '' ]]
++ stackrc:source:920                       :   default_logdir=/opt/stack/logs
++ stackrc:source:921                       :   [[ -z /opt/stack/logs/stack.sh.log ]]
++ stackrc:source:926                       :   LOGDIR=/opt/stack/logs
++ stackrc:source:927                       :   logfile=stack.sh.log
++ stackrc:source:928                       :   [[ -z /opt/stack/logs ]]
++ stackrc:source:928                       :   [[ /opt/stack/logs == \s\t\a\c\k\.\s\h\.\l\o\g ]]
++ stackrc:source:933                       :   unset default_logdir logfile
++ stackrc:source:939                       :   ULIMIT_NOFILE=2048
+ ./stack.sh:main:228                      :   write_devstack_version
+ functions:write_devstack_version:876     :   cat -
+ functions:write_devstack_version:876     :   sudo tee /etc/devstack-version
++ functions:write_devstack_version:876     :   git log '--format=%H %s %ci' -1
+ ./stack.sh:main:232                      :   SUPPORTED_DISTROS='trixie|bookworm|noble|resolute|rhel9|rhel10'
+ ./stack.sh:main:234                      :   [[ ! noble =~ trixie|bookworm|noble|resolute|rhel9|rhel10 ]]
+ ./stack.sh:main:245                      :   export_proxy_variables
+ functions-common:export_proxy_variables:2238 :   isset http_proxy
+ functions-common:isset:266               :   [[ -v http_proxy ]]
+ functions-common:export_proxy_variables:2241 :   isset https_proxy
+ functions-common:isset:266               :   [[ -v https_proxy ]]
+ functions-common:export_proxy_variables:2244 :   isset no_proxy
+ functions-common:isset:266               :   [[ -v no_proxy ]]
+ ./stack.sh:main:250                      :   disable_negated_services
+ functions-common:disable_negated_services:1943 :   local xtrace
++ functions-common:disable_negated_services:1944 :   set +o
++ functions-common:disable_negated_services:1944 :   grep xtrace
+ functions-common:disable_negated_services:1944 :   xtrace='set -o xtrace'
+ functions-common:disable_negated_services:1945 :   set +o xtrace
+ ./stack.sh:main:257                      :   is_package_installed sudo
+ functions-common:is_package_installed:1447 :   [[ -z sudo ]]
+ functions-common:is_package_installed:1451 :   [[ -z deb ]]
+ functions-common:is_package_installed:1455 :   [[ deb = \d\e\b ]]
+ functions-common:is_package_installed:1456 :   dpkg -s sudo
+ ./stack.sh:main:260                      :   sudo grep -q '^#includedir.*/etc/sudoers.d' /etc/sudoers
+ ./stack.sh:main:264                      :   [[ -n '' ]]
++ ./stack.sh:main:273                      :   mktemp
+ ./stack.sh:main:273                      :   TEMPFILE=/tmp/tmp.41HRC5kSMd
+ ./stack.sh:main:274                      :   echo 'slave ALL=(root) NOPASSWD:ALL'
+ ./stack.sh:main:277                      :   echo 'Defaults:slave secure_path=/sbin:/usr/sbin:/usr/bin:/bin:/usr/local/sbin:/usr/local/bin'
+ ./stack.sh:main:279                      :   is_sudo_rs
+ functions-common:is_sudo_rs:564          :   sudo --version
+ functions-common:is_sudo_rs:564          :   grep -q '^sudo-rs '
+ ./stack.sh:main:280                      :   echo 'Defaults:slave !requiretty'
+ ./stack.sh:main:282                      :   chmod 0440 /tmp/tmp.41HRC5kSMd
+ ./stack.sh:main:283                      :   sudo chown root:root /tmp/tmp.41HRC5kSMd
+ ./stack.sh:main:284                      :   sudo mv /tmp/tmp.41HRC5kSMd /etc/sudoers.d/50_stack_sh
+ ./stack.sh:main:290                      :   is_ubuntu
+ functions-common:is_ubuntu:546           :   [[ -z deb ]]
+ functions-common:is_ubuntu:549           :   '[' deb = deb ']'
+ ./stack.sh:main:291                      :   echo 'APT::Acquire::Retries "20";'
+ ./stack.sh:main:291                      :   sudo tee /etc/apt/apt.conf.d/80retry
+ ./stack.sh:main:332                      :   DEST=/opt/stack
+ ./stack.sh:main:337                      :   [[ ! -d /opt/stack ]]
+ ./stack.sh:main:344                      :   [[ -n /opt/stack/logs ]]
+ ./stack.sh:main:345                      :   sudo mkdir -p /opt/stack/logs
+ ./stack.sh:main:346                      :   safe_chown -R slave /opt/stack/logs
+ functions-common:safe_chown:2321         :   _safe_permission_operation chown -R slave /opt/stack/logs
+ functions-common:_safe_permission_operation:2146 :   local xtrace
++ functions-common:_safe_permission_operation:2147 :   set +o
++ functions-common:_safe_permission_operation:2147 :   grep xtrace
+ functions-common:_safe_permission_operation:2147 :   xtrace='set -o xtrace'
+ functions-common:_safe_permission_operation:2148 :   set +o xtrace
+ functions-common:_safe_permission_operation:2169 :   sudo chown -R slave /opt/stack/logs
+ ./stack.sh:main:347                      :   safe_chmod 0755 /opt/stack/logs
+ functions-common:safe_chmod:2315         :   _safe_permission_operation chmod 0755 /opt/stack/logs
+ functions-common:_safe_permission_operation:2146 :   local xtrace
++ functions-common:_safe_permission_operation:2147 :   set +o
++ functions-common:_safe_permission_operation:2147 :   grep xtrace
+ functions-common:_safe_permission_operation:2147 :   xtrace='set -o xtrace'
+ functions-common:_safe_permission_operation:2148 :   set +o xtrace
+ functions-common:_safe_permission_operation:2169 :   sudo chmod 0755 /opt/stack/logs
+ ./stack.sh:main:351                      :   DATA_DIR=/opt/stack/data
+ ./stack.sh:main:352                      :   [[ ! -d /opt/stack/data ]]
+ ./stack.sh:main:353                      :   sudo mkdir -p /opt/stack/data
+ ./stack.sh:main:354                      :   safe_chown -R slave /opt/stack/data
+ functions-common:safe_chown:2321         :   _safe_permission_operation chown -R slave /opt/stack/data
+ functions-common:_safe_permission_operation:2146 :   local xtrace
++ functions-common:_safe_permission_operation:2147 :   set +o
++ functions-common:_safe_permission_operation:2147 :   grep xtrace
+ functions-common:_safe_permission_operation:2147 :   xtrace='set -o xtrace'
+ functions-common:_safe_permission_operation:2148 :   set +o xtrace
+ functions-common:_safe_permission_operation:2169 :   sudo chown -R slave /opt/stack/data
+ ./stack.sh:main:355                      :   safe_chmod 0755 /opt/stack/data
+ functions-common:safe_chmod:2315         :   _safe_permission_operation chmod 0755 /opt/stack/data
+ functions-common:_safe_permission_operation:2146 :   local xtrace
++ functions-common:_safe_permission_operation:2147 :   set +o
++ functions-common:_safe_permission_operation:2147 :   grep xtrace
+ functions-common:_safe_permission_operation:2147 :   xtrace='set -o xtrace'
+ functions-common:_safe_permission_operation:2148 :   set +o xtrace
+ functions-common:_safe_permission_operation:2169 :   sudo chmod 0755 /opt/stack/data
+ ./stack.sh:main:359                      :   async_init
+ inc/async:async_init:217                 :   local async_dir=/opt/stack/async
+ inc/async:async_init:220                 :   rm -Rf /opt/stack/async
+ inc/async:async_init:223                 :   mkdir -p /opt/stack/async
++ ./stack.sh:main:364                      :   hostname -s
+ ./stack.sh:main:364                      :   LOCAL_HOSTNAME=zteusr
+ ./stack.sh:main:365                      :   grep -Fqwe zteusr /etc/hosts
++ ./stack.sh:main:372                      :   trueorfalse False SKIP_EPEL_INSTALL
++ functions-common:trueorfalse:224         :   local xtrace
+++ functions-common:trueorfalse:225         :   set +o
+++ functions-common:trueorfalse:225         :   grep xtrace
++ functions-common:trueorfalse:225         :   xtrace='set -o xtrace'
++ functions-common:trueorfalse:226         :   set +o xtrace
+ ./stack.sh:main:372                      :   SKIP_EPEL_INSTALL=False
+ ./stack.sh:main:374                      :   [[ noble == \r\h\e\l\9 ]]
+ ./stack.sh:main:388                      :   [[ noble == \r\h\e\l\1\0 ]]
+ ./stack.sh:main:393                      :   [[ noble == \o\p\e\n\E\u\l\e\r\-\2\2\.\0\3 ]]
+ ./stack.sh:main:410                      :   install_python
+ inc/python:install_python:482            :   install_python3
+ inc/python:install_python3:488           :   is_ubuntu
+ functions-common:is_ubuntu:546           :   [[ -z deb ]]
+ functions-common:is_ubuntu:549           :   '[' deb = deb ']'
+ inc/python:install_python3:489           :   apt_get install python3.12 python3.12-dev
+ functions-common:apt_get:1194            :   local xtrace result
++ functions-common:apt_get:1195            :   set +o
++ functions-common:apt_get:1195            :   grep xtrace
+ functions-common:apt_get:1195            :   xtrace='set -o xtrace'
+ functions-common:apt_get:1196            :   set +o xtrace
+ functions-common:apt_get:1207            :   sudo DEBIAN_FRONTEND=noninteractive http_proxy= https_proxy= no_proxy= apt-get --option Dpkg::Options::=--force-confold --assume-yes install python3.12 python3.12-dev
Reading package lists...
Building dependency tree...
Reading state information...
python3.12 is already the newest version (3.12.3-1ubuntu0.16).
python3.12-dev is already the newest version (3.12.3-1ubuntu0.16).
The following packages were automatically installed and are no longer required:
  alembic keystone-common pycadf-common python3-alembic python3-amqp
  python3-aniso8601 python3-asgiref python3-bs4 python3-cssselect
  python3-debtcollector python3-decorator python3-defusedxml python3-dnspython
  python3-dogpile.cache python3-elementpath python3-eventlet python3-fasteners
  python3-flask python3-flask-restful python3-futurist python3-greenlet
  python3-html5lib python3-iso8601 python3-itsdangerous python3-keystoneauth1
  python3-keystoneclient python3-keystonemiddleware python3-kombu python3-ldap
  python3-lxml python3-mako python3-memcache python3-migrate python3-monotonic
  python3-msgpack python3-os-service-types python3-oslo.cache
  python3-oslo.concurrency python3-oslo.config python3-oslo.context
  python3-oslo.db python3-oslo.i18n python3-oslo.log python3-oslo.metrics
  python3-oslo.middleware python3-oslo.policy python3-oslo.serialization
  python3-oslo.upgradecheck python3-oslo.utils python3-osprofiler
  python3-passlib python3-paste python3-pastedeploy python3-pastedeploy-tpl
  python3-pastescript python3-prometheus-client python3-pyasyncore
  python3-pycadf python3-pyinotify python3-pymysql python3-pysaml2
  python3-repoze.lru python3-rfc3986 python3-routes python3-scrypt
  python3-simplejson python3-soupsieve python3-sqlalchemy
  python3-sqlalchemy-ext python3-sqlparse python3-statsd python3-tempita
  python3-tenacity python3-testscenarios python3-vine python3-webencodings
  python3-webob python3-werkzeug python3-wrapt python3-xmlschema xmlsec1
Use 'sudo apt autoremove' to remove them.
0 upgraded, 0 newly installed, 0 to remove and 80 not upgraded.
+ functions-common:apt_get:1211            :   result=0
+ functions-common:apt_get:1214            :   time_stop apt-get
+ functions-common:time_stop:2420          :   local name
+ functions-common:time_stop:2421          :   local end_time
+ functions-common:time_stop:2422          :   local elapsed_time
+ functions-common:time_stop:2423          :   local total
+ functions-common:time_stop:2424          :   local start_time
+ functions-common:time_stop:2426          :   name=apt-get
+ functions-common:time_stop:2427          :   start_time=1787877588065
+ functions-common:time_stop:2429          :   [[ -z 1787877588065 ]]
++ functions-common:time_stop:2432          :   date +%s%3N
+ functions-common:time_stop:2432          :   end_time=1787877588625
+ functions-common:time_stop:2433          :   elapsed_time=560
+ functions-common:time_stop:2434          :   total=0
+ functions-common:time_stop:2436          :   _TIME_START[$name]=
+ functions-common:time_stop:2437          :   _TIME_TOTAL[$name]=560
+ functions-common:apt_get:1215            :   return 0
++ inc/python:install_python:483            :   which python3.12
+ inc/python:install_python:483            :   export PYTHON=/usr/bin/python3.12
+ inc/python:install_python:483            :   PYTHON=/usr/bin/python3.12
++ ./stack.sh:main:417                      :   trueorfalse True VERBOSE
++ functions-common:trueorfalse:224         :   local xtrace
+++ functions-common:trueorfalse:225         :   set +o
+++ functions-common:trueorfalse:225         :   grep xtrace
++ functions-common:trueorfalse:225         :   xtrace='set -o xtrace'
++ functions-common:trueorfalse:226         :   set +o xtrace
+ ./stack.sh:main:417                      :   VERBOSE=True
++ ./stack.sh:main:418                      :   trueorfalse False VERBOSE
++ functions-common:trueorfalse:224         :   local xtrace
+++ functions-common:trueorfalse:225         :   set +o
+++ functions-common:trueorfalse:225         :   grep xtrace
++ functions-common:trueorfalse:225         :   xtrace='set -o xtrace'
++ functions-common:trueorfalse:226         :   set +o xtrace
+ ./stack.sh:main:418                      :   VERBOSE_NO_TIMESTAMP=True
+ ./stack.sh:main:464                      :   TIMESTAMP_FORMAT=%F-%H%M%S
+ ./stack.sh:main:465                      :   LOGDAYS=2
++ ./stack.sh:main:466                      :   date +%F-%H%M%S
+ ./stack.sh:main:466                      :   CURRENT_LOG_TIME=2026-08-28-083948
+ ./stack.sh:main:468                      :   [[ -n /opt/stack/logs/stack.sh.log ]]
+ ./stack.sh:main:471                      :   LOGFILE_DIR=/opt/stack/logs
+ ./stack.sh:main:472                      :   LOGFILE_NAME=stack.sh.log
+ ./stack.sh:main:473                      :   mkdir -p /opt/stack/logs
+ ./stack.sh:main:474                      :   find /opt/stack/logs -maxdepth 1 -name 'stack.sh.log.*' -mtime +2 -exec rm '{}' ';'
+ ./stack.sh:main:475                      :   LOGFILE=/opt/stack/logs/stack.sh.log.2026-08-28-083948
+ ./stack.sh:main:476                      :   SUMFILE=/opt/stack/logs/stack.sh.log.2026-08-28-083948.summary.2026-08-28-083948
+ ./stack.sh:main:482                      :   exec
+ ./stack.sh:main:483                      :   [[ True == \T\r\u\e ]]
+ ./stack.sh:main:484                      :   _of_args=-v
+ ./stack.sh:main:485                      :   [[ True == \T\r\u\e ]]
+ ./stack.sh:main:486                      :   _of_args='-v --no-timestamp'
+ ./stack.sh:main:489                      :   exec
++ ./stack.sh:main:489                      :   /usr/bin/python3.12 /home/slave/devstack/tools/outfilter.py -v --no-timestamp -o /opt/stack/logs/stack.sh.log.2026-08-28-083948
+ ./stack.sh:main:491                      :   exec
+ ./stack.sh:main:499                      :   echo_summary 'stack.sh log /opt/stack/logs/stack.sh.log.2026-08-28-083948'
++ ./stack.sh:main:491                      :   /usr/bin/python3.12 /home/slave/devstack/tools/outfilter.py -o /opt/stack/logs/stack.sh.log.2026-08-28-083948.summary.2026-08-28-083948
+ ./stack.sh:echo_summary:444              :   [[ -t 3 ]]
+ ./stack.sh:echo_summary:450              :   echo -e stack.sh log /opt/stack/logs/stack.sh.log.2026-08-28-083948
+ ./stack.sh:main:501                      :   ln -sf /opt/stack/logs/stack.sh.log.2026-08-28-083948 /opt/stack/logs/stack.sh.log
+ ./stack.sh:main:502                      :   ln -sf /opt/stack/logs/stack.sh.log.2026-08-28-083948.summary.2026-08-28-083948 /opt/stack/logs/stack.sh.log.summary
+ ./stack.sh:main:517                      :   check_path_perm_sanity /opt/stack
+ functions:check_path_perm_sanity:615     :   local real_path
++ functions:check_path_perm_sanity:616     :   readlink -f /opt/stack
+ functions:check_path_perm_sanity:616     :   real_path=/opt/stack
+ functions:check_path_perm_sanity:617     :   local rebuilt_path=
++ functions:check_path_perm_sanity:618     :   echo /opt/stack
++ functions:check_path_perm_sanity:618     :   tr / ' '
+ functions:check_path_perm_sanity:618     :   for i in $(echo ${real_path} | tr "/" " ")
+ functions:check_path_perm_sanity:619     :   rebuilt_path=/opt
++ functions:check_path_perm_sanity:621     :   stat -c %a /opt
+ functions:check_path_perm_sanity:621     :   [[ 755 = 700 ]]
+ functions:check_path_perm_sanity:618     :   for i in $(echo ${real_path} | tr "/" " ")
+ functions:check_path_perm_sanity:619     :   rebuilt_path=/opt/stack
++ functions:check_path_perm_sanity:621     :   stat -c %a /opt/stack
+ functions:check_path_perm_sanity:621     :   [[ 755 = 700 ]]
+ ./stack.sh:main:523                      :   trap exit_trap EXIT
+ ./stack.sh:main:564                      :   trap err_trap ERR
+ ./stack.sh:main:577                      :   set -o errexit
+ ./stack.sh:main:580                      :   uname -a
Linux zteusr 6.8.0-137-generic #137-Ubuntu SMP PREEMPT_DYNAMIC Fri Jul 17 20:28:23 UTC 2026 x86_64 x86_64 x86_64 GNU/Linux
+ ./stack.sh:main:583                      :   SSL_BUNDLE_FILE=/opt/stack/data/ca-bundle.pem
+ ./stack.sh:main:584                      :   rm -f /opt/stack/data/ca-bundle.pem
+ ./stack.sh:main:587                      :   source /home/slave/devstack/lib/database
+ ./stack.sh:main:588                      :   source /home/slave/devstack/lib/rpc_backend
+ ./stack.sh:main:591                      :   source /home/slave/devstack/lib/host
+++ lib/host:source:12                       :   trueorfalse True ENABLE_KSM
++ lib/host:source:12                       :   ENABLE_KSM=True
+++ lib/host:source:13                       :   trueorfalse True ENABLE_KSMTUNED
++ lib/host:source:13                       :   ENABLE_KSMTUNED=True
+++ lib/host:source:56                       :   trueorfalse False ENABLE_ZSWAP
++ lib/host:source:56                       :   ENABLE_ZSWAP=False
++ lib/host:source:59                       :   ZSWAP_COMPRESSOR=lz4
++ lib/host:source:60                       :   ZSWAP_ZPOOL=zsmalloc
+++ lib/host:source:82                       :   trueorfalse False ENABLE_SYSCTL_MEM_TUNING
++ lib/host:source:82                       :   ENABLE_SYSCTL_MEM_TUNING=False
+++ lib/host:source:104                      :   trueorfalse False ENABLE_SYSCTL_NET_TUNING
++ lib/host:source:104                      :   ENABLE_SYSCTL_NET_TUNING=False
+ ./stack.sh:main:594                      :   tune_host
+ lib/host:tune_host:125                   :   configure_host_mem
+ lib/host:configure_host_mem:99           :   configure_zswap
+ lib/host:configure_zswap:69              :   [[ False == \T\r\u\e ]]
+ lib/host:configure_host_mem:100          :   configure_ksm
+ lib/host:configure_ksm:39                :   [[ True == \T\r\u\e ]]
+ lib/host:configure_ksm:40                :   install_package ksmtuned
+ functions-common:install_package:1438    :   update_package_repo
+ functions-common:update_package_repo:1412 :   NO_UPDATE_REPOS=False
+ functions-common:update_package_repo:1413 :   REPOS_UPDATED=False
+ functions-common:update_package_repo:1414 :   RETRY_UPDATE=False
+ functions-common:update_package_repo:1416 :   [[ False = \T\r\u\e ]]
+ functions-common:update_package_repo:1420 :   is_ubuntu
+ functions-common:is_ubuntu:546           :   [[ -z deb ]]
+ functions-common:is_ubuntu:549           :   '[' deb = deb ']'
+ functions-common:update_package_repo:1421 :   apt_get_update
+ functions-common:apt_get_update:1166     :   [[ False == \T\r\u\e ]]
+ functions-common:apt_get_update:1171     :   [[ False = \T\r\u\e ]]
+ functions-common:apt_get_update:1173     :   local sudo=sudo
++ functions-common:apt_get_update:1174     :   id -u
+ functions-common:apt_get_update:1174     :   [[ 1001 = \0 ]]
+ functions-common:apt_get_update:1177     :   time_start apt-get-update
+ functions-common:time_start:2406         :   local name=apt-get-update
+ functions-common:time_start:2407         :   local start_time=
+ functions-common:time_start:2408         :   [[ -n '' ]]
++ functions-common:time_start:2411         :   date +%s%3N
+ functions-common:time_start:2411         :   _TIME_START[$name]=1787877588913
+ functions-common:apt_get_update:1179     :   local 'proxies=http_proxy= https_proxy= no_proxy= '
+ functions-common:apt_get_update:1180     :   local 'update_cmd=sudo http_proxy= https_proxy= no_proxy=  apt-get update'
+ functions-common:apt_get_update:1181     :   timeout 300 sh -c 'while ! sudo http_proxy= https_proxy= no_proxy=  apt-get update; do sleep 30; done'
Hit:1 http://archive.ubuntu.com/ubuntu noble InRelease
Hit:2 http://security.ubuntu.com/ubuntu noble-security InRelease
Hit:3 http://archive.ubuntu.com/ubuntu noble-updates InRelease
Hit:4 http://archive.ubuntu.com/ubuntu noble-backports InRelease
Reading package lists...
+ functions-common:apt_get_update:1185     :   REPOS_UPDATED=True
+ functions-common:apt_get_update:1187     :   time_stop apt-get-update
+ functions-common:time_stop:2420          :   local name
+ functions-common:time_stop:2421          :   local end_time
+ functions-common:time_stop:2422          :   local elapsed_time
+ functions-common:time_stop:2423          :   local total
+ functions-common:time_stop:2424          :   local start_time
+ functions-common:time_stop:2426          :   name=apt-get-update
+ functions-common:time_stop:2427          :   start_time=1787877588913
+ functions-common:time_stop:2429          :   [[ -z 1787877588913 ]]
++ functions-common:time_stop:2432          :   date +%s%3N
+ functions-common:time_stop:2432          :   end_time=1787877593638
+ functions-common:time_stop:2433          :   elapsed_time=4725
+ functions-common:time_stop:2434          :   total=0
+ functions-common:time_stop:2436          :   _TIME_START[$name]=
+ functions-common:time_stop:2437          :   _TIME_TOTAL[$name]=4725
+ functions-common:install_package:1439    :   real_install_package ksmtuned
+ functions-common:real_install_package:1426 :   is_ubuntu
+ functions-common:is_ubuntu:546           :   [[ -z deb ]]
+ functions-common:is_ubuntu:549           :   '[' deb = deb ']'
+ functions-common:real_install_package:1427 :   apt_get install ksmtuned
+ functions-common:apt_get:1207            :   sudo DEBIAN_FRONTEND=noninteractive http_proxy= https_proxy= no_proxy= apt-get --option Dpkg::Options::=--force-confold --assume-yes install ksmtuned
Reading package lists...
Building dependency tree...
Reading state information...
ksmtuned is already the newest version (4.20150326).
The following packages were automatically installed and are no longer required:
  alembic keystone-common pycadf-common python3-alembic python3-amqp
  python3-aniso8601 python3-asgiref python3-bs4 python3-cssselect
  python3-debtcollector python3-decorator python3-defusedxml python3-dnspython
  python3-dogpile.cache python3-elementpath python3-eventlet python3-fasteners
  python3-flask python3-flask-restful python3-futurist python3-greenlet
  python3-html5lib python3-iso8601 python3-itsdangerous python3-keystoneauth1
  python3-keystoneclient python3-keystonemiddleware python3-kombu python3-ldap
  python3-lxml python3-mako python3-memcache python3-migrate python3-monotonic
  python3-msgpack python3-os-service-types python3-oslo.cache
  python3-oslo.concurrency python3-oslo.config python3-oslo.context
  python3-oslo.db python3-oslo.i18n python3-oslo.log python3-oslo.metrics
  python3-oslo.middleware python3-oslo.policy python3-oslo.serialization
  python3-oslo.upgradecheck python3-oslo.utils python3-osprofiler
  python3-passlib python3-paste python3-pastedeploy python3-pastedeploy-tpl
  python3-pastescript python3-prometheus-client python3-pyasyncore
  python3-pycadf python3-pyinotify python3-pymysql python3-pysaml2
  python3-repoze.lru python3-rfc3986 python3-routes python3-scrypt
  python3-simplejson python3-soupsieve python3-sqlalchemy
  python3-sqlalchemy-ext python3-sqlparse python3-statsd python3-tempita
  python3-tenacity python3-testscenarios python3-vine python3-webencodings
  python3-webob python3-werkzeug python3-wrapt python3-xmlschema xmlsec1
Use 'sudo apt autoremove' to remove them.
0 upgraded, 0 newly installed, 0 to remove and 80 not upgraded.
+ functions-common:apt_get:1211            :   result=0
+ functions-common:apt_get:1214            :   time_stop apt-get
+ functions-common:time_stop:2420          :   local name
+ functions-common:time_stop:2421          :   local end_time
+ functions-common:time_stop:2422          :   local elapsed_time
+ functions-common:time_stop:2423          :   local total
+ functions-common:time_stop:2424          :   local start_time
+ functions-common:time_stop:2426          :   name=apt-get
+ functions-common:time_stop:2427          :   start_time=1787877593666
+ functions-common:time_stop:2429          :   [[ -z 1787877593666 ]]
++ functions-common:time_stop:2432          :   date +%s%3N
+ functions-common:time_stop:2432          :   end_time=1787877594221
+ functions-common:time_stop:2433          :   elapsed_time=555
+ functions-common:time_stop:2434          :   total=560
+ functions-common:time_stop:2436          :   _TIME_START[$name]=
+ functions-common:time_stop:2437          :   _TIME_TOTAL[$name]=1115
+ functions-common:apt_get:1215            :   return 0
++ lib/host:configure_ksm:42                :   bool_to_int ENABLE_KSM
+ lib/host:configure_ksm:42                :   set_sysfs_parameter ksm 0 /sys/kernel/mm/ksm/run
+ lib/host:set_sysfs_parameter:15          :   local name=ksm
+ lib/host:set_sysfs_parameter:16          :   local value=0
+ lib/host:set_sysfs_parameter:17          :   local param_file=/sys/kernel/mm/ksm/run
+ lib/host:set_sysfs_parameter:19          :   [[ ! -e /sys/kernel/mm/ksm/run ]]
+ lib/host:set_sysfs_parameter:24          :   echo 0
+ lib/host:set_sysfs_parameter:24          :   sudo tee /sys/kernel/mm/ksm/run
0
+ lib/host:configure_host_mem:101          :   configure_sysctl_mem_parmaters
+ lib/host:configure_sysctl_mem_parmaters:84 :   [[ False == \T\r\u\e ]]
+ lib/host:tune_host:126                   :   configure_host_net
+ lib/host:configure_host_net:121          :   configure_sysctl_net_parmaters
+ lib/host:configure_sysctl_net_parmaters:106 :   [[ False == \T\r\u\e ]]
+ ./stack.sh:main:600                      :   fetch_plugins
+ functions-common:fetch_plugins:1766      :   local plugins=
+ functions-common:fetch_plugins:1767      :   local plugin
+ functions-common:fetch_plugins:1770      :   [[ -z '' ]]
+ functions-common:fetch_plugins:1771      :   return
+ ./stack.sh:main:604                      :   run_phase override_defaults
+ functions-common:run_phase:1848          :   local mode=override_defaults
+ functions-common:run_phase:1849          :   local phase=
+ functions-common:run_phase:1850          :   [[ -d /home/slave/devstack/extras.d ]]
+ functions-common:run_phase:1851          :   local extra_plugin_file_name
+ functions-common:run_phase:1852          :   for extra_plugin_file_name in $TOP_DIR/extras.d/*.sh
+ functions-common:run_phase:1857          :   local exceptions=80-tempest.sh
+ functions-common:run_phase:1858          :   local extra
++ functions-common:run_phase:1859          :   basename /home/slave/devstack/extras.d/80-tempest.sh
+ functions-common:run_phase:1859          :   extra=80-tempest.sh
+ functions-common:run_phase:1860          :   [[ 80-tempest.sh =~ 80-tempest\.sh ]]
+ functions-common:run_phase:1864          :   [[ -r /home/slave/devstack/extras.d/80-tempest.sh ]]
+ functions-common:run_phase:1864          :   source /home/slave/devstack/extras.d/80-tempest.sh override_defaults
++ extras.d/80-tempest.sh:source:3          :   is_service_enabled tempest
++ functions-common:is_service_enabled:2076 :   return 0
++ extras.d/80-tempest.sh:source:4          :   [[ override_defaults == \s\o\u\r\c\e ]]
++ extras.d/80-tempest.sh:source:7          :   [[ override_defaults == \s\t\a\c\k ]]
++ extras.d/80-tempest.sh:source:10         :   [[ override_defaults == \s\t\a\c\k ]]
++ extras.d/80-tempest.sh:source:13         :   [[ override_defaults == \s\t\a\c\k ]]
++ extras.d/80-tempest.sh:source:16         :   [[ override_defaults == \s\t\a\c\k ]]
++ extras.d/80-tempest.sh:source:19         :   [[ override_defaults == \s\t\a\c\k ]]
++ extras.d/80-tempest.sh:source:27         :   [[ override_defaults == \u\n\s\t\a\c\k ]]
++ extras.d/80-tempest.sh:source:32         :   [[ override_defaults == \c\l\e\a\n ]]
+ functions-common:run_phase:1869          :   [[ override_defaults == \s\o\u\r\c\e ]]
+ functions-common:run_phase:1872          :   [[ override_defaults == \o\v\e\r\r\i\d\e\_\d\e\f\a\u\l\t\s ]]
+ functions-common:run_phase:1873          :   plugin_override_defaults
+ functions-common:plugin_override_defaults:1807 :   local plugins=
+ functions-common:plugin_override_defaults:1808 :   local plugin
+ functions-common:plugin_override_defaults:1811 :   [[ -z '' ]]
+ functions-common:plugin_override_defaults:1812 :   return
+ ./stack.sh:main:607                      :   source /home/slave/devstack/lib/apache
+ ./stack.sh:main:610                      :   source /home/slave/devstack/lib/tls
++ lib/tls:source:38                        :   is_service_enabled tls-proxy
++ functions-common:is_service_enabled:2076 :   return 1
+++ lib/tls:source:43                        :   hostname -f
++ lib/tls:source:43                        :   DEVSTACK_HOSTNAME=zteusr
++ lib/tls:source:44                        :   DEVSTACK_CERT_NAME=devstack-cert
++ lib/tls:source:45                        :   DEVSTACK_CERT=/opt/stack/data/devstack-cert.pem
++ lib/tls:source:48                        :   ROOT_CA_DIR=/opt/stack/data/CA/root-ca
++ lib/tls:source:49                        :   INT_CA_DIR=/opt/stack/data/CA/int-ca
++ lib/tls:source:51                        :   ORG_NAME=OpenStack
++ lib/tls:source:52                        :   ORG_UNIT_NAME=DevStack
++ lib/tls:source:55                        :   STUD_PROTO=--tls
++ lib/tls:source:56                        :   STUD_CIPHERS='TLSv1+HIGH:!DES:!aNULL:!eNULL:@STRENGTH'
++ lib/tls:source:63                        :   OPENSSL=/usr/bin/openssl
+ ./stack.sh:main:613                      :   source /home/slave/devstack/lib/infra
+ ./stack.sh:main:614                      :   source /home/slave/devstack/lib/libraries
+ ./stack.sh:main:615                      :   source /home/slave/devstack/lib/lvm
+ ./stack.sh:main:616                      :   source /home/slave/devstack/lib/horizon
+ ./stack.sh:main:617                      :   source /home/slave/devstack/lib/keystone
+ ./stack.sh:main:618                      :   source /home/slave/devstack/lib/glance
+ ./stack.sh:main:619                      :   source /home/slave/devstack/lib/nova
+ ./stack.sh:main:620                      :   source /home/slave/devstack/lib/placement
+ ./stack.sh:main:621                      :   source /home/slave/devstack/lib/cinder
+ ./stack.sh:main:622                      :   source /home/slave/devstack/lib/swift
+ ./stack.sh:main:623                      :   source /home/slave/devstack/lib/neutron
++ lib/neutron:source:61                    :   is_service_enabled tls-proxy
++ functions-common:is_service_enabled:2076 :   return 1
++ lib/neutron:source:66                    :   GITDIR["python-neutronclient"]=/opt/stack/python-neutronclient
++ lib/neutron:source:68                    :   NEUTRON_DIR=/opt/stack/neutron
++ lib/neutron:source:69                    :   NEUTRON_FWAAS_DIR=/opt/stack/neutron-fwaas
++ lib/neutron:source:72                    :   [[ -d /opt/stack/neutron/bin/neutron-server ]]
+++ lib/neutron:source:75                    :   get_python_exec_prefix
+++ inc/python:get_python_exec_prefix:80     :   [[ True == \T\r\u\e ]]
+++ inc/python:get_python_exec_prefix:81     :   echo /opt/stack/data/venv/bin
++ lib/neutron:source:75                    :   NEUTRON_BIN_DIR=/opt/stack/data/venv/bin
++ lib/neutron:source:78                    :   NEUTRON_CONF_DIR=/etc/neutron
++ lib/neutron:source:79                    :   NEUTRON_CONF=/etc/neutron/neutron.conf
++ lib/neutron:source:80                    :   export NEUTRON_TEST_CONFIG_FILE=/etc/neutron/debug.ini
++ lib/neutron:source:80                    :   NEUTRON_TEST_CONFIG_FILE=/etc/neutron/debug.ini
++ lib/neutron:source:82                    :   NEUTRON_UWSGI=neutron.wsgi.api:application
++ lib/neutron:source:83                    :   NEUTRON_UWSGI_CONF=/etc/neutron/neutron-api-uwsgi.ini
+++ lib/neutron:source:89                    :   trueorfalse True NEUTRON_ENFORCE_NEW_DEFAULTS
++ lib/neutron:source:89                    :   NEUTRON_ENFORCE_NEW_DEFAULTS=True
++ lib/neutron:source:90                    :   [[ -n '' ]]
++ lib/neutron:source:96                    :   AGENT_DHCP_BINARY=/opt/stack/data/venv/bin/neutron-dhcp-agent
++ lib/neutron:source:97                    :   AGENT_L3_BINARY=/opt/stack/data/venv/bin/neutron-l3-agent
++ lib/neutron:source:98                    :   AGENT_META_BINARY=/opt/stack/data/venv/bin/neutron-metadata-agent
++ lib/neutron:source:102                   :   Q_DHCP_CONF_FILE=/etc/neutron/dhcp_agent.ini
++ lib/neutron:source:105                   :   NEUTRON_DHCP_CONF=/etc/neutron/dhcp_agent.ini
++ lib/neutron:source:106                   :   Q_L3_CONF_FILE=/etc/neutron/l3_agent.ini
++ lib/neutron:source:109                   :   NEUTRON_L3_CONF=/etc/neutron/l3_agent.ini
++ lib/neutron:source:110                   :   Q_META_CONF_FILE=/etc/neutron/metadata_agent.ini
++ lib/neutron:source:113                   :   Q_DB_NAME=neutron
++ lib/neutron:source:115                   :   Q_PLUGIN=ml2
++ lib/neutron:source:117                   :   Q_HOST=172.21.16.48
++ lib/neutron:source:119                   :   Q_PROTOCOL=http
+++ lib/neutron:source:121                   :   ipv6_unquote 0.0.0.0
+++ functions-common:ipv6_unquote:2218       :   echo 0.0.0.0
+++ functions-common:ipv6_unquote:2218       :   tr -d '[]'
++ lib/neutron:source:121                   :   Q_LISTEN_ADDRESS=0.0.0.0
++ lib/neutron:source:123                   :   Q_ADMIN_USERNAME=neutron
++ lib/neutron:source:125                   :   Q_AUTH_STRATEGY=keystone
++ lib/neutron:source:127                   :   Q_OVS_USE_VETH=False
++ lib/neutron:source:128                   :   Q_USE_ROOTWRAP=True
+++ lib/neutron:source:129                   :   trueorfalse True Q_USE_ROOTWRAP_DAEMON
++ lib/neutron:source:129                   :   Q_USE_ROOTWRAP_DAEMON=True
+++ lib/neutron:source:131                   :   ipv6_unquote 172.21.16.48
+++ functions-common:ipv6_unquote:2218       :   echo 172.21.16.48
+++ functions-common:ipv6_unquote:2218       :   tr -d '[]'
++ lib/neutron:source:131                   :   Q_META_DATA_IP=172.21.16.48
++ lib/neutron:source:133                   :   Q_ALLOW_OVERLAPPING_IP=True
++ lib/neutron:source:134                   :   Q_NOTIFY_NOVA_PORT_STATUS_CHANGES=True
++ lib/neutron:source:135                   :   Q_NOTIFY_NOVA_PORT_DATA_CHANGES=True
++ lib/neutron:source:136                   :   VIF_PLUGGING_IS_FATAL=True
++ lib/neutron:source:137                   :   VIF_PLUGGING_TIMEOUT=300
++ lib/neutron:source:140                   :   SKIP_STOP_OVN=False
++ lib/neutron:source:144                   :   _Q_PLUGIN_EXTRA_CONF_PATH=/etc/neutron
++ lib/neutron:source:147                   :   NEUTRON_ENDPOINT_SERVICE_NAME=networking
++ lib/neutron:source:148                   :   [[ -z networking ]]
++ lib/neutron:source:153                   :   ALEMBIC_REPO=https://github.com/sqlalchemy/alembic.git
++ lib/neutron:source:154                   :   ALEMBIC_DIR=/opt/stack/alembic
++ lib/neutron:source:155                   :   ALEMBIC_BRANCH=main
++ lib/neutron:source:156                   :   SQLALCHEMY_REPO=https://github.com/sqlalchemy/sqlalchemy.git
++ lib/neutron:source:157                   :   SQLALCHEMY_DIR=/opt/stack/sqlalchemy
++ lib/neutron:source:158                   :   SQLALCHEMY_BRANCH=main
++ lib/neutron:source:169                   :   declare -a -g Q_PLUGIN_EXTRA_CONF_FILES
++ lib/neutron:source:172                   :   declare -a -g _Q_PLUGIN_EXTRA_CONF_FILES_ABS
++ lib/neutron:source:175                   :   Q_RR_CONF_FILE=/etc/neutron/rootwrap.conf
++ lib/neutron:source:176                   :   [[ True == \F\a\l\s\e ]]
+++ lib/neutron:source:179                   :   get_rootwrap_location neutron
+++ functions:get_rootwrap_location:601      :   local module=neutron
++++ functions:get_rootwrap_location:603      :   get_python_exec_prefix
++++ inc/python:get_python_exec_prefix:80     :   [[ True == \T\r\u\e ]]
++++ inc/python:get_python_exec_prefix:81     :   echo /opt/stack/data/venv/bin
+++ functions:get_rootwrap_location:603      :   echo /opt/stack/data/venv/bin/neutron-rootwrap
++ lib/neutron:source:179                   :   NEUTRON_ROOTWRAP=/opt/stack/data/venv/bin/neutron-rootwrap
++ lib/neutron:source:180                   :   Q_RR_COMMAND='sudo /opt/stack/data/venv/bin/neutron-rootwrap /etc/neutron/rootwrap.conf'
++ lib/neutron:source:181                   :   [[ True == \T\r\u\e ]]
++ lib/neutron:source:182                   :   Q_RR_DAEMON_COMMAND='sudo /opt/stack/data/venv/bin/neutron-rootwrap-daemon /etc/neutron/rootwrap.conf'
++ lib/neutron:source:194                   :   Q_DVR_MODE=legacy
++ lib/neutron:source:195                   :   [[ legacy != \l\e\g\a\c\y ]]
++ lib/neutron:source:211                   :   ENABLE_TENANT_TUNNELS=True
++ lib/neutron:source:216                   :   TENANT_TUNNEL_RANGES=1:1000
++ lib/neutron:source:221                   :   ENABLE_TENANT_VLANS=False
++ lib/neutron:source:229                   :   TENANT_VLAN_RANGE=
++ lib/neutron:source:237                   :   PHYSICAL_NETWORK=public
++ lib/neutron:source:247                   :   OVS_PHYSICAL_BRIDGE=br-ex
++ lib/neutron:source:253                   :   OVS_ENABLE_TUNNELING=True
++ lib/neutron:source:257                   :   ENABLE_ISOLATED_METADATA=False
++ lib/neutron:source:262                   :   ENABLE_METADATA_NETWORK=False
++ lib/neutron:source:267                   :   '[' -f /home/slave/devstack/lib/neutron_plugins/ml2 ']'
++ lib/neutron:source:268                   :   source /home/slave/devstack/lib/neutron_plugins/ml2
++ lib/neutron:source:275                   :   source /home/slave/devstack/lib/neutron_plugins/services/metering
++ lib/neutron:source:278                   :   source /home/slave/devstack/lib/neutron_plugins/services/l3
+++ lib/neutron_plugins/services/l3:source:3 :   IP_VERSION=4+6
+++ lib/neutron_plugins/services/l3:source:5 :   [[ 4+6 != \4 ]]
+++ lib/neutron_plugins/services/l3:source:5 :   [[ 4+6 != \6 ]]
+++ lib/neutron_plugins/services/l3:source:5 :   [[ 4+6 != \4\+\6 ]]
+++ lib/neutron_plugins/services/l3:source:9 :   NEUTRON_CREATE_INITIAL_NETWORKS=True
+++ lib/neutron_plugins/services/l3:source:12 :   PROVIDER_SUBNET_NAME=provider_net
+++ lib/neutron_plugins/services/l3:source:13 :   IPV6_PROVIDER_SUBNET_NAME=provider_net_v6
+++ lib/neutron_plugins/services/l3:source:14 :   IPV6_PROVIDER_FIXED_RANGE=
+++ lib/neutron_plugins/services/l3:source:15 :   IPV6_PROVIDER_NETWORK_GATEWAY=
+++ lib/neutron_plugins/services/l3:source:17 :   PUBLIC_BRIDGE=br-ex
+++ lib/neutron_plugins/services/l3:source:18 :   PUBLIC_BRIDGE_MTU=1500
+++ lib/neutron_plugins/services/l3:source:23 :   Q_ASSIGN_GATEWAY_TO_PUBLIC_BRIDGE=True
+++ lib/neutron_plugins/services/l3:source:26 :   Q_ROUTER_NAME=router1
+++ lib/neutron_plugins/services/l3:source:31 :   Q_USE_PUBLIC_VETH=False
+++ lib/neutron_plugins/services/l3:source:32 :   Q_PUBLIC_VETH_EX=veth-pub-ex
+++ lib/neutron_plugins/services/l3:source:33 :   Q_PUBLIC_VETH_INT=veth-pub-int
+++ lib/neutron_plugins/services/l3:source:39 :   Q_L3_ROUTER_PER_TENANT=True
+++ lib/neutron_plugins/services/l3:source:72 :   Q_USE_PROVIDERNET_FOR_PUBLIC=True
+++ lib/neutron_plugins/services/l3:source:73 :   PUBLIC_PHYSICAL_NETWORK=public
++++ lib/neutron_plugins/services/l3:source:76 :   uuidgen
++++ lib/neutron_plugins/services/l3:source:76 :   sed s/-//g
++++ lib/neutron_plugins/services/l3:source:76 :   cut -c 23-
++++ lib/neutron_plugins/services/l3:source:76 :   sed -e 's/\(..\)\(....\)\(....\)/\1:\2:\3/'
+++ lib/neutron_plugins/services/l3:source:76 :   IPV6_GLOBAL_ID=58:1487:2e19
+++ lib/neutron_plugins/services/l3:source:79 :   IPV6_RA_MODE=slaac
+++ lib/neutron_plugins/services/l3:source:80 :   IPV6_ADDRESS_MODE=slaac
+++ lib/neutron_plugins/services/l3:source:81 :   IPV6_PUBLIC_SUBNET_NAME=ipv6-public-subnet
+++ lib/neutron_plugins/services/l3:source:82 :   IPV6_PRIVATE_SUBNET_NAME=ipv6-private-subnet
+++ lib/neutron_plugins/services/l3:source:83 :   IPV6_ADDRS_SAFE_TO_USE=fd58:1487:2e19::/56
++++ lib/neutron_plugins/services/l3:source:86 :   echo fd58:1487:2e19::/56
++++ lib/neutron_plugins/services/l3:source:86 :   awk -F / '{ print $1"/"($2>63 ? $2 : 64) }'
+++ lib/neutron_plugins/services/l3:source:86 :   FIXED_RANGE_V6=fd58:1487:2e19::/64
+++ lib/neutron_plugins/services/l3:source:87 :   IPV6_PRIVATE_NETWORK_GATEWAY=
+++ lib/neutron_plugins/services/l3:source:88 :   IPV6_PUBLIC_RANGE=2001:db8::/64
+++ lib/neutron_plugins/services/l3:source:89 :   IPV6_PUBLIC_NETWORK_GATEWAY=2001:db8::2
+++ lib/neutron_plugins/services/l3:source:90 :   IPV6_ROUTER_GW_IP=2001:db8::1
+++ lib/neutron_plugins/services/l3:source:93 :   NETWORK_GATEWAY=
+++ lib/neutron_plugins/services/l3:source:94 :   PUBLIC_NETWORK_GATEWAY=
+++ lib/neutron_plugins/services/l3:source:95 :   PRIVATE_SUBNET_NAME=private-subnet
+++ lib/neutron_plugins/services/l3:source:96 :   PUBLIC_SUBNET_NAME=public-subnet
+++ lib/neutron_plugins/services/l3:source:97 :   PUBLIC_SUBNET_ENABLE_DHCP=False
+++ lib/neutron_plugins/services/l3:source:100 :   USE_SUBNETPOOL=True
+++ lib/neutron_plugins/services/l3:source:101 :   SUBNETPOOL_NAME_V4=shared-default-subnetpool-v4
+++ lib/neutron_plugins/services/l3:source:102 :   SUBNETPOOL_NAME_V6=shared-default-subnetpool-v6
+++ lib/neutron_plugins/services/l3:source:104 :   SUBNETPOOL_PREFIX_V4=10.0.0.0/22
+++ lib/neutron_plugins/services/l3:source:105 :   SUBNETPOOL_PREFIX_V6=fd58:1487:2e19::/56
+++ lib/neutron_plugins/services/l3:source:107 :   SUBNETPOOL_SIZE_V4=26
+++ lib/neutron_plugins/services/l3:source:108 :   SUBNETPOOL_SIZE_V6=64
++++ lib/neutron_plugins/services/l3:source:110 :   ip -4 route
++++ lib/neutron_plugins/services/l3:source:110 :   grep '^default'
++++ lib/neutron_plugins/services/l3:source:110 :   awk '{print $5}'
+++ lib/neutron_plugins/services/l3:source:110 :   default_v4_route_devs=enp4s0f1
++++ lib/neutron_plugins/services/l3:source:112 :   ip -6 route list match default table all
++++ lib/neutron_plugins/services/l3:source:112 :   grep via
++++ lib/neutron_plugins/services/l3:source:112 :   awk '{print $5}'
+++ lib/neutron_plugins/services/l3:source:112 :   default_v6_route_devs=
++ lib/neutron:source:281                   :   source /home/slave/devstack/lib/neutron_plugins/services/placement
++ lib/neutron:source:282                   :   source /home/slave/devstack/lib/neutron_plugins/services/trunk
++ lib/neutron:source:283                   :   source /home/slave/devstack/lib/neutron_plugins/services/qos
++ lib/neutron:source:284                   :   source /home/slave/devstack/lib/neutron_plugins/services/segments
++ lib/neutron:source:285                   :   source /home/slave/devstack/lib/neutron_plugins/services/ovn-bgp
++ lib/neutron:source:286                   :   source /home/slave/devstack/lib/neutron_plugins/services/evpn
++ lib/neutron:source:289                   :   has_neutron_plugin_security_group
++ lib/neutron_plugins/ml2:has_neutron_plugin_security_group:146 :   return 0
++ lib/neutron:source:290                   :   Q_USE_SECGROUP=True
++ lib/neutron:source:298                   :   OVN_BRIDGE_MAPPINGS=public:br-ex
+ ./stack.sh:main:624                      :   source /home/slave/devstack/lib/ldap
+ ./stack.sh:main:625                      :   source /home/slave/devstack/lib/dstat
+ ./stack.sh:main:626                      :   source /home/slave/devstack/lib/atop
+ ./stack.sh:main:627                      :   source /home/slave/devstack/lib/tcpdump
+ ./stack.sh:main:628                      :   source /home/slave/devstack/lib/etcd3
+ ./stack.sh:main:629                      :   source /home/slave/devstack/lib/os-vif
+++ lib/os-vif:source:12                     :   is_ml2_ovs
+++ lib/os-vif:is_ml2_ovs:4                  :   [[ ovn == \o\p\e\n\v\s\w\i\t\c\h ]]
+++ lib/os-vif:is_ml2_ovs:7                  :   echo False
++ lib/os-vif:source:12                     :   OS_VIF_OVS_ISOLATE_VIF=False
+++ lib/os-vif:source:13                     :   trueorfalse False OS_VIF_OVS_ISOLATE_VIF
++ lib/os-vif:source:13                     :   OS_VIF_OVS_ISOLATE_VIF=False
+ ./stack.sh:main:635                      :   run_phase source
+ functions-common:run_phase:1848          :   local mode=source
+ functions-common:run_phase:1849          :   local phase=
+ functions-common:run_phase:1850          :   [[ -d /home/slave/devstack/extras.d ]]
+ functions-common:run_phase:1851          :   local extra_plugin_file_name
+ functions-common:run_phase:1852          :   for extra_plugin_file_name in $TOP_DIR/extras.d/*.sh
+ functions-common:run_phase:1857          :   local exceptions=80-tempest.sh
+ functions-common:run_phase:1858          :   local extra
++ functions-common:run_phase:1859          :   basename /home/slave/devstack/extras.d/80-tempest.sh
+ functions-common:run_phase:1859          :   extra=80-tempest.sh
+ functions-common:run_phase:1860          :   [[ 80-tempest.sh =~ 80-tempest\.sh ]]
+ functions-common:run_phase:1864          :   [[ -r /home/slave/devstack/extras.d/80-tempest.sh ]]
+ functions-common:run_phase:1864          :   source /home/slave/devstack/extras.d/80-tempest.sh source
++ extras.d/80-tempest.sh:source:3          :   is_service_enabled tempest
++ functions-common:is_service_enabled:2076 :   return 0
++ extras.d/80-tempest.sh:source:4          :   [[ source == \s\o\u\r\c\e ]]
++ extras.d/80-tempest.sh:source:6          :   source /home/slave/devstack/lib/tempest
++ extras.d/80-tempest.sh:source:27         :   [[ source == \u\n\s\t\a\c\k ]]
++ extras.d/80-tempest.sh:source:32         :   [[ source == \c\l\e\a\n ]]
+ functions-common:run_phase:1869          :   [[ source == \s\o\u\r\c\e ]]
+ functions-common:run_phase:1870          :   load_plugin_settings
+ functions-common:load_plugin_settings:1784 :   local plugins=
+ functions-common:load_plugin_settings:1785 :   local plugin
+ functions-common:load_plugin_settings:1788 :   [[ -z '' ]]
+ functions-common:load_plugin_settings:1789 :   return
+ functions-common:run_phase:1871          :   verify_disabled_services
+ functions-common:verify_disabled_services:2131 :   local service
+ functions-common:verify_disabled_services:2132 :   for service in ${ENABLED_SERVICES//,/ }
+ functions-common:verify_disabled_services:2133 :   [[ ,, =~ ,key, ]]
+ functions-common:verify_disabled_services:2132 :   for service in ${ENABLED_SERVICES//,/ }
+ functions-common:verify_disabled_services:2133 :   [[ ,, =~ ,n-api, ]]
+ functions-common:verify_disabled_services:2132 :   for service in ${ENABLED_SERVICES//,/ }
+ functions-common:verify_disabled_services:2133 :   [[ ,, =~ ,n-cpu, ]]
+ functions-common:verify_disabled_services:2132 :   for service in ${ENABLED_SERVICES//,/ }
+ functions-common:verify_disabled_services:2133 :   [[ ,, =~ ,n-cond, ]]
+ functions-common:verify_disabled_services:2132 :   for service in ${ENABLED_SERVICES//,/ }
+ functions-common:verify_disabled_services:2133 :   [[ ,, =~ ,n-sch, ]]
+ functions-common:verify_disabled_services:2132 :   for service in ${ENABLED_SERVICES//,/ }
+ functions-common:verify_disabled_services:2133 :   [[ ,, =~ ,n-novnc, ]]
+ functions-common:verify_disabled_services:2132 :   for service in ${ENABLED_SERVICES//,/ }
+ functions-common:verify_disabled_services:2133 :   [[ ,, =~ ,n-api-meta, ]]
+ functions-common:verify_disabled_services:2132 :   for service in ${ENABLED_SERVICES//,/ }
+ functions-common:verify_disabled_services:2133 :   [[ ,, =~ ,placement-api, ]]
+ functions-common:verify_disabled_services:2132 :   for service in ${ENABLED_SERVICES//,/ }
+ functions-common:verify_disabled_services:2133 :   [[ ,, =~ ,placement-client, ]]
+ functions-common:verify_disabled_services:2132 :   for service in ${ENABLED_SERVICES//,/ }
+ functions-common:verify_disabled_services:2133 :   [[ ,, =~ ,g-api, ]]
+ functions-common:verify_disabled_services:2132 :   for service in ${ENABLED_SERVICES//,/ }
+ functions-common:verify_disabled_services:2133 :   [[ ,, =~ ,c-sch, ]]
+ functions-common:verify_disabled_services:2132 :   for service in ${ENABLED_SERVICES//,/ }
+ functions-common:verify_disabled_services:2133 :   [[ ,, =~ ,c-api, ]]
+ functions-common:verify_disabled_services:2132 :   for service in ${ENABLED_SERVICES//,/ }
+ functions-common:verify_disabled_services:2133 :   [[ ,, =~ ,c-vol, ]]
+ functions-common:verify_disabled_services:2132 :   for service in ${ENABLED_SERVICES//,/ }
+ functions-common:verify_disabled_services:2133 :   [[ ,, =~ ,ovn-controller, ]]
+ functions-common:verify_disabled_services:2132 :   for service in ${ENABLED_SERVICES//,/ }
+ functions-common:verify_disabled_services:2133 :   [[ ,, =~ ,ovn-northd, ]]
+ functions-common:verify_disabled_services:2132 :   for service in ${ENABLED_SERVICES//,/ }
+ functions-common:verify_disabled_services:2133 :   [[ ,, =~ ,ovs-vswitchd, ]]
+ functions-common:verify_disabled_services:2132 :   for service in ${ENABLED_SERVICES//,/ }
+ functions-common:verify_disabled_services:2133 :   [[ ,, =~ ,ovsdb-server, ]]
+ functions-common:verify_disabled_services:2132 :   for service in ${ENABLED_SERVICES//,/ }
+ functions-common:verify_disabled_services:2133 :   [[ ,, =~ ,q-svc, ]]
+ functions-common:verify_disabled_services:2132 :   for service in ${ENABLED_SERVICES//,/ }
+ functions-common:verify_disabled_services:2133 :   [[ ,, =~ ,q-ovn-agent, ]]
+ functions-common:verify_disabled_services:2132 :   for service in ${ENABLED_SERVICES//,/ }
+ functions-common:verify_disabled_services:2133 :   [[ ,, =~ ,horizon, ]]
+ functions-common:verify_disabled_services:2132 :   for service in ${ENABLED_SERVICES//,/ }
+ functions-common:verify_disabled_services:2133 :   [[ ,, =~ ,rabbit, ]]
+ functions-common:verify_disabled_services:2132 :   for service in ${ENABLED_SERVICES//,/ }
+ functions-common:verify_disabled_services:2133 :   [[ ,, =~ ,tempest, ]]
+ functions-common:verify_disabled_services:2132 :   for service in ${ENABLED_SERVICES//,/ }
+ functions-common:verify_disabled_services:2133 :   [[ ,, =~ ,mysql, ]]
+ functions-common:verify_disabled_services:2132 :   for service in ${ENABLED_SERVICES//,/ }
+ functions-common:verify_disabled_services:2133 :   [[ ,, =~ ,etcd3, ]]
+ functions-common:verify_disabled_services:2132 :   for service in ${ENABLED_SERVICES//,/ }
+ functions-common:verify_disabled_services:2133 :   [[ ,, =~ ,dstat, ]]
+ ./stack.sh:main:706                      :   initialize_database_backends
+ lib/database:initialize_database_backends:65 :   for backend in $DATABASE_BACKENDS
+ lib/database:initialize_database_backends:66 :   is_service_enabled mysql
+ functions-common:is_service_enabled:2076 :   return 0
+ lib/database:initialize_database_backends:66 :   DATABASE_TYPE=mysql
+ lib/database:initialize_database_backends:65 :   for backend in $DATABASE_BACKENDS
+ lib/database:initialize_database_backends:66 :   is_service_enabled postgresql
+ functions-common:is_service_enabled:2076 :   return 1
+ lib/database:initialize_database_backends:69 :   '[' -z mysql ']'
+ lib/database:initialize_database_backends:73 :   MYSQL_HOST=127.0.0.1
+ lib/database:initialize_database_backends:74 :   MYSQL_USER=root
+ lib/database:initialize_database_backends:80 :   [[ 4 == 6 ]]
+ lib/database:initialize_database_backends:83 :   DATABASE_HOST=127.0.0.1
+ lib/database:initialize_database_backends:86 :   DATABASE_USER=root
+ lib/database:initialize_database_backends:88 :   '[' -n '' ']'
+ lib/database:initialize_database_backends:92 :   return 0
+ ./stack.sh:main:707                      :   echo 'Using mysql database backend'
Using mysql database backend
+ ./stack.sh:main:710                      :   read_password DATABASE_PASSWORD 'ENTER A PASSWORD TO USE FOR THE DATABASE.'
+ ./stack.sh:main:712                      :   define_database_baseurl
++ lib/database:define_database_baseurl:106 :   get_database_type_mysql
++ lib/databases/mysql:get_database_type_mysql:32 :   [[ PyMySQL == \P\y\M\y\S\Q\L ]]
++ lib/databases/mysql:get_database_type_mysql:33 :   echo mysql+pymysql
+ lib/database:define_database_baseurl:106 :   BASE_SQL_CONN=mysql+pymysql://root:ossdbg1stack@127.0.0.1
+ ./stack.sh:main:724                      :   is_service_enabled rabbit
+ functions-common:is_service_enabled:2076 :   return 0
+ ./stack.sh:main:725                      :   read_password RABBIT_PASSWORD 'ENTER A PASSWORD TO USE FOR RABBIT.'
+ ./stack.sh:main:732                      :   is_service_enabled keystone
+ functions-common:is_service_enabled:2076 :   return 0
+ ./stack.sh:main:734                      :   read_password SERVICE_PASSWORD 'ENTER A SERVICE_PASSWORD TO USE FOR THE SERVICE AUTHENTICATION.'
+ ./stack.sh:main:736                      :   read_password ADMIN_PASSWORD 'ENTER A PASSWORD TO USE FOR HORIZON AND KEYSTONE (20 CHARS OR LESS).'
+ ./stack.sh:main:747                      :   is_service_enabled ldap
+ functions-common:is_service_enabled:2076 :   return 1
+ ./stack.sh:main:756                      :   is_service_enabled s-proxy
+ functions-common:is_service_enabled:2076 :   return 1
+ ./stack.sh:main:768                      :   save_stackenv 768
+ functions-common:save_stackenv:65        :   local tag=768
++ functions-common:save_stackenv:67        :   date +%F-%H%M%S
+ functions-common:save_stackenv:67        :   time_stamp=2026-08-28-083955
+ functions-common:save_stackenv:68        :   echo '# 2026-08-28-083955 768'
+ functions-common:save_stackenv:69        :   for i in $STACK_ENV_VARS
+ functions-common:save_stackenv:70        :   echo BASE_SQL_CONN=mysql+pymysql://root:ossdbg1stack@127.0.0.1
+ functions-common:save_stackenv:69        :   for i in $STACK_ENV_VARS
+ functions-common:save_stackenv:70        :   echo DATA_DIR=/opt/stack/data
+ functions-common:save_stackenv:69        :   for i in $STACK_ENV_VARS
+ functions-common:save_stackenv:70        :   echo DEST=/opt/stack
+ functions-common:save_stackenv:69        :   for i in $STACK_ENV_VARS
+ functions-common:save_stackenv:70        :   echo ENABLED_SERVICES=key,n-api,n-cpu,n-cond,n-sch,n-novnc,n-api-meta,placement-api,placement-client,g-api,c-sch,c-api,c-vol,ovn-controller,ovn-northd,ovs-vswitchd,ovsdb-server,q-svc,q-ovn-agent,horizon,rabbit,tempest,mysql,etcd3,dstat
+ functions-common:save_stackenv:69        :   for i in $STACK_ENV_VARS
+ functions-common:save_stackenv:70        :   echo HOST_IP=172.21.16.48
+ functions-common:save_stackenv:69        :   for i in $STACK_ENV_VARS
+ functions-common:save_stackenv:70        :   echo KEYSTONE_SERVICE_URI=http://172.21.16.48/identity
+ functions-common:save_stackenv:69        :   for i in $STACK_ENV_VARS
+ functions-common:save_stackenv:70        :   echo LOGFILE=/opt/stack/logs/stack.sh.log.2026-08-28-083948
+ functions-common:save_stackenv:69        :   for i in $STACK_ENV_VARS
+ functions-common:save_stackenv:70        :   echo OS_CACERT=
+ functions-common:save_stackenv:69        :   for i in $STACK_ENV_VARS
+ functions-common:save_stackenv:70        :   echo SERVICE_HOST=172.21.16.48
+ functions-common:save_stackenv:69        :   for i in $STACK_ENV_VARS
+ functions-common:save_stackenv:70        :   echo STACK_USER=slave
+ functions-common:save_stackenv:69        :   for i in $STACK_ENV_VARS
+ functions-common:save_stackenv:70        :   echo TLS_IP=
+ functions-common:save_stackenv:69        :   for i in $STACK_ENV_VARS
+ functions-common:save_stackenv:70        :   echo HOST_IPV6=::1
+ functions-common:save_stackenv:69        :   for i in $STACK_ENV_VARS
+ functions-common:save_stackenv:70        :   echo SERVICE_IP_VERSION=4
+ functions-common:save_stackenv:69        :   for i in $STACK_ENV_VARS
+ functions-common:save_stackenv:70        :   echo TUNNEL_ENDPOINT_IP=172.21.16.48
+ functions-common:save_stackenv:69        :   for i in $STACK_ENV_VARS
+ functions-common:save_stackenv:70        :   echo TUNNEL_IP_VERSION=4
+ ./stack.sh:main:781                      :   GIT_DEPTH=0
+ ./stack.sh:main:781                      :   git_clone https://opendev.org/openstack/requirements.git /opt/stack/requirements master
+ functions-common:git_clone:589           :   local git_remote=https://opendev.org/openstack/requirements.git
+ functions-common:git_clone:590           :   local git_dest=/opt/stack/requirements
+ functions-common:git_clone:591           :   local git_ref=master
+ functions-common:git_clone:592           :   local orig_dir
++ functions-common:git_clone:593           :   pwd
+ functions-common:git_clone:593           :   orig_dir=/home/slave/devstack
+ functions-common:git_clone:594           :   local git_clone_flags=
++ functions-common:git_clone:596           :   trueorfalse False RECLONE
+ functions-common:git_clone:596           :   RECLONE=False
+ functions-common:git_clone:597           :   [[ 0 -gt 0 ]]
+ functions-common:git_clone:601           :   [[ False = \T\r\u\e ]]
+ functions-common:git_clone:610           :   echo master
+ functions-common:git_clone:610           :   egrep -q '^refs'
+ functions-common:git_clone:624           :   [[ ! -d /opt/stack/requirements ]]
+ functions-common:git_clone:634           :   [[ False = \T\r\u\e ]]
+ functions-common:git_clone:669           :   sudo git config --system --add safe.directory /opt/stack/requirements
+ functions-common:git_clone:672           :   cd /opt/stack/requirements
+ functions-common:git_clone:673           :   git show --oneline
+ functions-common:git_clone:673           :   head -1
33536777 Merge "update constraint for os_vif to new release 5.2.0"
+ functions-common:git_clone:674           :   cd /home/slave/devstack
+ ./stack.sh:main:785                      :   echo_summary 'Installing package prerequisites'
+ ./stack.sh:echo_summary:444              :   [[ -t 3 ]]
+ ./stack.sh:echo_summary:450              :   echo -e Installing package prerequisites
+ ./stack.sh:main:786                      :   source /home/slave/devstack/tools/install_prereqs.sh
++ tools/install_prereqs.sh:source:11       :   FORCE_PREREQ=0
++ tools/install_prereqs.sh:source:13       :   getopts :f opt
++ tools/install_prereqs.sh:source:23       :   [[ -z /home/slave/devstack ]]
++ tools/install_prereqs.sh:source:43       :   PREREQ_RERUN_MARKER=/home/slave/devstack/.prereqs
++ tools/install_prereqs.sh:source:44       :   PREREQ_RERUN_HOURS=2
++ tools/install_prereqs.sh:source:45       :   PREREQ_RERUN_SECONDS=7200
+++ tools/install_prereqs.sh:source:47       :   date +%s
++ tools/install_prereqs.sh:source:47       :   NOW=1787877595
+++ tools/install_prereqs.sh:source:48       :   head -1 /home/slave/devstack/.prereqs
+++ tools/install_prereqs.sh:source:48       :   echo 0
++ tools/install_prereqs.sh:source:48       :   LAST_RUN=0
++ tools/install_prereqs.sh:source:49       :   DELTA=1787877595
++ tools/install_prereqs.sh:source:50       :   [[ 1787877595 -lt 7200 ]]
++ tools/install_prereqs.sh:source:57       :   export_proxy_variables
++ functions-common:export_proxy_variables:2238 :   isset http_proxy
++ functions-common:isset:266               :   [[ -v http_proxy ]]
++ functions-common:export_proxy_variables:2241 :   isset https_proxy
++ functions-common:isset:266               :   [[ -v https_proxy ]]
++ functions-common:export_proxy_variables:2244 :   isset no_proxy
++ functions-common:isset:266               :   [[ -v no_proxy ]]
+++ tools/install_prereqs.sh:source:64       :   get_packages general,key,n-api,n-cpu,n-cond,n-sch,n-novnc,n-api-meta,placement-api,placement-client,g-api,c-sch,c-api,c-vol,ovn-controller,ovn-northd,ovs-vswitchd,ovsdb-server,q-svc,q-ovn-agent,horizon,rabbit,tempest,mysql,etcd3,dstat
++ tools/install_prereqs.sh:source:64       :   PACKAGES='apache2
apache2-dev
bc
bsdmainutils
curl
g++
gawk
gcc
gettext  
git
graphviz 
iputils-ping
libffi-dev 
libjpeg-dev 
libpq-dev  
libssl-dev 
libsystemd-dev 
libxml2-dev  
libxslt1-dev  
libyaml-dev
lsof 
openssh-server
openssl
pkg-config
psmisc
python3-dev
python3-pip
python3-systemd
python3-venv
tar
tcpdump
unzip
uuid-runtime
wget
zlib1g-dev
libkrb5-dev
libldap2-dev
libsasl2-dev
memcached
python3-mysqldb
sqlite3
conntrack
curl
ebtables
genisoimage 
iptables
iputils-arping
kpartx
libjs-jquery-tablesorter 
parted
pm-utils
python3-mysqldb
socat 
sqlite3
sudo
vlan
lsscsi
open-iscsi
cryptsetup
dosfstools
genisoimage
gir1.2-libosinfo-1.0
netcat-openbsd
open-iscsi
qemu-utils
sg3-utils
sysfsutils
lvm2
qemu-utils
thin-provisioning-tools
acl
dnsmasq-base
dnsmasq-utils 
ebtables
haproxy 
iptables
iputils-arping
iputils-ping
postgresql-server-dev-all
python3-mysqldb
sqlite3
sudo
vlan
pcp'
+++ tools/install_prereqs.sh:source:65       :   get_plugin_packages
++ tools/install_prereqs.sh:source:65       :   PACKAGES='apache2
apache2-dev
bc
bsdmainutils
curl
g++
gawk
gcc
gettext  
git
graphviz 
iputils-ping
libffi-dev 
libjpeg-dev 
libpq-dev  
libssl-dev 
libsystemd-dev 
libxml2-dev  
libxslt1-dev  
libyaml-dev
lsof 
openssh-server
openssl
pkg-config
psmisc
python3-dev
python3-pip
python3-systemd
python3-venv
tar
tcpdump
unzip
uuid-runtime
wget
zlib1g-dev
libkrb5-dev
libldap2-dev
libsasl2-dev
memcached
python3-mysqldb
sqlite3
conntrack
curl
ebtables
genisoimage 
iptables
iputils-arping
kpartx
libjs-jquery-tablesorter 
parted
pm-utils
python3-mysqldb
socat 
sqlite3
sudo
vlan
lsscsi
open-iscsi
cryptsetup
dosfstools
genisoimage
gir1.2-libosinfo-1.0
netcat-openbsd
open-iscsi
qemu-utils
sg3-utils
sysfsutils
lvm2
qemu-utils
thin-provisioning-tools
acl
dnsmasq-base
dnsmasq-utils 
ebtables
haproxy 
iptables
iputils-arping
iputils-ping
postgresql-server-dev-all
python3-mysqldb
sqlite3
sudo
vlan
pcp '
++ tools/install_prereqs.sh:source:67       :   is_ubuntu
++ functions-common:is_ubuntu:546           :   [[ -z deb ]]
++ functions-common:is_ubuntu:549           :   '[' deb = deb ']'
++ tools/install_prereqs.sh:source:67       :   echo apache2 apache2-dev bc bsdmainutils curl g++ gawk gcc gettext git graphviz iputils-ping libffi-dev libjpeg-dev libpq-dev libssl-dev libsystemd-dev libxml2-dev libxslt1-dev libyaml-dev lsof openssh-server openssl pkg-config psmisc python3-dev python3-pip python3-systemd python3-venv tar tcpdump unzip uuid-runtime wget zlib1g-dev libkrb5-dev libldap2-dev libsasl2-dev memcached python3-mysqldb sqlite3 conntrack curl ebtables genisoimage iptables iputils-arping kpartx libjs-jquery-tablesorter parted pm-utils python3-mysqldb socat sqlite3 sudo vlan lsscsi open-iscsi cryptsetup dosfstools genisoimage gir1.2-libosinfo-1.0 netcat-openbsd open-iscsi qemu-utils sg3-utils sysfsutils lvm2 qemu-utils thin-provisioning-tools acl dnsmasq-base dnsmasq-utils ebtables haproxy iptables iputils-arping iputils-ping postgresql-server-dev-all python3-mysqldb sqlite3 sudo vlan pcp
++ tools/install_prereqs.sh:source:67       :   grep -q dkms
++ tools/install_prereqs.sh:source:72       :   install_package apache2 apache2-dev bc bsdmainutils curl g++ gawk gcc gettext git graphviz iputils-ping libffi-dev libjpeg-dev libpq-dev libssl-dev libsystemd-dev libxml2-dev libxslt1-dev libyaml-dev lsof openssh-server openssl pkg-config psmisc python3-dev python3-pip python3-systemd python3-venv tar tcpdump unzip uuid-runtime wget zlib1g-dev libkrb5-dev libldap2-dev libsasl2-dev memcached python3-mysqldb sqlite3 conntrack curl ebtables genisoimage iptables iputils-arping kpartx libjs-jquery-tablesorter parted pm-utils python3-mysqldb socat sqlite3 sudo vlan lsscsi open-iscsi cryptsetup dosfstools genisoimage gir1.2-libosinfo-1.0 netcat-openbsd open-iscsi qemu-utils sg3-utils sysfsutils lvm2 qemu-utils thin-provisioning-tools acl dnsmasq-base dnsmasq-utils ebtables haproxy iptables iputils-arping iputils-ping postgresql-server-dev-all python3-mysqldb sqlite3 sudo vlan pcp
++ functions-common:install_package:1438    :   update_package_repo
++ functions-common:update_package_repo:1412 :   NO_UPDATE_REPOS=False
++ functions-common:update_package_repo:1413 :   REPOS_UPDATED=True
++ functions-common:update_package_repo:1414 :   RETRY_UPDATE=False
++ functions-common:update_package_repo:1416 :   [[ False = \T\r\u\e ]]
++ functions-common:update_package_repo:1420 :   is_ubuntu
++ functions-common:is_ubuntu:546           :   [[ -z deb ]]
++ functions-common:is_ubuntu:549           :   '[' deb = deb ']'
++ functions-common:update_package_repo:1421 :   apt_get_update
++ functions-common:apt_get_update:1166     :   [[ True == \T\r\u\e ]]
++ functions-common:apt_get_update:1166     :   [[ False != \T\r\u\e ]]
++ functions-common:apt_get_update:1167     :   return
++ functions-common:install_package:1439    :   real_install_package apache2 apache2-dev bc bsdmainutils curl g++ gawk gcc gettext git graphviz iputils-ping libffi-dev libjpeg-dev libpq-dev libssl-dev libsystemd-dev libxml2-dev libxslt1-dev libyaml-dev lsof openssh-server openssl pkg-config psmisc python3-dev python3-pip python3-systemd python3-venv tar tcpdump unzip uuid-runtime wget zlib1g-dev libkrb5-dev libldap2-dev libsasl2-dev memcached python3-mysqldb sqlite3 conntrack curl ebtables genisoimage iptables iputils-arping kpartx libjs-jquery-tablesorter parted pm-utils python3-mysqldb socat sqlite3 sudo vlan lsscsi open-iscsi cryptsetup dosfstools genisoimage gir1.2-libosinfo-1.0 netcat-openbsd open-iscsi qemu-utils sg3-utils sysfsutils lvm2 qemu-utils thin-provisioning-tools acl dnsmasq-base dnsmasq-utils ebtables haproxy iptables iputils-arping iputils-ping postgresql-server-dev-all python3-mysqldb sqlite3 sudo vlan pcp
++ functions-common:real_install_package:1426 :   is_ubuntu
++ functions-common:is_ubuntu:546           :   [[ -z deb ]]
++ functions-common:is_ubuntu:549           :   '[' deb = deb ']'
++ functions-common:real_install_package:1427 :   apt_get install apache2 apache2-dev bc bsdmainutils curl g++ gawk gcc gettext git graphviz iputils-ping libffi-dev libjpeg-dev libpq-dev libssl-dev libsystemd-dev libxml2-dev libxslt1-dev libyaml-dev lsof openssh-server openssl pkg-config psmisc python3-dev python3-pip python3-systemd python3-venv tar tcpdump unzip uuid-runtime wget zlib1g-dev libkrb5-dev libldap2-dev libsasl2-dev memcached python3-mysqldb sqlite3 conntrack curl ebtables genisoimage iptables iputils-arping kpartx libjs-jquery-tablesorter parted pm-utils python3-mysqldb socat sqlite3 sudo vlan lsscsi open-iscsi cryptsetup dosfstools genisoimage gir1.2-libosinfo-1.0 netcat-openbsd open-iscsi qemu-utils sg3-utils sysfsutils lvm2 qemu-utils thin-provisioning-tools acl dnsmasq-base dnsmasq-utils ebtables haproxy iptables iputils-arping iputils-ping postgresql-server-dev-all python3-mysqldb sqlite3 sudo vlan pcp
++ functions-common:apt_get:1207            :   sudo DEBIAN_FRONTEND=noninteractive http_proxy= https_proxy= no_proxy= apt-get --option Dpkg::Options::=--force-confold --assume-yes install apache2 apache2-dev bc bsdmainutils curl g++ gawk gcc gettext git graphviz iputils-ping libffi-dev libjpeg-dev libpq-dev libssl-dev libsystemd-dev libxml2-dev libxslt1-dev libyaml-dev lsof openssh-server openssl pkg-config psmisc python3-dev python3-pip python3-systemd python3-venv tar tcpdump unzip uuid-runtime wget zlib1g-dev libkrb5-dev libldap2-dev libsasl2-dev memcached python3-mysqldb sqlite3 conntrack curl ebtables genisoimage iptables iputils-arping kpartx libjs-jquery-tablesorter parted pm-utils python3-mysqldb socat sqlite3 sudo vlan lsscsi open-iscsi cryptsetup dosfstools genisoimage gir1.2-libosinfo-1.0 netcat-openbsd open-iscsi qemu-utils sg3-utils sysfsutils lvm2 qemu-utils thin-provisioning-tools acl dnsmasq-base dnsmasq-utils ebtables haproxy iptables iputils-arping iputils-ping postgresql-server-dev-all python3-mysqldb sqlite3 sudo vlan pcp
Reading package lists...
Building dependency tree...
Reading state information...
apache2 is already the newest version (2.4.58-1ubuntu8.15).
apache2-dev is already the newest version (2.4.58-1ubuntu8.15).
bc is already the newest version (1.07.1-3ubuntu4).
bsdmainutils is already the newest version (12.1.8).
curl is already the newest version (8.5.0-2ubuntu10.13).
g++ is already the newest version (4:13.2.0-7ubuntu1).
gawk is already the newest version (1:5.2.1-2ubuntu0.1).
gcc is already the newest version (4:13.2.0-7ubuntu1).
gettext is already the newest version (0.21-14ubuntu2).
git is already the newest version (1:2.43.0-1ubuntu7.3).
graphviz is already the newest version (2.42.2-9ubuntu0.1).
iputils-ping is already the newest version (3:20240117-1ubuntu0.1).
libffi-dev is already the newest version (3.4.6-1build1).
libjpeg-dev is already the newest version (8c-2ubuntu11).
libpq-dev is already the newest version (16.15-0ubuntu0.24.04.1).
libssl-dev is already the newest version (3.0.13-0ubuntu3.15).
libsystemd-dev is already the newest version (255.4-1ubuntu8.17).
libxml2-dev is already the newest version (2.9.14+dfsg-1.3ubuntu3.8).
libxslt1-dev is already the newest version (1.1.39-0exp1ubuntu0.24.04.3).
libyaml-dev is already the newest version (0.2.5-1build1).
lsof is already the newest version (4.95.0-1build3).
openssh-server is already the newest version (1:9.6p1-3ubuntu13.18).
openssl is already the newest version (3.0.13-0ubuntu3.15).
pkg-config is already the newest version (1.8.1-2build1).
psmisc is already the newest version (23.7-1build1).
python3-dev is already the newest version (3.12.3-0ubuntu2.1).
python3-pip is already the newest version (24.0+dfsg-1ubuntu1.3).
python3-systemd is already the newest version (235-1build4).
python3-venv is already the newest version (3.12.3-0ubuntu2.1).
tar is already the newest version (1.35+dfsg-3ubuntu0.4).
tcpdump is already the newest version (4.99.4-3ubuntu4.24.04.1).
unzip is already the newest version (6.0-28ubuntu4.1).
uuid-runtime is already the newest version (2.39.3-9ubuntu6.5).
wget is already the newest version (1.21.4-1ubuntu4.5).
zlib1g-dev is already the newest version (1:1.3.dfsg-3.1ubuntu2.1).
libkrb5-dev is already the newest version (1.20.1-6ubuntu2.8).
libldap2-dev is already the newest version (2.6.10+dfsg-0ubuntu0.24.04.1).
libsasl2-dev is already the newest version (2.1.28+dfsg1-5ubuntu3.1).
memcached is already the newest version (1.6.24-1ubuntu0.1).
python3-mysqldb is already the newest version (1.4.6-2build3).
sqlite3 is already the newest version (3.45.1-1ubuntu2.7).
conntrack is already the newest version (1:1.4.8-1ubuntu1).
ebtables is already the newest version (2.0.11-6build1).
genisoimage is already the newest version (9:1.1.11-3.5).
iptables is already the newest version (1.8.10-3ubuntu2).
iputils-arping is already the newest version (3:20240117-1ubuntu0.1).
kpartx is already the newest version (0.9.4-5ubuntu8.2).
libjs-jquery-tablesorter is already the newest version (1:2.31.3+dfsg1-3).
parted is already the newest version (3.6-4build1).
pm-utils is already the newest version (1.4.1-21).
socat is already the newest version (1.8.0.0-4ubuntu0.1).
sudo is already the newest version (1.9.15p5-3ubuntu5.24.04.2).
vlan is already the newest version (2.0.5ubuntu5).
lsscsi is already the newest version (0.32-1build1).
open-iscsi is already the newest version (2.1.9-3ubuntu5.4).
cryptsetup is already the newest version (2:2.7.0-1ubuntu4.2).
dosfstools is already the newest version (4.2-1.1build1).
gir1.2-libosinfo-1.0 is already the newest version (1.11.0-2build3).
netcat-openbsd is already the newest version (1.226-1ubuntu2).
qemu-utils is already the newest version (1:8.2.2+ds-0ubuntu1.18).
sg3-utils is already the newest version (1.46-3ubuntu4).
sysfsutils is already the newest version (2.1.1-6build1).
lvm2 is already the newest version (2.03.16-3ubuntu3.2).
thin-provisioning-tools is already the newest version (0.9.0-2ubuntu5.1).
acl is already the newest version (2.3.2-1build1.1).
dnsmasq-base is already the newest version (2.90-2ubuntu0.4).
dnsmasq-utils is already the newest version (2.90-2ubuntu0.4).
haproxy is already the newest version (2.8.16-0ubuntu0.24.04.3).
postgresql-server-dev-all is already the newest version (257build1.1).
pcp is already the newest version (6.2.0-1.1build4).
The following packages were automatically installed and are no longer required:
  alembic keystone-common pycadf-common python3-alembic python3-amqp
  python3-aniso8601 python3-asgiref python3-bs4 python3-cssselect
  python3-debtcollector python3-decorator python3-defusedxml python3-dnspython
  python3-dogpile.cache python3-elementpath python3-eventlet python3-fasteners
  python3-flask python3-flask-restful python3-futurist python3-greenlet
  python3-html5lib python3-iso8601 python3-itsdangerous python3-keystoneauth1
  python3-keystoneclient python3-keystonemiddleware python3-kombu python3-ldap
  python3-lxml python3-mako python3-memcache python3-migrate python3-monotonic
  python3-msgpack python3-os-service-types python3-oslo.cache
  python3-oslo.concurrency python3-oslo.config python3-oslo.context
  python3-oslo.db python3-oslo.i18n python3-oslo.log python3-oslo.metrics
  python3-oslo.middleware python3-oslo.policy python3-oslo.serialization
  python3-oslo.upgradecheck python3-oslo.utils python3-osprofiler
  python3-passlib python3-paste python3-pastedeploy python3-pastedeploy-tpl
  python3-pastescript python3-prometheus-client python3-pyasyncore
  python3-pycadf python3-pyinotify python3-pymysql python3-pysaml2
  python3-repoze.lru python3-rfc3986 python3-routes python3-scrypt
  python3-simplejson python3-soupsieve python3-sqlalchemy
  python3-sqlalchemy-ext python3-sqlparse python3-statsd python3-tempita
  python3-tenacity python3-testscenarios python3-vine python3-webencodings
  python3-webob python3-werkzeug python3-wrapt python3-xmlschema xmlsec1
Use 'sudo apt autoremove' to remove them.
0 upgraded, 0 newly installed, 0 to remove and 80 not upgraded.
++ functions-common:apt_get:1211            :   result=0
++ functions-common:apt_get:1214            :   time_stop apt-get
++ functions-common:time_stop:2420          :   local name
++ functions-common:time_stop:2421          :   local end_time
++ functions-common:time_stop:2422          :   local elapsed_time
++ functions-common:time_stop:2423          :   local total
++ functions-common:time_stop:2424          :   local start_time
++ functions-common:time_stop:2426          :   name=apt-get
++ functions-common:time_stop:2427          :   start_time=1787877595974
++ functions-common:time_stop:2429          :   [[ -z 1787877595974 ]]
+++ functions-common:time_stop:2432          :   date +%s%3N
++ functions-common:time_stop:2432          :   end_time=1787877596590
++ functions-common:time_stop:2433          :   elapsed_time=616
++ functions-common:time_stop:2434          :   total=1115
++ functions-common:time_stop:2436          :   _TIME_START[$name]=
++ functions-common:time_stop:2437          :   _TIME_TOTAL[$name]=1731
++ functions-common:apt_get:1215            :   return 0
++ tools/install_prereqs.sh:source:74       :   [[ -n False ]]
++ tools/install_prereqs.sh:source:74       :   [[ False != \F\a\l\s\e ]]
+++ tools/install_prereqs.sh:source:83       :   which python3.12
++ tools/install_prereqs.sh:source:83       :   export PYTHON=/usr/bin/python3.12
++ tools/install_prereqs.sh:source:83       :   PYTHON=/usr/bin/python3.12
++ tools/install_prereqs.sh:source:88       :   date +%s
++ tools/install_prereqs.sh:source:89       :   date
+ ./stack.sh:main:801                      :   [[ False != \T\r\u\e ]]
+ ./stack.sh:main:802                      :   PYPI_ALTERNATIVE_URL=
+ ./stack.sh:main:802                      :   /home/slave/devstack/tools/install_pip.sh
+ tools/install_pip.sh:main:25             :   FILES=/home/slave/devstack/files
+ tools/install_pip.sh:main:40             :   PIP_GET_PIP_URL=https://bootstrap.pypa.io/get-pip.py
+ tools/install_pip.sh:main:42             :   GetDistro
+ functions-common:GetDistro:472           :   GetOSVersion
+ functions-common:GetOSVersion:442        :   source /etc/os-release
++ /etc/os-release:source:1                 :   PRETTY_NAME='Ubuntu 24.04.3 LTS'
++ /etc/os-release:source:2                 :   NAME=Ubuntu
++ /etc/os-release:source:3                 :   VERSION_ID=24.04
++ /etc/os-release:source:4                 :   VERSION='24.04.3 LTS (Noble Numbat)'
++ /etc/os-release:source:5                 :   VERSION_CODENAME=noble
++ /etc/os-release:source:6                 :   ID=ubuntu
++ /etc/os-release:source:7                 :   ID_LIKE=debian
++ /etc/os-release:source:8                 :   HOME_URL=https://www.ubuntu.com/
++ /etc/os-release:source:9                 :   SUPPORT_URL=https://help.ubuntu.com/
++ /etc/os-release:source:10                :   BUG_REPORT_URL=https://bugs.launchpad.net/ubuntu/
++ /etc/os-release:source:11                :   PRIVACY_POLICY_URL=https://www.ubuntu.com/legal/terms-and-policies/privacy-policy
++ /etc/os-release:source:12                :   UBUNTU_CODENAME=noble
++ /etc/os-release:source:13                :   LOGO=ubuntu-logo
+ functions-common:GetOSVersion:443        :   [[ ubuntu =~ (almalinux|centos|rocky|rhel) ]]
+ functions-common:GetOSVersion:448        :   _ensure_lsb_release
++ functions-common:_ensure_lsb_release:419 :   command -v lsb_release
+ functions-common:_ensure_lsb_release:419 :   [[ -x /usr/bin/lsb_release ]]
+ functions-common:_ensure_lsb_release:420 :   return
++ functions-common:GetOSVersion:450        :   lsb_release -r -s
+ functions-common:GetOSVersion:450        :   os_RELEASE=24.04
++ functions-common:GetOSVersion:451        :   lsb_release -c -s
+ functions-common:GetOSVersion:451        :   os_CODENAME=noble
++ functions-common:GetOSVersion:452        :   lsb_release -i -s
+ functions-common:GetOSVersion:452        :   os_VENDOR=Ubuntu
+ functions-common:GetOSVersion:455        :   [[ Ubuntu =~ (Debian|Ubuntu) ]]
+ functions-common:GetOSVersion:456        :   os_PACKAGE=deb
+ functions-common:GetOSVersion:461        :   typeset -xr os_VENDOR
+ functions-common:GetOSVersion:462        :   typeset -xr os_RELEASE
+ functions-common:GetOSVersion:463        :   typeset -xr os_PACKAGE
+ functions-common:GetOSVersion:464        :   typeset -xr os_CODENAME
+ functions-common:GetDistro:473           :   [[ Ubuntu =~ (Ubuntu) ]]
+ functions-common:GetDistro:476           :   DISTRO=noble
+ functions-common:GetDistro:513           :   typeset -xr DISTRO
+ tools/install_pip.sh:main:43             :   echo 'Distro: noble'
Distro: noble
+ tools/install_pip.sh:main:117            :   get_versions
++ tools/install_pip.sh:get_versions:48     :   which pip
+ tools/install_pip.sh:get_versions:48     :   PIP=/usr/bin/pip
+ tools/install_pip.sh:get_versions:49     :   [[ -n /usr/bin/pip ]]
++ tools/install_pip.sh:get_versions:50     :   /usr/bin/pip --version
++ tools/install_pip.sh:get_versions:50     :   awk '{ print $2}'
+ tools/install_pip.sh:get_versions:50     :   PIP_VERSION=24.0
+ tools/install_pip.sh:get_versions:51     :   echo 'pip: 24.0'
pip: 24.0
+ tools/install_pip.sh:main:119            :   [[ -n '' ]]
+ tools/install_pip.sh:main:123            :   is_fedora
+ functions-common:is_fedora:526           :   [[ -z Ubuntu ]]
+ functions-common:is_fedora:530           :   '[' Ubuntu = Fedora ']'
+ functions-common:is_fedora:530           :   '[' Ubuntu = 'Red Hat' ']'
+ functions-common:is_fedora:531           :   '[' Ubuntu = openEuler ']'
+ functions-common:is_fedora:532           :   '[' Ubuntu = RedHatEnterpriseServer ']'
+ functions-common:is_fedora:533           :   '[' Ubuntu = RedHatEnterprise ']'
+ functions-common:is_fedora:534           :   '[' Ubuntu = RedHatEnterpriseLinux ']'
+ functions-common:is_fedora:535           :   '[' Ubuntu = RockyLinux ']'
+ functions-common:is_fedora:536           :   '[' Ubuntu = CentOS ']'
+ functions-common:is_fedora:536           :   '[' Ubuntu = CentOSStream ']'
+ functions-common:is_fedora:537           :   '[' Ubuntu = AlmaLinux ']'
+ functions-common:is_fedora:538           :   '[' Ubuntu = OracleServer ']'
+ functions-common:is_fedora:538           :   '[' Ubuntu = Virtuozzo ']'
+ tools/install_pip.sh:main:134            :   is_ubuntu
+ functions-common:is_ubuntu:546           :   [[ -z deb ]]
+ functions-common:is_ubuntu:549           :   '[' deb = deb ']'
+ tools/install_pip.sh:main:137            :   sed -i -e /setuptools/d /opt/stack/requirements/upper-constraints.txt
+ tools/install_pip.sh:main:146            :   set -x
+ tools/install_pip.sh:main:149            :   get_versions
++ tools/install_pip.sh:get_versions:48     :   which pip
+ tools/install_pip.sh:get_versions:48     :   PIP=/usr/bin/pip
+ tools/install_pip.sh:get_versions:49     :   [[ -n /usr/bin/pip ]]
++ tools/install_pip.sh:get_versions:50     :   /usr/bin/pip --version
++ tools/install_pip.sh:get_versions:50     :   awk '{ print $2}'
+ tools/install_pip.sh:get_versions:50     :   PIP_VERSION=24.0
+ tools/install_pip.sh:get_versions:51     :   echo 'pip: 24.0'
pip: 24.0
+ ./stack.sh:main:806                      :   source /home/slave/devstack/tools/fixup_stuff.sh
++ tools/fixup_stuff.sh:source:12           :   [[ -z /home/slave/devstack ]]
+ ./stack.sh:main:807                      :   fixup_all
+ tools/fixup_stuff.sh:fixup_all:111       :   fixup_ubuntu
+ tools/fixup_stuff.sh:fixup_ubuntu:95     :   is_ubuntu
+ functions-common:is_ubuntu:546           :   [[ -z deb ]]
+ functions-common:is_ubuntu:549           :   '[' deb = deb ']'
+ tools/fixup_stuff.sh:fixup_ubuntu:105    :   sudo rm -rf '/usr/lib/python3/dist-packages/PyYAML-*.egg-info'
+ tools/fixup_stuff.sh:fixup_ubuntu:106    :   sudo rm -rf '/usr/lib/python3/dist-packages/pyasn1_modules-*.egg-info'
+ tools/fixup_stuff.sh:fixup_ubuntu:107    :   sudo rm -rf '/usr/lib/python3/dist-packages/simplejson-*.egg-info'
+ tools/fixup_stuff.sh:fixup_all:112       :   fixup_fedora
+ tools/fixup_stuff.sh:fixup_fedora:33     :   is_fedora
+ functions-common:is_fedora:526           :   [[ -z Ubuntu ]]
+ functions-common:is_fedora:530           :   '[' Ubuntu = Fedora ']'
+ functions-common:is_fedora:530           :   '[' Ubuntu = 'Red Hat' ']'
+ functions-common:is_fedora:531           :   '[' Ubuntu = openEuler ']'
+ functions-common:is_fedora:532           :   '[' Ubuntu = RedHatEnterpriseServer ']'
+ functions-common:is_fedora:533           :   '[' Ubuntu = RedHatEnterprise ']'
+ functions-common:is_fedora:534           :   '[' Ubuntu = RedHatEnterpriseLinux ']'
+ functions-common:is_fedora:535           :   '[' Ubuntu = RockyLinux ']'
+ functions-common:is_fedora:536           :   '[' Ubuntu = CentOS ']'
+ functions-common:is_fedora:536           :   '[' Ubuntu = CentOSStream ']'
+ functions-common:is_fedora:537           :   '[' Ubuntu = AlmaLinux ']'
+ functions-common:is_fedora:538           :   '[' Ubuntu = OracleServer ']'
+ functions-common:is_fedora:538           :   '[' Ubuntu = Virtuozzo ']'
+ tools/fixup_stuff.sh:fixup_fedora:34     :   return
+ ./stack.sh:main:809                      :   [[ True == \T\r\u\e ]]
+ ./stack.sh:main:811                      :   sudo ln -sf /opt/stack/data/venv/bin/cinder-manage /usr/local/bin
+ ./stack.sh:main:812                      :   sudo ln -sf /opt/stack/data/venv/bin/cinder-rtstool /usr/local/bin
+ ./stack.sh:main:813                      :   sudo ln -sf /opt/stack/data/venv/bin/glance /usr/local/bin
+ ./stack.sh:main:814                      :   sudo ln -sf /opt/stack/data/venv/bin/nova-manage /usr/local/bin
+ ./stack.sh:main:815                      :   sudo ln -sf /opt/stack/data/venv/bin/openstack /usr/local/bin
+ ./stack.sh:main:816                      :   sudo ln -sf /opt/stack/data/venv/bin/privsep-helper /usr/local/bin
+ ./stack.sh:main:817                      :   sudo ln -sf /opt/stack/data/venv/bin/rally /usr/local/bin
+ ./stack.sh:main:818                      :   sudo ln -sf /opt/stack/data/venv/bin/tox /usr/local/bin
+ ./stack.sh:main:820                      :   setup_devstack_virtualenv
+ inc/python:setup_devstack_virtualenv:39  :   [[ ! -d /opt/stack/data/venv ]]
+ inc/python:setup_devstack_virtualenv:43  :   /usr/bin/python3.12 -m venv --system-site-packages /opt/stack/data/venv
+ inc/python:setup_devstack_virtualenv:44  :   pip_install -U pip 'setuptools[core]'
Using python 3.12 to install setuptools
+ inc/python:pip_install:210               :   env http_proxy= https_proxy= no_proxy= PIP_FIND_LINKS= /opt/stack/data/venv/bin/pip install -c /opt/stack/requirements/upper-constraints.txt -U pip 'setuptools[core]'
Requirement already satisfied: pip in /opt/stack/data/venv/lib/python3.12/site-packages (24.0)
Collecting pip
  Using cached pip-26.2.1-py3-none-any.whl.metadata (4.6 kB)
Requirement already satisfied: setuptools[core] in /usr/lib/python3/dist-packages (68.1.2)
Collecting setuptools[core]
  Using cached setuptools-84.0.0-py3-none-any.whl.metadata (6.6 kB)
Collecting packaging>=24.2 (from setuptools[core])
  Using cached packaging-26.3-py3-none-any.whl.metadata (3.5 kB)
Collecting more_itertools>=8.8 (from setuptools[core])
  Using cached more_itertools-11.1.0-py3-none-any.whl.metadata (41 kB)
Collecting jaraco.text>=3.7 (from setuptools[core])
  Using cached jaraco_text-4.3.0-py3-none-any.whl.metadata (3.8 kB)
Collecting wheel>=0.43.0 (from setuptools[core])
  Using cached wheel-0.48.0-py3-none-any.whl.metadata (2.3 kB)
Collecting jaraco.functools>=4 (from setuptools[core])
  Using cached jaraco_functools-4.6.0-py3-none-any.whl.metadata (2.9 kB)
Collecting jaraco.context>=4.1 (from jaraco.text>=3.7->setuptools[core])
  Using cached jaraco_context-6.1.2-py3-none-any.whl.metadata (4.2 kB)
Collecting typer-slim (from jaraco.text>=3.7->setuptools[core])
  Using cached typer_slim-0.24.0-py3-none-any.whl.metadata (4.2 kB)
Collecting typer>=0.24.0 (from typer-slim->jaraco.text>=3.7->setuptools[core])
  Using cached typer-0.27.1-py3-none-any.whl.metadata (16 kB)
Collecting shellingham>=1.3.0 (from typer>=0.24.0->typer-slim->jaraco.text>=3.7->setuptools[core])
  Using cached shellingham-1.5.4-py2.py3-none-any.whl.metadata (3.5 kB)
Collecting rich>=13.8.0 (from typer>=0.24.0->typer-slim->jaraco.text>=3.7->setuptools[core])
  Using cached rich-15.0.0-py3-none-any.whl.metadata (18 kB)
Collecting annotated-doc>=0.0.2 (from typer>=0.24.0->typer-slim->jaraco.text>=3.7->setuptools[core])
  Using cached annotated_doc-0.0.5-py3-none-any.whl.metadata (6.5 kB)
Collecting markdown-it-py>=2.2.0 (from rich>=13.8.0->typer>=0.24.0->typer-slim->jaraco.text>=3.7->setuptools[core])
  Using cached markdown_it_py-4.2.0-py3-none-any.whl.metadata (7.4 kB)
Collecting pygments<3.0.0,>=2.13.0 (from rich>=13.8.0->typer>=0.24.0->typer-slim->jaraco.text>=3.7->setuptools[core])
  Using cached pygments-2.20.0-py3-none-any.whl.metadata (2.5 kB)
Requirement already satisfied: mdurl~=0.1 in /usr/lib/python3/dist-packages (from markdown-it-py>=2.2.0->rich>=13.8.0->typer>=0.24.0->typer-slim->jaraco.text>=3.7->setuptools[core]) (0.1.2)
Using cached pip-26.2.1-py3-none-any.whl (1.8 MB)
Using cached jaraco_functools-4.6.0-py3-none-any.whl (11 kB)
Using cached jaraco_text-4.3.0-py3-none-any.whl (14 kB)
Using cached more_itertools-11.1.0-py3-none-any.whl (72 kB)
Using cached packaging-26.3-py3-none-any.whl (129 kB)
Using cached wheel-0.48.0-py3-none-any.whl (33 kB)
Using cached setuptools-84.0.0-py3-none-any.whl (818 kB)
Using cached jaraco_context-6.1.2-py3-none-any.whl (7.9 kB)
Using cached typer_slim-0.24.0-py3-none-any.whl (3.4 kB)
Using cached typer-0.27.1-py3-none-any.whl (122 kB)
Using cached annotated_doc-0.0.5-py3-none-any.whl (5.3 kB)
Using cached rich-15.0.0-py3-none-any.whl (310 kB)
Using cached shellingham-1.5.4-py2.py3-none-any.whl (9.8 kB)
Using cached markdown_it_py-4.2.0-py3-none-any.whl (91 kB)
Using cached pygments-2.20.0-py3-none-any.whl (1.2 MB)
Installing collected packages: shellingham, setuptools, pygments, pip, packaging, more_itertools, markdown-it-py, jaraco.context, annotated-doc, wheel, rich, jaraco.functools, typer, typer-slim, jaraco.text
  Attempting uninstall: setuptools
    Found existing installation: setuptools 68.1.2
    Not uninstalling setuptools at /usr/lib/python3/dist-packages, outside environment /opt/stack/data/venv
    Can't uninstall 'setuptools'. No files were found to uninstall.
  Attempting uninstall: pygments
    Found existing installation: Pygments 2.17.2
    Not uninstalling pygments at /usr/lib/python3/dist-packages, outside environment /opt/stack/data/venv
    Can't uninstall 'Pygments'. No files were found to uninstall.
  Attempting uninstall: pip
    Found existing installation: pip 24.0
    Uninstalling pip-24.0:
      Successfully uninstalled pip-24.0
  Attempting uninstall: packaging
    Found existing installation: packaging 24.0
    Not uninstalling packaging at /usr/lib/python3/dist-packages, outside environment /opt/stack/data/venv
    Can't uninstall 'packaging'. No files were found to uninstall.
  Attempting uninstall: more_itertools
    Found existing installation: more-itertools 10.2.0
    Not uninstalling more-itertools at /usr/lib/python3/dist-packages, outside environment /opt/stack/data/venv
    Can't uninstall 'more-itertools'. No files were found to uninstall.
  Attempting uninstall: markdown-it-py
    Found existing installation: markdown-it-py 3.0.0
    Not uninstalling markdown-it-py at /usr/lib/python3/dist-packages, outside environment /opt/stack/data/venv
    Can't uninstall 'markdown-it-py'. No files were found to uninstall.
  Attempting uninstall: wheel
    Found existing installation: wheel 0.42.0
    Not uninstalling wheel at /usr/lib/python3/dist-packages, outside environment /opt/stack/data/venv
    Can't uninstall 'wheel'. No files were found to uninstall.
  Attempting uninstall: rich
    Found existing installation: rich 13.7.1
    Not uninstalling rich at /usr/lib/python3/dist-packages, outside environment /opt/stack/data/venv
    Can't uninstall 'rich'. No files were found to uninstall.
ERROR: pip's dependency resolver does not currently take into account all the packages that are installed. This behaviour is the source of the following dependency conflicts.
tox 4.13.0 requires cachetools>=5.3.2, but you have cachetools 5.3.0 which is incompatible.
Successfully installed annotated-doc-0.0.5 jaraco.context-6.1.2 jaraco.functools-4.6.0 jaraco.text-4.3.0 markdown-it-py-4.2.0 more_itertools-11.1.0 packaging-26.3 pip-26.2.1 pygments-2.20.0 rich-15.0.0 setuptools-84.0.0 shellingham-1.5.4 typer-0.27.1 typer-slim-0.24.0 wheel-0.48.0
+ inc/python:pip_install:216               :   result=0
+ inc/python:pip_install:218               :   time_stop pip_install
+ functions-common:time_stop:2420          :   local name
+ functions-common:time_stop:2421          :   local end_time
+ functions-common:time_stop:2422          :   local elapsed_time
+ functions-common:time_stop:2423          :   local total
+ functions-common:time_stop:2424          :   local start_time
+ functions-common:time_stop:2426          :   name=pip_install
+ functions-common:time_stop:2427          :   start_time=1787877602542
+ functions-common:time_stop:2429          :   [[ -z 1787877602542 ]]
++ functions-common:time_stop:2432          :   date +%s%3N
+ functions-common:time_stop:2432          :   end_time=1787877611886
+ functions-common:time_stop:2433          :   elapsed_time=9344
+ functions-common:time_stop:2434          :   total=0
+ functions-common:time_stop:2436          :   _TIME_START[$name]=
+ functions-common:time_stop:2437          :   _TIME_TOTAL[$name]=9344
+ inc/python:pip_install:219               :   return 0
+ inc/python:setup_devstack_virtualenv:46  :   [[ :/usr/local/sbin:/usr/local/bin:/usr/sbin:/usr/bin:/sbin:/bin:/usr/games:/usr/local/games:/snap/bin:/usr/local/bin:/usr/local/sbin:/usr/sbin:/sbin: != *\:\/\o\p\t\/\s\t\a\c\k\/\d\a\t\a\/\v\e\n\v\/\b\i\n\:* ]]
+ inc/python:setup_devstack_virtualenv:47  :   export PATH=/opt/stack/data/venv/bin:/usr/local/sbin:/usr/local/bin:/usr/sbin:/usr/bin:/sbin:/bin:/usr/games:/usr/local/games:/snap/bin:/usr/local/bin:/usr/local/sbin:/usr/sbin:/sbin
+ inc/python:setup_devstack_virtualenv:47  :   PATH=/opt/stack/data/venv/bin:/usr/local/sbin:/usr/local/bin:/usr/sbin:/usr/bin:/sbin:/bin:/usr/games:/usr/local/games:/snap/bin:/usr/local/bin:/usr/local/sbin:/usr/sbin:/sbin
+ inc/python:setup_devstack_virtualenv:48  :   export PYTHON=/opt/stack/data/venv/bin/python3
+ inc/python:setup_devstack_virtualenv:48  :   PYTHON=/opt/stack/data/venv/bin/python3
+ ./stack.sh:main:824                      :   pip_install -U os-testr
Using python 3.12 to install os-testr
+ inc/python:pip_install:210               :   env http_proxy= https_proxy= no_proxy= PIP_FIND_LINKS= /opt/stack/data/venv/bin/pip install -c /opt/stack/requirements/upper-constraints.txt -U os-testr
Collecting os-testr
  Using cached os_testr-3.0.0-py3-none-any.whl.metadata (1.8 kB)
Collecting pbr!=2.1.0,>=2.0.0 (from os-testr)
  Using cached pbr-7.0.3-py2.py3-none-any.whl.metadata (3.8 kB)
Collecting python-subunit>=1.0.0 (from os-testr)
  Using cached python_subunit-1.4.6-py3-none-any.whl.metadata (22 kB)
Collecting testtools>=2.2.0 (from os-testr)
  Using cached testtools-2.9.1-py3-none-any.whl.metadata (5.4 kB)
Requirement already satisfied: setuptools in /opt/stack/data/venv/lib/python3.12/site-packages (from pbr!=2.1.0,>=2.0.0->os-testr) (84.0.0)
Collecting iso8601 (from python-subunit>=1.0.0->os-testr)
  Using cached iso8601-2.1.0-py3-none-any.whl.metadata (3.7 kB)
Collecting PyYAML (from python-subunit>=1.0.0->os-testr)
  Using cached pyyaml-6.0.3-cp312-cp312-manylinux2014_x86_64.manylinux_2_17_x86_64.manylinux_2_28_x86_64.whl.metadata (2.4 kB)
Using cached os_testr-3.0.0-py3-none-any.whl (32 kB)
Using cached pbr-7.0.3-py2.py3-none-any.whl (131 kB)
Using cached python_subunit-1.4.6-py3-none-any.whl (77 kB)
Using cached testtools-2.9.1-py3-none-any.whl (110 kB)
Using cached iso8601-2.1.0-py3-none-any.whl (7.5 kB)
Using cached pyyaml-6.0.3-cp312-cp312-manylinux2014_x86_64.manylinux_2_17_x86_64.manylinux_2_28_x86_64.whl (807 kB)
Installing collected packages: testtools, PyYAML, pbr, iso8601, python-subunit, os-testr
  Attempting uninstall: testtools
    Found existing installation: testtools 2.7.1
    Not uninstalling testtools at /usr/lib/python3/dist-packages, outside environment /opt/stack/data/venv
    Can't uninstall 'testtools'. No files were found to uninstall.
  Attempting uninstall: PyYAML
    Found existing installation: PyYAML 6.0.1
    Not uninstalling pyyaml at /usr/lib/python3/dist-packages, outside environment /opt/stack/data/venv
    Can't uninstall 'PyYAML'. No files were found to uninstall.
  Attempting uninstall: pbr
    Found existing installation: pbr 5.11.1
    Not uninstalling pbr at /usr/lib/python3/dist-packages, outside environment /opt/stack/data/venv
    Can't uninstall 'pbr'. No files were found to uninstall.
  Attempting uninstall: iso8601
    Found existing installation: iso8601 1.0.2
    Not uninstalling iso8601 at /usr/lib/python3/dist-packages, outside environment /opt/stack/data/venv
    Can't uninstall 'iso8601'. No files were found to uninstall.
  Attempting uninstall: python-subunit
    Found existing installation: python-subunit 1.4.2
    Not uninstalling python-subunit at /usr/lib/python3/dist-packages, outside environment /opt/stack/data/venv
    Can't uninstall 'python-subunit'. No files were found to uninstall.
  Attempting uninstall: os-testr
    Found existing installation: os-testr 3.0.1.dev12
    Not uninstalling os-testr at /usr/local/lib/python3.12/dist-packages, outside environment /opt/stack/data/venv
    Can't uninstall 'os-testr'. No files were found to uninstall.

Successfully installed PyYAML-6.0.3 iso8601-2.1.0 os-testr-3.0.0 pbr-7.0.3 python-subunit-1.4.6 testtools-2.9.1
+ inc/python:pip_install:216               :   result=0
+ inc/python:pip_install:218               :   time_stop pip_install
+ functions-common:time_stop:2420          :   local name
+ functions-common:time_stop:2421          :   local end_time
+ functions-common:time_stop:2422          :   local elapsed_time
+ functions-common:time_stop:2423          :   local total
+ functions-common:time_stop:2424          :   local start_time
+ functions-common:time_stop:2426          :   name=pip_install
+ functions-common:time_stop:2427          :   start_time=1787877611925
+ functions-common:time_stop:2429          :   [[ -z 1787877611925 ]]
++ functions-common:time_stop:2432          :   date +%s%3N
+ functions-common:time_stop:2432          :   end_time=1787877614276
+ functions-common:time_stop:2433          :   elapsed_time=2351
+ functions-common:time_stop:2434          :   total=9344
+ functions-common:time_stop:2436          :   _TIME_START[$name]=
+ functions-common:time_stop:2437          :   _TIME_TOTAL[$name]=11695
+ inc/python:pip_install:219               :   return 0
+ ./stack.sh:main:828                      :   iniset -sudo /etc/systemd/journald.conf Journal RateLimitBurst 0
+ ./stack.sh:main:829                      :   sudo systemctl restart systemd-journald
+ ./stack.sh:main:835                      :   install_infra
+ lib/infra:install_infra:31               :   local PIP_VIRTUAL_ENV=/opt/stack/requirements/.venv
+ lib/infra:install_infra:32               :   '[' '!' -d /opt/stack/requirements/.venv ']'
+ lib/infra:install_infra:34               :   PIP_VIRTUAL_ENV=/opt/stack/requirements/.venv
+ lib/infra:install_infra:34               :   pip_install -U pbr 'setuptools[core]'
+ inc/python:pip_install:210               :   env http_proxy= https_proxy= no_proxy= PIP_FIND_LINKS= /opt/stack/requirements/.venv/bin/pip install -c /opt/stack/requirements/upper-constraints.txt -U pbr 'setuptools[core]'
Requirement already satisfied: pbr in /opt/stack/requirements/.venv/lib/python3.12/site-packages (7.0.3)
Requirement already satisfied: setuptools[core] in /opt/stack/requirements/.venv/lib/python3.12/site-packages (84.0.0)
Requirement already satisfied: packaging>=24.2 in /opt/stack/requirements/.venv/lib/python3.12/site-packages (from setuptools[core]) (26.3)
Requirement already satisfied: more_itertools>=8.8 in /opt/stack/requirements/.venv/lib/python3.12/site-packages (from setuptools[core]) (11.1.0)
Requirement already satisfied: jaraco.text>=3.7 in /opt/stack/requirements/.venv/lib/python3.12/site-packages (from setuptools[core]) (4.0.0)
Requirement already satisfied: wheel>=0.43.0 in /opt/stack/requirements/.venv/lib/python3.12/site-packages (from setuptools[core]) (0.45.1)
Requirement already satisfied: jaraco.functools>=4 in /opt/stack/requirements/.venv/lib/python3.12/site-packages (from setuptools[core]) (4.6.0)
Requirement already satisfied: jaraco.context>=4.1 in /opt/stack/requirements/.venv/lib/python3.12/site-packages (from jaraco.text>=3.7->setuptools[core]) (6.1.2)
Requirement already satisfied: autocommand in /opt/stack/requirements/.venv/lib/python3.12/site-packages (from jaraco.text>=3.7->setuptools[core]) (2.2.2)
+ inc/python:pip_install:216               :   result=0
+ inc/python:pip_install:218               :   time_stop pip_install
+ functions-common:time_stop:2420          :   local name
+ functions-common:time_stop:2421          :   local end_time
+ functions-common:time_stop:2422          :   local elapsed_time
+ functions-common:time_stop:2423          :   local total
+ functions-common:time_stop:2424          :   local start_time
+ functions-common:time_stop:2426          :   name=pip_install
+ functions-common:time_stop:2427          :   start_time=1787877614455
+ functions-common:time_stop:2429          :   [[ -z 1787877614455 ]]
++ functions-common:time_stop:2432          :   date +%s%3N
+ functions-common:time_stop:2432          :   end_time=1787877617598
+ functions-common:time_stop:2433          :   elapsed_time=3143
+ functions-common:time_stop:2434          :   total=11695
+ functions-common:time_stop:2436          :   _TIME_START[$name]=
+ functions-common:time_stop:2437          :   _TIME_TOTAL[$name]=14838
+ inc/python:pip_install:219               :   return 0
+ lib/infra:install_infra:35               :   PIP_VIRTUAL_ENV=/opt/stack/requirements/.venv
+ lib/infra:install_infra:35               :   pip_install /opt/stack/requirements
+ inc/python:pip_install:210               :   env http_proxy= https_proxy= no_proxy= PIP_FIND_LINKS= /opt/stack/requirements/.venv/bin/pip install -c /opt/stack/requirements/upper-constraints.txt /opt/stack/requirements
Processing /opt/stack/requirements
  Installing build dependencies: started
  Installing build dependencies: finished with status 'done'
  Getting requirements to build wheel: started
  Getting requirements to build wheel: finished with status 'done'
  Preparing metadata (pyproject.toml): started
  Preparing metadata (pyproject.toml): finished with status 'done'
Requirement already satisfied: fixtures>=3.0.0 in /opt/stack/requirements/.venv/lib/python3.12/site-packages (from openstack_requirements==1.2.1.dev8599) (4.3.2)
Requirement already satisfied: packaging!=20.5,!=20.6,!=20.7,>=16.5 in /opt/stack/requirements/.venv/lib/python3.12/site-packages (from openstack_requirements==1.2.1.dev8599) (26.3)
Requirement already satisfied: requests>=2.14.2 in /opt/stack/requirements/.venv/lib/python3.12/site-packages (from openstack_requirements==1.2.1.dev8599) (2.34.2)
Requirement already satisfied: PyYAML>=3.12 in /opt/stack/requirements/.venv/lib/python3.12/site-packages (from openstack_requirements==1.2.1.dev8599) (6.0.3)
Requirement already satisfied: beagle>=0.2.1 in /opt/stack/requirements/.venv/lib/python3.12/site-packages (from openstack_requirements==1.2.1.dev8599) (0.5.0)
Requirement already satisfied: setuptools!=24.0.0,!=34.0.0,!=34.0.1,!=34.0.2,!=34.0.3,!=34.1.0,!=34.1.1,!=34.2.0,!=34.3.0,!=34.3.1,!=34.3.2,!=36.2.0,>=21.0.0 in /opt/stack/requirements/.venv/lib/python3.12/site-packages (from openstack_requirements==1.2.1.dev8599) (84.0.0)
Requirement already satisfied: charset_normalizer<4,>=2 in /opt/stack/requirements/.venv/lib/python3.12/site-packages (from requests>=2.14.2->openstack_requirements==1.2.1.dev8599) (3.5.0)
Requirement already satisfied: idna<4,>=2.5 in /opt/stack/requirements/.venv/lib/python3.12/site-packages (from requests>=2.14.2->openstack_requirements==1.2.1.dev8599) (3.18)
Requirement already satisfied: urllib3<3,>=1.26 in /opt/stack/requirements/.venv/lib/python3.12/site-packages (from requests>=2.14.2->openstack_requirements==1.2.1.dev8599) (2.7.0)
Requirement already satisfied: certifi>=2023.5.7 in /opt/stack/requirements/.venv/lib/python3.12/site-packages (from requests>=2.14.2->openstack_requirements==1.2.1.dev8599) (2025.11.12)
Building wheels for collected packages: openstack_requirements
  Building wheel for openstack_requirements (pyproject.toml): started
  Building wheel for openstack_requirements (pyproject.toml): finished with status 'done'
  Created wheel for openstack_requirements: filename=openstack_requirements-1.2.1.dev8599-py3-none-any.whl size=65545 sha256=2d3d3249d7a6351450436d0570daf558b50eeb899a6bd9de1f737b683d2eb19b
  Stored in directory: /tmp/pip-ephem-wheel-cache-4egpfonw/wheels/09/5d/92/4cd2c84803dbd4129257ae3d0359353f58d376e96c4633bda7
Successfully built openstack_requirements
Installing collected packages: openstack_requirements
  Attempting uninstall: openstack_requirements
    Found existing installation: openstack_requirements 1.2.1.dev8599
    Uninstalling openstack_requirements-1.2.1.dev8599:
      Successfully uninstalled openstack_requirements-1.2.1.dev8599
Successfully installed openstack_requirements-1.2.1.dev8599
+ inc/python:pip_install:216               :   result=0
+ inc/python:pip_install:218               :   time_stop pip_install
+ functions-common:time_stop:2420          :   local name
+ functions-common:time_stop:2421          :   local end_time
+ functions-common:time_stop:2422          :   local elapsed_time
+ functions-common:time_stop:2423          :   local total
+ functions-common:time_stop:2424          :   local start_time
+ functions-common:time_stop:2426          :   name=pip_install
+ functions-common:time_stop:2427          :   start_time=1787877617629
+ functions-common:time_stop:2429          :   [[ -z 1787877617629 ]]
++ functions-common:time_stop:2432          :   date +%s%3N
+ functions-common:time_stop:2432          :   end_time=1787877624475
+ functions-common:time_stop:2433          :   elapsed_time=6846
+ functions-common:time_stop:2434          :   total=14838
+ functions-common:time_stop:2436          :   _TIME_START[$name]=
+ functions-common:time_stop:2437          :   _TIME_TOTAL[$name]=21684
+ inc/python:pip_install:219               :   return 0
+ lib/infra:install_infra:39               :   unset PIP_VIRTUAL_ENV
+ lib/infra:install_infra:42               :   use_library_from_git pbr
+ inc/python:use_library_from_git:266      :   local name=pbr
+ inc/python:use_library_from_git:267      :   local enabled=1
+ inc/python:use_library_from_git:268      :   [[ os-brick = \A\L\L ]]
+ inc/python:use_library_from_git:268      :   [[ ,os-brick, =~ ,pbr, ]]
+ inc/python:use_library_from_git:269      :   return 1
+ lib/infra:install_infra:48               :   pip_install -U pbr
Using python 3.12 to install pbr
+ inc/python:pip_install:210               :   env http_proxy= https_proxy= no_proxy= PIP_FIND_LINKS= /opt/stack/data/venv/bin/pip install -c /opt/stack/requirements/upper-constraints.txt -U pbr
Requirement already satisfied: pbr in /opt/stack/data/venv/lib/python3.12/site-packages (7.0.3)
Requirement already satisfied: setuptools in /opt/stack/data/venv/lib/python3.12/site-packages (from pbr) (84.0.0)
+ inc/python:pip_install:216               :   result=0
+ inc/python:pip_install:218               :   time_stop pip_install
+ functions-common:time_stop:2420          :   local name
+ functions-common:time_stop:2421          :   local end_time
+ functions-common:time_stop:2422          :   local elapsed_time
+ functions-common:time_stop:2423          :   local total
+ functions-common:time_stop:2424          :   local start_time
+ functions-common:time_stop:2426          :   name=pip_install
+ functions-common:time_stop:2427          :   start_time=1787877624520
+ functions-common:time_stop:2429          :   [[ -z 1787877624520 ]]
++ functions-common:time_stop:2432          :   date +%s%3N
+ functions-common:time_stop:2432          :   end_time=1787877625644
+ functions-common:time_stop:2433          :   elapsed_time=1124
+ functions-common:time_stop:2434          :   total=21684
+ functions-common:time_stop:2436          :   _TIME_START[$name]=
+ functions-common:time_stop:2437          :   _TIME_TOTAL[$name]=22808
+ inc/python:pip_install:219               :   return 0
+ ./stack.sh:main:838                      :   python3.12 -m venv /opt/stack/bindep-venv
+ ./stack.sh:main:840                      :   /opt/stack/bindep-venv/bin/pip install bindep
Requirement already satisfied: bindep in /opt/stack/bindep-venv/lib/python3.12/site-packages (2.13.0)
Requirement already satisfied: distro>=1.7 in /opt/stack/bindep-venv/lib/python3.12/site-packages (from bindep) (1.9.0)
Requirement already satisfied: packaging in /opt/stack/bindep-venv/lib/python3.12/site-packages (from bindep) (25.0)
Requirement already satisfied: Parsley in /opt/stack/bindep-venv/lib/python3.12/site-packages (from bindep) (1.3)
Requirement already satisfied: pbr>=2 in /opt/stack/bindep-venv/lib/python3.12/site-packages (from bindep) (7.0.3)
Requirement already satisfied: setuptools in /opt/stack/bindep-venv/lib/python3.12/site-packages (from pbr>=2->bindep) (80.9.0)
+ ./stack.sh:main:841                      :   export BINDEP_CMD=/opt/stack/bindep-venv/bin/bindep
+ ./stack.sh:main:841                      :   BINDEP_CMD=/opt/stack/bindep-venv/bin/bindep
++ ./stack.sh:main:844                      :   _get_plugin_bindep_packages
+ ./stack.sh:main:844                      :   pkgs=
+ ./stack.sh:main:845                      :   [[ -n '' ]]
+ ./stack.sh:main:852                      :   run_phase stack pre-install
+ functions-common:run_phase:1848          :   local mode=stack
+ functions-common:run_phase:1849          :   local phase=pre-install
+ functions-common:run_phase:1850          :   [[ -d /home/slave/devstack/extras.d ]]
+ functions-common:run_phase:1851          :   local extra_plugin_file_name
+ functions-common:run_phase:1852          :   for extra_plugin_file_name in $TOP_DIR/extras.d/*.sh
+ functions-common:run_phase:1857          :   local exceptions=80-tempest.sh
+ functions-common:run_phase:1858          :   local extra
++ functions-common:run_phase:1859          :   basename /home/slave/devstack/extras.d/80-tempest.sh
+ functions-common:run_phase:1859          :   extra=80-tempest.sh
+ functions-common:run_phase:1860          :   [[ 80-tempest.sh =~ 80-tempest\.sh ]]
+ functions-common:run_phase:1864          :   [[ -r /home/slave/devstack/extras.d/80-tempest.sh ]]
+ functions-common:run_phase:1864          :   source /home/slave/devstack/extras.d/80-tempest.sh stack pre-install
++ extras.d/80-tempest.sh:source:3          :   is_service_enabled tempest
++ functions-common:is_service_enabled:2076 :   return 0
++ extras.d/80-tempest.sh:source:4          :   [[ stack == \s\o\u\r\c\e ]]
++ extras.d/80-tempest.sh:source:7          :   [[ stack == \s\t\a\c\k ]]
++ extras.d/80-tempest.sh:source:7          :   [[ pre-install == \i\n\s\t\a\l\l ]]
++ extras.d/80-tempest.sh:source:10         :   [[ stack == \s\t\a\c\k ]]
++ extras.d/80-tempest.sh:source:10         :   [[ pre-install == \p\o\s\t\-\c\o\n\f\i\g ]]
++ extras.d/80-tempest.sh:source:13         :   [[ stack == \s\t\a\c\k ]]
++ extras.d/80-tempest.sh:source:13         :   [[ pre-install == \e\x\t\r\a ]]
++ extras.d/80-tempest.sh:source:16         :   [[ stack == \s\t\a\c\k ]]
++ extras.d/80-tempest.sh:source:16         :   [[ pre-install == \p\o\s\t\-\e\x\t\r\a ]]
++ extras.d/80-tempest.sh:source:19         :   [[ stack == \s\t\a\c\k ]]
++ extras.d/80-tempest.sh:source:19         :   [[ pre-install == \t\e\s\t\-\c\o\n\f\i\g ]]
++ extras.d/80-tempest.sh:source:27         :   [[ stack == \u\n\s\t\a\c\k ]]
++ extras.d/80-tempest.sh:source:32         :   [[ stack == \c\l\e\a\n ]]
+ functions-common:run_phase:1869          :   [[ stack == \s\o\u\r\c\e ]]
+ functions-common:run_phase:1872          :   [[ stack == \o\v\e\r\r\i\d\e\_\d\e\f\a\u\l\t\s ]]
+ functions-common:run_phase:1875          :   run_plugins stack pre-install
+ functions-common:run_plugins:1834        :   local mode=stack
+ functions-common:run_plugins:1835        :   local phase=pre-install
+ functions-common:run_plugins:1837        :   local plugins=
+ functions-common:run_plugins:1838        :   local plugin
+ ./stack.sh:main:855                      :   set_systemd_override DefaultLimitNOFILE 2048
+ functions:set_systemd_override:844       :   local key=DefaultLimitNOFILE
+ functions:set_systemd_override:845       :   local value=2048
+ functions:set_systemd_override:847       :   local sysconf=/etc/systemd/system.conf
+ functions:set_systemd_override:848       :   iniset -sudo /etc/systemd/system.conf Manager DefaultLimitNOFILE 2048
+ functions:set_systemd_override:849       :   echo 'Set systemd system override for DefaultLimitNOFILE=2048'
Set systemd system override for DefaultLimitNOFILE=2048
+ functions:set_systemd_override:851       :   sudo systemctl daemon-reload
+ ./stack.sh:main:857                      :   install_rpc_backend
+ lib/rpc_backend:install_rpc_backend:52   :   is_service_enabled rabbit
+ functions-common:is_service_enabled:2076 :   return 0
+ lib/rpc_backend:install_rpc_backend:54   :   install_package rabbitmq-server
+ functions-common:install_package:1438    :   update_package_repo
+ functions-common:update_package_repo:1412 :   NO_UPDATE_REPOS=False
+ functions-common:update_package_repo:1413 :   REPOS_UPDATED=True
+ functions-common:update_package_repo:1414 :   RETRY_UPDATE=False
+ functions-common:update_package_repo:1416 :   [[ False = \T\r\u\e ]]
+ functions-common:update_package_repo:1420 :   is_ubuntu
+ functions-common:is_ubuntu:546           :   [[ -z deb ]]
+ functions-common:is_ubuntu:549           :   '[' deb = deb ']'
+ functions-common:update_package_repo:1421 :   apt_get_update
+ functions-common:apt_get_update:1166     :   [[ True == \T\r\u\e ]]
+ functions-common:apt_get_update:1166     :   [[ False != \T\r\u\e ]]
+ functions-common:apt_get_update:1167     :   return
+ functions-common:install_package:1439    :   real_install_package rabbitmq-server
+ functions-common:real_install_package:1426 :   is_ubuntu
+ functions-common:is_ubuntu:546           :   [[ -z deb ]]
+ functions-common:is_ubuntu:549           :   '[' deb = deb ']'
+ functions-common:real_install_package:1427 :   apt_get install rabbitmq-server
+ functions-common:apt_get:1207            :   sudo DEBIAN_FRONTEND=noninteractive http_proxy= https_proxy= no_proxy= apt-get --option Dpkg::Options::=--force-confold --assume-yes install rabbitmq-server
Reading package lists...
Building dependency tree...
Reading state information...
rabbitmq-server is already the newest version (3.12.1-1ubuntu1.2).
The following packages were automatically installed and are no longer required:
  alembic keystone-common pycadf-common python3-alembic python3-amqp
  python3-aniso8601 python3-asgiref python3-bs4 python3-cssselect
  python3-debtcollector python3-decorator python3-defusedxml python3-dnspython
  python3-dogpile.cache python3-elementpath python3-eventlet python3-fasteners
  python3-flask python3-flask-restful python3-futurist python3-greenlet
  python3-html5lib python3-iso8601 python3-itsdangerous python3-keystoneauth1
  python3-keystoneclient python3-keystonemiddleware python3-kombu python3-ldap
  python3-lxml python3-mako python3-memcache python3-migrate python3-monotonic
  python3-msgpack python3-os-service-types python3-oslo.cache
  python3-oslo.concurrency python3-oslo.config python3-oslo.context
  python3-oslo.db python3-oslo.i18n python3-oslo.log python3-oslo.metrics
  python3-oslo.middleware python3-oslo.policy python3-oslo.serialization
  python3-oslo.upgradecheck python3-oslo.utils python3-osprofiler
  python3-passlib python3-paste python3-pastedeploy python3-pastedeploy-tpl
  python3-pastescript python3-prometheus-client python3-pyasyncore
  python3-pycadf python3-pyinotify python3-pymysql python3-pysaml2
  python3-repoze.lru python3-rfc3986 python3-routes python3-scrypt
  python3-simplejson python3-soupsieve python3-sqlalchemy
  python3-sqlalchemy-ext python3-sqlparse python3-statsd python3-tempita
  python3-tenacity python3-testscenarios python3-vine python3-webencodings
  python3-webob python3-werkzeug python3-wrapt python3-xmlschema xmlsec1
Use 'sudo apt autoremove' to remove them.
0 upgraded, 0 newly installed, 0 to remove and 80 not upgraded.
+ functions-common:apt_get:1211            :   result=0
+ functions-common:apt_get:1214            :   time_stop apt-get
+ functions-common:time_stop:2420          :   local name
+ functions-common:time_stop:2421          :   local end_time
+ functions-common:time_stop:2422          :   local elapsed_time
+ functions-common:time_stop:2423          :   local total
+ functions-common:time_stop:2424          :   local start_time
+ functions-common:time_stop:2426          :   name=apt-get
+ functions-common:time_stop:2427          :   start_time=1787877631093
+ functions-common:time_stop:2429          :   [[ -z 1787877631093 ]]
++ functions-common:time_stop:2432          :   date +%s%3N
+ functions-common:time_stop:2432          :   end_time=1787877631708
+ functions-common:time_stop:2433          :   elapsed_time=615
+ functions-common:time_stop:2434          :   total=1731
+ functions-common:time_stop:2436          :   _TIME_START[$name]=
+ functions-common:time_stop:2437          :   _TIME_TOTAL[$name]=2346
+ functions-common:apt_get:1215            :   return 0
+ lib/rpc_backend:install_rpc_backend:55   :   is_fedora
+ functions-common:is_fedora:526           :   [[ -z Ubuntu ]]
+ functions-common:is_fedora:530           :   '[' Ubuntu = Fedora ']'
+ functions-common:is_fedora:530           :   '[' Ubuntu = 'Red Hat' ']'
+ functions-common:is_fedora:531           :   '[' Ubuntu = openEuler ']'
+ functions-common:is_fedora:532           :   '[' Ubuntu = RedHatEnterpriseServer ']'
+ functions-common:is_fedora:533           :   '[' Ubuntu = RedHatEnterprise ']'
+ functions-common:is_fedora:534           :   '[' Ubuntu = RedHatEnterpriseLinux ']'
+ functions-common:is_fedora:535           :   '[' Ubuntu = RockyLinux ']'
+ functions-common:is_fedora:536           :   '[' Ubuntu = CentOS ']'
+ functions-common:is_fedora:536           :   '[' Ubuntu = CentOSStream ']'
+ functions-common:is_fedora:537           :   '[' Ubuntu = AlmaLinux ']'
+ functions-common:is_fedora:538           :   '[' Ubuntu = OracleServer ']'
+ functions-common:is_fedora:538           :   '[' Ubuntu = Virtuozzo ']'
+ ./stack.sh:main:858                      :   restart_rpc_backend
+ lib/rpc_backend:restart_rpc_backend:68   :   is_service_enabled rabbit
+ functions-common:is_service_enabled:2076 :   return 0
+ lib/rpc_backend:restart_rpc_backend:70   :   echo_summary 'Starting RabbitMQ'
+ ./stack.sh:echo_summary:444              :   [[ -t 3 ]]
+ ./stack.sh:echo_summary:450              :   echo -e Starting RabbitMQ
+ lib/rpc_backend:restart_rpc_backend:81   :   local i
++ lib/rpc_backend:restart_rpc_backend:82   :   seq 20
+ lib/rpc_backend:restart_rpc_backend:82   :   for i in `seq 20`
+ lib/rpc_backend:restart_rpc_backend:83   :   local rc=0
+ lib/rpc_backend:restart_rpc_backend:85   :   [[ 1 -eq 20 ]]
+ lib/rpc_backend:restart_rpc_backend:87   :   [[ 1 == \0 ]]
+ lib/rpc_backend:restart_rpc_backend:91   :   rabbit_setuser stackrabbit ossdbg1stack
+ lib/rpc_backend:rabbit_setuser:160       :   local user=stackrabbit pass=ossdbg1stack found= out=
++ lib/rpc_backend:rabbit_setuser:161       :   sudo rabbitmqctl list_users
Error: unable to perform an operation on node 'rabbit@zteusr'. Please see diagnostics information and suggestions below.

Most common reasons for this are:

 * Target node is unreachable (e.g. due to hostname resolution, TCP connection or firewall issues)
 * CLI tool fails to authenticate with the server (e.g. due to CLI tool's Erlang cookie not matching that of the server)
 * Target node is not running

In addition to the diagnostics info below:

 * See the CLI, clustering and networking guides on https://rabbitmq.com/documentation.html to learn more
 * Consult server logs on node rabbit@zteusr
 * If target node is configured to use long node names, don't forget to use --longnames with CLI tools

DIAGNOSTICS
===========

attempted to contact: [rabbit@zteusr]

rabbit@zteusr:
  * connected to epmd (port 4369) on zteusr
  * epmd reports: node 'rabbit' not running at all
                  no other nodes on zteusr
  * suggestion: start the node

Current node details:
 * node name: 'rabbitmqcli-960-rabbit@zteusr'
 * effective user's home directory: /var/lib/rabbitmq
 * Erlang cookie hash: ycyMvbL5A/mNanhzG5561g==

+ lib/rpc_backend:rabbit_setuser:161       :   out=
+ lib/rpc_backend:rabbit_setuser:162       :   echo 'failed to list users'
failed to list users
+ lib/rpc_backend:rabbit_setuser:162       :   return 1
+ lib/rpc_backend:restart_rpc_backend:91   :   rc=1
+ lib/rpc_backend:restart_rpc_backend:92   :   '[' 1 -ne 0 ']'
+ lib/rpc_backend:restart_rpc_backend:93   :   continue
+ lib/rpc_backend:restart_rpc_backend:82   :   for i in `seq 20`
+ lib/rpc_backend:restart_rpc_backend:83   :   local rc=0
+ lib/rpc_backend:restart_rpc_backend:85   :   [[ 2 -eq 20 ]]
+ lib/rpc_backend:restart_rpc_backend:87   :   [[ 0 == \0 ]]
+ lib/rpc_backend:restart_rpc_backend:88   :   restart_service rabbitmq-server
+ functions-common:restart_service:2304    :   '[' -x /bin/systemctl ']'
+ functions-common:restart_service:2305    :   sudo /bin/systemctl restart rabbitmq-server
+ lib/rpc_backend:restart_rpc_backend:91   :   rabbit_setuser stackrabbit ossdbg1stack
+ lib/rpc_backend:rabbit_setuser:160       :   local user=stackrabbit pass=ossdbg1stack found= out=
++ lib/rpc_backend:rabbit_setuser:161       :   sudo rabbitmqctl list_users
+ lib/rpc_backend:rabbit_setuser:161       :   out='Listing users ...
user	tags
stackrabbit	[]'
++ lib/rpc_backend:rabbit_setuser:163       :   echo 'Listing users ...
user	tags
stackrabbit	[]'
++ lib/rpc_backend:rabbit_setuser:163       :   awk '$1 == user { print $1 }' user=stackrabbit
+ lib/rpc_backend:rabbit_setuser:163       :   found=stackrabbit
+ lib/rpc_backend:rabbit_setuser:164       :   '[' stackrabbit = stackrabbit ']'
+ lib/rpc_backend:rabbit_setuser:165       :   sudo rabbitmqctl change_password stackrabbit ossdbg1stack
Changing password for user "stackrabbit" ...
+ lib/rpc_backend:rabbit_setuser:171       :   sudo rabbitmqctl set_permissions stackrabbit '.*' '.*' '.*'
Setting permissions for user "stackrabbit" in vhost "/" ...
+ lib/rpc_backend:restart_rpc_backend:92   :   '[' 0 -ne 0 ']'
+ lib/rpc_backend:restart_rpc_backend:97   :   sudo rabbitmqctl change_password stackrabbit ossdbg1stack
Changing password for user "stackrabbit" ...
+ lib/rpc_backend:restart_rpc_backend:99   :   '[' 0 -ne 0 ']'
+ lib/rpc_backend:restart_rpc_backend:103  :   break
+ lib/rpc_backend:restart_rpc_backend:106  :   sudo rabbitmqctl delete_user guest
Deleting user "guest" ...
+ ./stack.sh:main:860                      :   is_service_enabled mysql postgresql
+ functions-common:is_service_enabled:2076 :   return 0
+ ./stack.sh:main:861                      :   install_database
+ lib/database:install_database:118        :   install_database_mysql
+ lib/databases/mysql:install_database_mysql:202 :   is_ubuntu
+ functions-common:is_ubuntu:546           :   [[ -z deb ]]
+ functions-common:is_ubuntu:549           :   '[' deb = deb ']'
+ lib/databases/mysql:install_database_mysql:205 :   sudo debconf-set-selections
+ lib/databases/mysql:install_database_mysql:215 :   [[ ! -e /home/slave/.my.cnf ]]
+ lib/databases/mysql:install_database_mysql:228 :   [[ True == \T\r\u\e ]]
+ lib/databases/mysql:install_database_mysql:229 :   is_fedora
+ functions-common:is_fedora:526           :   [[ -z Ubuntu ]]
+ functions-common:is_fedora:530           :   '[' Ubuntu = Fedora ']'
+ functions-common:is_fedora:530           :   '[' Ubuntu = 'Red Hat' ']'
+ functions-common:is_fedora:531           :   '[' Ubuntu = openEuler ']'
+ functions-common:is_fedora:532           :   '[' Ubuntu = RedHatEnterpriseServer ']'
+ functions-common:is_fedora:533           :   '[' Ubuntu = RedHatEnterprise ']'
+ functions-common:is_fedora:534           :   '[' Ubuntu = RedHatEnterpriseLinux ']'
+ functions-common:is_fedora:535           :   '[' Ubuntu = RockyLinux ']'
+ functions-common:is_fedora:536           :   '[' Ubuntu = CentOS ']'
+ functions-common:is_fedora:536           :   '[' Ubuntu = CentOSStream ']'
+ functions-common:is_fedora:537           :   '[' Ubuntu = AlmaLinux ']'
+ functions-common:is_fedora:538           :   '[' Ubuntu = OracleServer ']'
+ functions-common:is_fedora:538           :   '[' Ubuntu = Virtuozzo ']'
+ lib/databases/mysql:install_database_mysql:232 :   is_ubuntu
+ functions-common:is_ubuntu:546           :   [[ -z deb ]]
+ functions-common:is_ubuntu:549           :   '[' deb = deb ']'
+ lib/databases/mysql:install_database_mysql:233 :   install_package mysql-server
+ functions-common:install_package:1438    :   update_package_repo
+ functions-common:update_package_repo:1412 :   NO_UPDATE_REPOS=False
+ functions-common:update_package_repo:1413 :   REPOS_UPDATED=True
+ functions-common:update_package_repo:1414 :   RETRY_UPDATE=False
+ functions-common:update_package_repo:1416 :   [[ False = \T\r\u\e ]]
+ functions-common:update_package_repo:1420 :   is_ubuntu
+ functions-common:is_ubuntu:546           :   [[ -z deb ]]
+ functions-common:is_ubuntu:549           :   '[' deb = deb ']'
+ functions-common:update_package_repo:1421 :   apt_get_update
+ functions-common:apt_get_update:1166     :   [[ True == \T\r\u\e ]]
+ functions-common:apt_get_update:1166     :   [[ False != \T\r\u\e ]]
+ functions-common:apt_get_update:1167     :   return
+ functions-common:install_package:1439    :   real_install_package mysql-server
+ functions-common:real_install_package:1426 :   is_ubuntu
+ functions-common:is_ubuntu:546           :   [[ -z deb ]]
+ functions-common:is_ubuntu:549           :   '[' deb = deb ']'
+ functions-common:real_install_package:1427 :   apt_get install mysql-server
+ functions-common:apt_get:1207            :   sudo DEBIAN_FRONTEND=noninteractive http_proxy= https_proxy= no_proxy= apt-get --option Dpkg::Options::=--force-confold --assume-yes install mysql-server
Reading package lists...
Building dependency tree...
Reading state information...
mysql-server is already the newest version (8.0.46-0ubuntu0.24.04.3).
The following packages were automatically installed and are no longer required:
  alembic keystone-common pycadf-common python3-alembic python3-amqp
  python3-aniso8601 python3-asgiref python3-bs4 python3-cssselect
  python3-debtcollector python3-decorator python3-defusedxml python3-dnspython
  python3-dogpile.cache python3-elementpath python3-eventlet python3-fasteners
  python3-flask python3-flask-restful python3-futurist python3-greenlet
  python3-html5lib python3-iso8601 python3-itsdangerous python3-keystoneauth1
  python3-keystoneclient python3-keystonemiddleware python3-kombu python3-ldap
  python3-lxml python3-mako python3-memcache python3-migrate python3-monotonic
  python3-msgpack python3-os-service-types python3-oslo.cache
  python3-oslo.concurrency python3-oslo.config python3-oslo.context
  python3-oslo.db python3-oslo.i18n python3-oslo.log python3-oslo.metrics
  python3-oslo.middleware python3-oslo.policy python3-oslo.serialization
  python3-oslo.upgradecheck python3-oslo.utils python3-osprofiler
  python3-passlib python3-paste python3-pastedeploy python3-pastedeploy-tpl
  python3-pastescript python3-prometheus-client python3-pyasyncore
  python3-pycadf python3-pyinotify python3-pymysql python3-pysaml2
  python3-repoze.lru python3-rfc3986 python3-routes python3-scrypt
  python3-simplejson python3-soupsieve python3-sqlalchemy
  python3-sqlalchemy-ext python3-sqlparse python3-statsd python3-tempita
  python3-tenacity python3-testscenarios python3-vine python3-webencodings
  python3-webob python3-werkzeug python3-wrapt python3-xmlschema xmlsec1
Use 'sudo apt autoremove' to remove them.
0 upgraded, 0 newly installed, 0 to remove and 80 not upgraded.
+ functions-common:apt_get:1211            :   result=0
+ functions-common:apt_get:1214            :   time_stop apt-get
+ functions-common:time_stop:2420          :   local name
+ functions-common:time_stop:2421          :   local end_time
+ functions-common:time_stop:2422          :   local elapsed_time
+ functions-common:time_stop:2423          :   local total
+ functions-common:time_stop:2424          :   local start_time
+ functions-common:time_stop:2426          :   name=apt-get
+ functions-common:time_stop:2427          :   start_time=1787877640580
+ functions-common:time_stop:2429          :   [[ -z 1787877640580 ]]
++ functions-common:time_stop:2432          :   date +%s%3N
+ functions-common:time_stop:2432          :   end_time=1787877641146
+ functions-common:time_stop:2433          :   elapsed_time=566
+ functions-common:time_stop:2434          :   total=2346
+ functions-common:time_stop:2436          :   _TIME_START[$name]=
+ functions-common:time_stop:2437          :   _TIME_TOTAL[$name]=2912
+ functions-common:apt_get:1215            :   return 0
+ ./stack.sh:main:863                      :   '[' -n mysql ']'
+ ./stack.sh:main:864                      :   install_database_python
+ lib/database:install_database_python:123 :   install_database_python_mysql
+ lib/databases/mysql:install_database_python_mysql:242 :   pip_install_gr PyMySQL
+ inc/python:pip_install_gr:94             :   local name=PyMySQL
+ inc/python:pip_install_gr:95             :   local clean_name
++ inc/python:pip_install_gr:96             :   get_from_global_requirements PyMySQL
++ inc/python:get_from_global_requirements:241 :   local package=PyMySQL
++ inc/python:get_from_global_requirements:242 :   local required_pkg
+++ inc/python:get_from_global_requirements:243 :   grep -i -h '^PyMySQL' /opt/stack/requirements/global-requirements.txt
+++ inc/python:get_from_global_requirements:243 :   cut -d# -f1
++ inc/python:get_from_global_requirements:243 :   required_pkg='PyMySQL  '
++ inc/python:get_from_global_requirements:244 :   [[ PyMySQL   == '' ]]
++ inc/python:get_from_global_requirements:247 :   echo PyMySQL
+ inc/python:pip_install_gr:96             :   clean_name=PyMySQL
+ inc/python:pip_install_gr:97             :   pip_install PyMySQL
Using python 3.12 to install PyMySQL
+ inc/python:pip_install:210               :   env http_proxy= https_proxy= no_proxy= PIP_FIND_LINKS= /opt/stack/data/venv/bin/pip install -c /opt/stack/requirements/upper-constraints.txt PyMySQL
Collecting PyMySQL
  Using cached pymysql-1.2.0-py3-none-any.whl.metadata (4.3 kB)
Using cached pymysql-1.2.0-py3-none-any.whl (45 kB)
Installing collected packages: PyMySQL
  Attempting uninstall: PyMySQL
    Found existing installation: PyMySQL 1.0.2
    Not uninstalling pymysql at /usr/lib/python3/dist-packages, outside environment /opt/stack/data/venv
    Can't uninstall 'PyMySQL'. No files were found to uninstall.
Successfully installed PyMySQL-1.2.0
+ inc/python:pip_install:216               :   result=0
+ inc/python:pip_install:218               :   time_stop pip_install
+ functions-common:time_stop:2420          :   local name
+ functions-common:time_stop:2421          :   local end_time
+ functions-common:time_stop:2422          :   local elapsed_time
+ functions-common:time_stop:2423          :   local total
+ functions-common:time_stop:2424          :   local start_time
+ functions-common:time_stop:2426          :   name=pip_install
+ functions-common:time_stop:2427          :   start_time=1787877641210
+ functions-common:time_stop:2429          :   [[ -z 1787877641210 ]]
++ functions-common:time_stop:2432          :   date +%s%3N
+ functions-common:time_stop:2432          :   end_time=1787877642689
+ functions-common:time_stop:2433          :   elapsed_time=1479
+ functions-common:time_stop:2434          :   total=22808
+ functions-common:time_stop:2436          :   _TIME_START[$name]=
+ functions-common:time_stop:2437          :   _TIME_TOTAL[$name]=24287
+ inc/python:pip_install:219               :   return 0
+ lib/databases/mysql:install_database_python_mysql:243 :   [[ PyMySQL == \M\y\S\Q\L\-\p\y\t\h\o\n ]]
+ lib/databases/mysql:install_database_python_mysql:245 :   [[ PyMySQL == \P\y\M\y\S\Q\L ]]
+ lib/databases/mysql:install_database_python_mysql:246 :   ADDITIONAL_VENV_PACKAGES+=,PyMySQL
+ ./stack.sh:main:867                      :   is_service_enabled neutron
+ functions-common:is_service_enabled:2076 :   return 0
+ ./stack.sh:main:868                      :   install_neutron_agent_packages
+ lib/neutron:install_neutron_agent_packages:551 :   is_service_enabled q-l3 neutron-l3
+ functions-common:is_service_enabled:2076 :   return 1
+ lib/neutron:install_neutron_agent_packages:555 :   is_service_enabled q-agt neutron-agent q-dhcp neutron-dhcp q-l3 neutron-l3
+ functions-common:is_service_enabled:2076 :   return 1
+ ./stack.sh:main:871                      :   is_service_enabled etcd3
+ functions-common:is_service_enabled:2076 :   return 0
+ ./stack.sh:main:872                      :   install_etcd3
+ lib/etcd3:install_etcd3:103              :   echo 'Installing etcd'
Installing etcd
+ lib/etcd3:install_etcd3:106              :   sudo mkdir -p /opt/stack/bin
+ lib/etcd3:install_etcd3:107              :   sudo mkdir -p /opt/stack/data/etcd
+ lib/etcd3:install_etcd3:108              :   [[ True == \T\r\u\e ]]
+ lib/etcd3:install_etcd3:109              :   sudo mount -t tmpfs -o nodev,nosuid,size=512M tmpfs /opt/stack/data/etcd
+ lib/etcd3:install_etcd3:113              :   local etcd_file
++ lib/etcd3:install_etcd3:114              :   get_extra_file https://github.com/etcd-io/etcd/releases/download/v3.5.21/etcd-v3.5.21-linux-amd64.tar.gz
++ functions:get_extra_file:66              :   local file_url=https://github.com/etcd-io/etcd/releases/download/v3.5.21/etcd-v3.5.21-linux-amd64.tar.gz
++ functions:get_extra_file:67              :   local 'retry_args=--retry-on-host-error --retry-on-http-error=500,503 '
++ functions:get_extra_file:68              :   retry_args+='-t 2 --waitretry=10 '
++ functions:get_extra_file:69              :   retry_args+='--tries=3 --retry-connrefused'
++ functions:get_extra_file:71              :   local file_name=etcd-v3.5.21-linux-amd64.tar.gz
++ functions:get_extra_file:72              :   [[ https://github.com/etcd-io/etcd/releases/download/v3.5.21/etcd-v3.5.21-linux-amd64.tar.gz != file* ]]
++ functions:get_extra_file:74              :   [[ ! -f /home/slave/devstack/files/etcd-v3.5.21-linux-amd64.tar.gz ]]
++ functions:get_extra_file:80              :   echo /home/slave/devstack/files/etcd-v3.5.21-linux-amd64.tar.gz
++ functions:get_extra_file:81              :   return
+ lib/etcd3:install_etcd3:114              :   etcd_file=/home/slave/devstack/files/etcd-v3.5.21-linux-amd64.tar.gz
+ lib/etcd3:install_etcd3:115              :   '[' '!' -f /home/slave/devstack/files/etcd-v3.5.21-linux-amd64/etcd ']'
+ lib/etcd3:install_etcd3:124              :   '[' '!' -f /opt/stack/bin/etcd ']'
+ ./stack.sh:main:881                      :   is_service_enabled tls-proxy
+ functions-common:is_service_enabled:2076 :   return 1
+ ./stack.sh:main:891                      :   install_dstat
+ lib/dstat:install_dstat:22               :   is_service_enabled memory_tracker
+ functions-common:is_service_enabled:2076 :   return 1
+ ./stack.sh:main:897                      :   echo_summary 'Installing OpenStack project source'
+ ./stack.sh:echo_summary:444              :   [[ -t 3 ]]
+ ./stack.sh:echo_summary:450              :   echo -e Installing OpenStack project source
+ ./stack.sh:main:900                      :   install_libs
+ lib/libraries:install_libs:91            :   _install_lib_from_source automaton
+ lib/libraries:_install_lib_from_source:75 :   local name=automaton
+ lib/libraries:_install_lib_from_source:76 :   use_library_from_git automaton
+ inc/python:use_library_from_git:266      :   local name=automaton
+ inc/python:use_library_from_git:267      :   local enabled=1
+ inc/python:use_library_from_git:268      :   [[ os-brick = \A\L\L ]]
+ inc/python:use_library_from_git:268      :   [[ ,os-brick, =~ ,automaton, ]]
+ inc/python:use_library_from_git:269      :   return 1
+ lib/libraries:install_libs:92            :   _install_lib_from_source castellan
+ lib/libraries:_install_lib_from_source:75 :   local name=castellan
+ lib/libraries:_install_lib_from_source:76 :   use_library_from_git castellan
+ inc/python:use_library_from_git:266      :   local name=castellan
+ inc/python:use_library_from_git:267      :   local enabled=1
+ inc/python:use_library_from_git:268      :   [[ os-brick = \A\L\L ]]
+ inc/python:use_library_from_git:268      :   [[ ,os-brick, =~ ,castellan, ]]
+ inc/python:use_library_from_git:269      :   return 1
+ lib/libraries:install_libs:93            :   _install_lib_from_source cliff
+ lib/libraries:_install_lib_from_source:75 :   local name=cliff
+ lib/libraries:_install_lib_from_source:76 :   use_library_from_git cliff
+ inc/python:use_library_from_git:266      :   local name=cliff
+ inc/python:use_library_from_git:267      :   local enabled=1
+ inc/python:use_library_from_git:268      :   [[ os-brick = \A\L\L ]]
+ inc/python:use_library_from_git:268      :   [[ ,os-brick, =~ ,cliff, ]]
+ inc/python:use_library_from_git:269      :   return 1
+ lib/libraries:install_libs:94            :   _install_lib_from_source cursive
+ lib/libraries:_install_lib_from_source:75 :   local name=cursive
+ lib/libraries:_install_lib_from_source:76 :   use_library_from_git cursive
+ inc/python:use_library_from_git:266      :   local name=cursive
+ inc/python:use_library_from_git:267      :   local enabled=1
+ inc/python:use_library_from_git:268      :   [[ os-brick = \A\L\L ]]
+ inc/python:use_library_from_git:268      :   [[ ,os-brick, =~ ,cursive, ]]
+ inc/python:use_library_from_git:269      :   return 1
+ lib/libraries:install_libs:95            :   _install_lib_from_source debtcollector
+ lib/libraries:_install_lib_from_source:75 :   local name=debtcollector
+ lib/libraries:_install_lib_from_source:76 :   use_library_from_git debtcollector
+ inc/python:use_library_from_git:266      :   local name=debtcollector
+ inc/python:use_library_from_git:267      :   local enabled=1
+ inc/python:use_library_from_git:268      :   [[ os-brick = \A\L\L ]]
+ inc/python:use_library_from_git:268      :   [[ ,os-brick, =~ ,debtcollector, ]]
+ inc/python:use_library_from_git:269      :   return 1
+ lib/libraries:install_libs:96            :   _install_lib_from_source futurist
+ lib/libraries:_install_lib_from_source:75 :   local name=futurist
+ lib/libraries:_install_lib_from_source:76 :   use_library_from_git futurist
+ inc/python:use_library_from_git:266      :   local name=futurist
+ inc/python:use_library_from_git:267      :   local enabled=1
+ inc/python:use_library_from_git:268      :   [[ os-brick = \A\L\L ]]
+ inc/python:use_library_from_git:268      :   [[ ,os-brick, =~ ,futurist, ]]
+ inc/python:use_library_from_git:269      :   return 1
+ lib/libraries:install_libs:97            :   _install_lib_from_source openstacksdk
+ lib/libraries:_install_lib_from_source:75 :   local name=openstacksdk
+ lib/libraries:_install_lib_from_source:76 :   use_library_from_git openstacksdk
+ inc/python:use_library_from_git:266      :   local name=openstacksdk
+ inc/python:use_library_from_git:267      :   local enabled=1
+ inc/python:use_library_from_git:268      :   [[ os-brick = \A\L\L ]]
+ inc/python:use_library_from_git:268      :   [[ ,os-brick, =~ ,openstacksdk, ]]
+ inc/python:use_library_from_git:269      :   return 1
+ lib/libraries:install_libs:98            :   _install_lib_from_source osc-lib
+ lib/libraries:_install_lib_from_source:75 :   local name=osc-lib
+ lib/libraries:_install_lib_from_source:76 :   use_library_from_git osc-lib
+ inc/python:use_library_from_git:266      :   local name=osc-lib
+ inc/python:use_library_from_git:267      :   local enabled=1
+ inc/python:use_library_from_git:268      :   [[ os-brick = \A\L\L ]]
+ inc/python:use_library_from_git:268      :   [[ ,os-brick, =~ ,osc-lib, ]]
+ inc/python:use_library_from_git:269      :   return 1
+ lib/libraries:install_libs:99            :   _install_lib_from_source osc-placement
+ lib/libraries:_install_lib_from_source:75 :   local name=osc-placement
+ lib/libraries:_install_lib_from_source:76 :   use_library_from_git osc-placement
+ inc/python:use_library_from_git:266      :   local name=osc-placement
+ inc/python:use_library_from_git:267      :   local enabled=1
+ inc/python:use_library_from_git:268      :   [[ os-brick = \A\L\L ]]
+ inc/python:use_library_from_git:268      :   [[ ,os-brick, =~ ,osc-placement, ]]
+ inc/python:use_library_from_git:269      :   return 1
+ lib/libraries:install_libs:100           :   _install_lib_from_source os-client-config
+ lib/libraries:_install_lib_from_source:75 :   local name=os-client-config
+ lib/libraries:_install_lib_from_source:76 :   use_library_from_git os-client-config
+ inc/python:use_library_from_git:266      :   local name=os-client-config
+ inc/python:use_library_from_git:267      :   local enabled=1
+ inc/python:use_library_from_git:268      :   [[ os-brick = \A\L\L ]]
+ inc/python:use_library_from_git:268      :   [[ ,os-brick, =~ ,os-client-config, ]]
+ inc/python:use_library_from_git:269      :   return 1
+ lib/libraries:install_libs:101           :   _install_lib_from_source oslo.cache
+ lib/libraries:_install_lib_from_source:75 :   local name=oslo.cache
+ lib/libraries:_install_lib_from_source:76 :   use_library_from_git oslo.cache
+ inc/python:use_library_from_git:266      :   local name=oslo.cache
+ inc/python:use_library_from_git:267      :   local enabled=1
+ inc/python:use_library_from_git:268      :   [[ os-brick = \A\L\L ]]
+ inc/python:use_library_from_git:268      :   [[ ,os-brick, =~ ,oslo.cache, ]]
+ inc/python:use_library_from_git:269      :   return 1
+ lib/libraries:install_libs:102           :   _install_lib_from_source oslo.concurrency
+ lib/libraries:_install_lib_from_source:75 :   local name=oslo.concurrency
+ lib/libraries:_install_lib_from_source:76 :   use_library_from_git oslo.concurrency
+ inc/python:use_library_from_git:266      :   local name=oslo.concurrency
+ inc/python:use_library_from_git:267      :   local enabled=1
+ inc/python:use_library_from_git:268      :   [[ os-brick = \A\L\L ]]
+ inc/python:use_library_from_git:268      :   [[ ,os-brick, =~ ,oslo.concurrency, ]]
+ inc/python:use_library_from_git:269      :   return 1
+ lib/libraries:install_libs:103           :   _install_lib_from_source oslo.config
+ lib/libraries:_install_lib_from_source:75 :   local name=oslo.config
+ lib/libraries:_install_lib_from_source:76 :   use_library_from_git oslo.config
+ inc/python:use_library_from_git:266      :   local name=oslo.config
+ inc/python:use_library_from_git:267      :   local enabled=1
+ inc/python:use_library_from_git:268      :   [[ os-brick = \A\L\L ]]
+ inc/python:use_library_from_git:268      :   [[ ,os-brick, =~ ,oslo.config, ]]
+ inc/python:use_library_from_git:269      :   return 1
+ lib/libraries:install_libs:104           :   _install_lib_from_source oslo.context
+ lib/libraries:_install_lib_from_source:75 :   local name=oslo.context
+ lib/libraries:_install_lib_from_source:76 :   use_library_from_git oslo.context
+ inc/python:use_library_from_git:266      :   local name=oslo.context
+ inc/python:use_library_from_git:267      :   local enabled=1
+ inc/python:use_library_from_git:268      :   [[ os-brick = \A\L\L ]]
+ inc/python:use_library_from_git:268      :   [[ ,os-brick, =~ ,oslo.context, ]]
+ inc/python:use_library_from_git:269      :   return 1
+ lib/libraries:install_libs:105           :   _install_lib_from_source oslo.db
+ lib/libraries:_install_lib_from_source:75 :   local name=oslo.db
+ lib/libraries:_install_lib_from_source:76 :   use_library_from_git oslo.db
+ inc/python:use_library_from_git:266      :   local name=oslo.db
+ inc/python:use_library_from_git:267      :   local enabled=1
+ inc/python:use_library_from_git:268      :   [[ os-brick = \A\L\L ]]
+ inc/python:use_library_from_git:268      :   [[ ,os-brick, =~ ,oslo.db, ]]
+ inc/python:use_library_from_git:269      :   return 1
+ lib/libraries:install_libs:106           :   _install_lib_from_source oslo.i18n
+ lib/libraries:_install_lib_from_source:75 :   local name=oslo.i18n
+ lib/libraries:_install_lib_from_source:76 :   use_library_from_git oslo.i18n
+ inc/python:use_library_from_git:266      :   local name=oslo.i18n
+ inc/python:use_library_from_git:267      :   local enabled=1
+ inc/python:use_library_from_git:268      :   [[ os-brick = \A\L\L ]]
+ inc/python:use_library_from_git:268      :   [[ ,os-brick, =~ ,oslo.i18n, ]]
+ inc/python:use_library_from_git:269      :   return 1
+ lib/libraries:install_libs:107           :   _install_lib_from_source oslo.limit
+ lib/libraries:_install_lib_from_source:75 :   local name=oslo.limit
+ lib/libraries:_install_lib_from_source:76 :   use_library_from_git oslo.limit
+ inc/python:use_library_from_git:266      :   local name=oslo.limit
+ inc/python:use_library_from_git:267      :   local enabled=1
+ inc/python:use_library_from_git:268      :   [[ os-brick = \A\L\L ]]
+ inc/python:use_library_from_git:268      :   [[ ,os-brick, =~ ,oslo.limit, ]]
+ inc/python:use_library_from_git:269      :   return 1
+ lib/libraries:install_libs:108           :   _install_lib_from_source oslo.log
+ lib/libraries:_install_lib_from_source:75 :   local name=oslo.log
+ lib/libraries:_install_lib_from_source:76 :   use_library_from_git oslo.log
+ inc/python:use_library_from_git:266      :   local name=oslo.log
+ inc/python:use_library_from_git:267      :   local enabled=1
+ inc/python:use_library_from_git:268      :   [[ os-brick = \A\L\L ]]
+ inc/python:use_library_from_git:268      :   [[ ,os-brick, =~ ,oslo.log, ]]
+ inc/python:use_library_from_git:269      :   return 1
+ lib/libraries:install_libs:109           :   _install_lib_from_source oslo.messaging
+ lib/libraries:_install_lib_from_source:75 :   local name=oslo.messaging
+ lib/libraries:_install_lib_from_source:76 :   use_library_from_git oslo.messaging
+ inc/python:use_library_from_git:266      :   local name=oslo.messaging
+ inc/python:use_library_from_git:267      :   local enabled=1
+ inc/python:use_library_from_git:268      :   [[ os-brick = \A\L\L ]]
+ inc/python:use_library_from_git:268      :   [[ ,os-brick, =~ ,oslo.messaging, ]]
+ inc/python:use_library_from_git:269      :   return 1
+ lib/libraries:install_libs:110           :   _install_lib_from_source oslo.middleware
+ lib/libraries:_install_lib_from_source:75 :   local name=oslo.middleware
+ lib/libraries:_install_lib_from_source:76 :   use_library_from_git oslo.middleware
+ inc/python:use_library_from_git:266      :   local name=oslo.middleware
+ inc/python:use_library_from_git:267      :   local enabled=1
+ inc/python:use_library_from_git:268      :   [[ os-brick = \A\L\L ]]
+ inc/python:use_library_from_git:268      :   [[ ,os-brick, =~ ,oslo.middleware, ]]
+ inc/python:use_library_from_git:269      :   return 1
+ lib/libraries:install_libs:111           :   _install_lib_from_source oslo.policy
+ lib/libraries:_install_lib_from_source:75 :   local name=oslo.policy
+ lib/libraries:_install_lib_from_source:76 :   use_library_from_git oslo.policy
+ inc/python:use_library_from_git:266      :   local name=oslo.policy
+ inc/python:use_library_from_git:267      :   local enabled=1
+ inc/python:use_library_from_git:268      :   [[ os-brick = \A\L\L ]]
+ inc/python:use_library_from_git:268      :   [[ ,os-brick, =~ ,oslo.policy, ]]
+ inc/python:use_library_from_git:269      :   return 1
+ lib/libraries:install_libs:112           :   _install_lib_from_source oslo.privsep
+ lib/libraries:_install_lib_from_source:75 :   local name=oslo.privsep
+ lib/libraries:_install_lib_from_source:76 :   use_library_from_git oslo.privsep
+ inc/python:use_library_from_git:266      :   local name=oslo.privsep
+ inc/python:use_library_from_git:267      :   local enabled=1
+ inc/python:use_library_from_git:268      :   [[ os-brick = \A\L\L ]]
+ inc/python:use_library_from_git:268      :   [[ ,os-brick, =~ ,oslo.privsep, ]]
+ inc/python:use_library_from_git:269      :   return 1
+ lib/libraries:install_libs:113           :   _install_lib_from_source oslo.reports
+ lib/libraries:_install_lib_from_source:75 :   local name=oslo.reports
+ lib/libraries:_install_lib_from_source:76 :   use_library_from_git oslo.reports
+ inc/python:use_library_from_git:266      :   local name=oslo.reports
+ inc/python:use_library_from_git:267      :   local enabled=1
+ inc/python:use_library_from_git:268      :   [[ os-brick = \A\L\L ]]
+ inc/python:use_library_from_git:268      :   [[ ,os-brick, =~ ,oslo.reports, ]]
+ inc/python:use_library_from_git:269      :   return 1
+ lib/libraries:install_libs:114           :   _install_lib_from_source oslo.rootwrap
+ lib/libraries:_install_lib_from_source:75 :   local name=oslo.rootwrap
+ lib/libraries:_install_lib_from_source:76 :   use_library_from_git oslo.rootwrap
+ inc/python:use_library_from_git:266      :   local name=oslo.rootwrap
+ inc/python:use_library_from_git:267      :   local enabled=1
+ inc/python:use_library_from_git:268      :   [[ os-brick = \A\L\L ]]
+ inc/python:use_library_from_git:268      :   [[ ,os-brick, =~ ,oslo.rootwrap, ]]
+ inc/python:use_library_from_git:269      :   return 1
+ lib/libraries:install_libs:115           :   _install_lib_from_source oslo.serialization
+ lib/libraries:_install_lib_from_source:75 :   local name=oslo.serialization
+ lib/libraries:_install_lib_from_source:76 :   use_library_from_git oslo.serialization
+ inc/python:use_library_from_git:266      :   local name=oslo.serialization
+ inc/python:use_library_from_git:267      :   local enabled=1
+ inc/python:use_library_from_git:268      :   [[ os-brick = \A\L\L ]]
+ inc/python:use_library_from_git:268      :   [[ ,os-brick, =~ ,oslo.serialization, ]]
+ inc/python:use_library_from_git:269      :   return 1
+ lib/libraries:install_libs:116           :   _install_lib_from_source oslo.service
+ lib/libraries:_install_lib_from_source:75 :   local name=oslo.service
+ lib/libraries:_install_lib_from_source:76 :   use_library_from_git oslo.service
+ inc/python:use_library_from_git:266      :   local name=oslo.service
+ inc/python:use_library_from_git:267      :   local enabled=1
+ inc/python:use_library_from_git:268      :   [[ os-brick = \A\L\L ]]
+ inc/python:use_library_from_git:268      :   [[ ,os-brick, =~ ,oslo.service, ]]
+ inc/python:use_library_from_git:269      :   return 1
+ lib/libraries:install_libs:117           :   _install_lib_from_source oslo.utils
+ lib/libraries:_install_lib_from_source:75 :   local name=oslo.utils
+ lib/libraries:_install_lib_from_source:76 :   use_library_from_git oslo.utils
+ inc/python:use_library_from_git:266      :   local name=oslo.utils
+ inc/python:use_library_from_git:267      :   local enabled=1
+ inc/python:use_library_from_git:268      :   [[ os-brick = \A\L\L ]]
+ inc/python:use_library_from_git:268      :   [[ ,os-brick, =~ ,oslo.utils, ]]
+ inc/python:use_library_from_git:269      :   return 1
+ lib/libraries:install_libs:118           :   _install_lib_from_source oslo.versionedobjects
+ lib/libraries:_install_lib_from_source:75 :   local name=oslo.versionedobjects
+ lib/libraries:_install_lib_from_source:76 :   use_library_from_git oslo.versionedobjects
+ inc/python:use_library_from_git:266      :   local name=oslo.versionedobjects
+ inc/python:use_library_from_git:267      :   local enabled=1
+ inc/python:use_library_from_git:268      :   [[ os-brick = \A\L\L ]]
+ inc/python:use_library_from_git:268      :   [[ ,os-brick, =~ ,oslo.versionedobjects, ]]
+ inc/python:use_library_from_git:269      :   return 1
+ lib/libraries:install_libs:119           :   _install_lib_from_source oslo.vmware
+ lib/libraries:_install_lib_from_source:75 :   local name=oslo.vmware
+ lib/libraries:_install_lib_from_source:76 :   use_library_from_git oslo.vmware
+ inc/python:use_library_from_git:266      :   local name=oslo.vmware
+ inc/python:use_library_from_git:267      :   local enabled=1
+ inc/python:use_library_from_git:268      :   [[ os-brick = \A\L\L ]]
+ inc/python:use_library_from_git:268      :   [[ ,os-brick, =~ ,oslo.vmware, ]]
+ inc/python:use_library_from_git:269      :   return 1
+ lib/libraries:install_libs:120           :   _install_lib_from_source osprofiler
+ lib/libraries:_install_lib_from_source:75 :   local name=osprofiler
+ lib/libraries:_install_lib_from_source:76 :   use_library_from_git osprofiler
+ inc/python:use_library_from_git:266      :   local name=osprofiler
+ inc/python:use_library_from_git:267      :   local enabled=1
+ inc/python:use_library_from_git:268      :   [[ os-brick = \A\L\L ]]
+ inc/python:use_library_from_git:268      :   [[ ,os-brick, =~ ,osprofiler, ]]
+ inc/python:use_library_from_git:269      :   return 1
+ lib/libraries:install_libs:121           :   _install_lib_from_source pycadf
+ lib/libraries:_install_lib_from_source:75 :   local name=pycadf
+ lib/libraries:_install_lib_from_source:76 :   use_library_from_git pycadf
+ inc/python:use_library_from_git:266      :   local name=pycadf
+ inc/python:use_library_from_git:267      :   local enabled=1
+ inc/python:use_library_from_git:268      :   [[ os-brick = \A\L\L ]]
+ inc/python:use_library_from_git:268      :   [[ ,os-brick, =~ ,pycadf, ]]
+ inc/python:use_library_from_git:269      :   return 1
+ lib/libraries:install_libs:122           :   _install_lib_from_source stevedore
+ lib/libraries:_install_lib_from_source:75 :   local name=stevedore
+ lib/libraries:_install_lib_from_source:76 :   use_library_from_git stevedore
+ inc/python:use_library_from_git:266      :   local name=stevedore
+ inc/python:use_library_from_git:267      :   local enabled=1
+ inc/python:use_library_from_git:268      :   [[ os-brick = \A\L\L ]]
+ inc/python:use_library_from_git:268      :   [[ ,os-brick, =~ ,stevedore, ]]
+ inc/python:use_library_from_git:269      :   return 1
+ lib/libraries:install_libs:123           :   _install_lib_from_source taskflow
+ lib/libraries:_install_lib_from_source:75 :   local name=taskflow
+ lib/libraries:_install_lib_from_source:76 :   use_library_from_git taskflow
+ inc/python:use_library_from_git:266      :   local name=taskflow
+ inc/python:use_library_from_git:267      :   local enabled=1
+ inc/python:use_library_from_git:268      :   [[ os-brick = \A\L\L ]]
+ inc/python:use_library_from_git:268      :   [[ ,os-brick, =~ ,taskflow, ]]
+ inc/python:use_library_from_git:269      :   return 1
+ lib/libraries:install_libs:124           :   _install_lib_from_source tooz
+ lib/libraries:_install_lib_from_source:75 :   local name=tooz
+ lib/libraries:_install_lib_from_source:76 :   use_library_from_git tooz
+ inc/python:use_library_from_git:266      :   local name=tooz
+ inc/python:use_library_from_git:267      :   local enabled=1
+ inc/python:use_library_from_git:268      :   [[ os-brick = \A\L\L ]]
+ inc/python:use_library_from_git:268      :   [[ ,os-brick, =~ ,tooz, ]]
+ inc/python:use_library_from_git:269      :   return 1
+ lib/libraries:install_libs:128           :   _install_lib_from_source os-brick
+ lib/libraries:_install_lib_from_source:75 :   local name=os-brick
+ lib/libraries:_install_lib_from_source:76 :   use_library_from_git os-brick
+ inc/python:use_library_from_git:266      :   local name=os-brick
+ inc/python:use_library_from_git:267      :   local enabled=1
+ inc/python:use_library_from_git:268      :   [[ os-brick = \A\L\L ]]
+ inc/python:use_library_from_git:268      :   [[ ,os-brick, =~ ,os-brick, ]]
+ inc/python:use_library_from_git:268      :   enabled=0
+ inc/python:use_library_from_git:269      :   return 0
+ lib/libraries:_install_lib_from_source:77 :   git_clone_by_name os-brick
+ functions-common:git_clone_by_name:681   :   local name=os-brick
+ functions-common:git_clone_by_name:682   :   local repo=https://opendev.org/openstack/os-brick.git
+ functions-common:git_clone_by_name:683   :   local dir=/opt/stack/os-brick
+ functions-common:git_clone_by_name:684   :   local branch=master
+ functions-common:git_clone_by_name:685   :   git_clone https://opendev.org/openstack/os-brick.git /opt/stack/os-brick master
+ functions-common:git_clone:589           :   local git_remote=https://opendev.org/openstack/os-brick.git
+ functions-common:git_clone:590           :   local git_dest=/opt/stack/os-brick
+ functions-common:git_clone:591           :   local git_ref=master
+ functions-common:git_clone:592           :   local orig_dir
++ functions-common:git_clone:593           :   pwd
+ functions-common:git_clone:593           :   orig_dir=/home/slave/devstack
+ functions-common:git_clone:594           :   local git_clone_flags=
++ functions-common:git_clone:596           :   trueorfalse False RECLONE
+ functions-common:git_clone:596           :   RECLONE=False
+ functions-common:git_clone:597           :   [[ 0 -gt 0 ]]
+ functions-common:git_clone:601           :   [[ False = \T\r\u\e ]]
+ functions-common:git_clone:610           :   echo master
+ functions-common:git_clone:610           :   egrep -q '^refs'
+ functions-common:git_clone:624           :   [[ ! -d /opt/stack/os-brick ]]
+ functions-common:git_clone:634           :   [[ False = \T\r\u\e ]]
+ functions-common:git_clone:669           :   sudo git config --system --add safe.directory /opt/stack/os-brick
+ functions-common:git_clone:672           :   cd /opt/stack/os-brick
+ functions-common:git_clone:673           :   git show --oneline
+ functions-common:git_clone:673           :   head -1
46ca08f Merge "Initiate NVMeConnProps with controllers in extend_volume"
+ functions-common:git_clone:674           :   cd /home/slave/devstack
+ lib/libraries:_install_lib_from_source:78 :   setup_dev_lib -bindep os-brick
+ inc/python:setup_dev_lib:312             :   local bindep
+ inc/python:setup_dev_lib:313             :   [[ -bindep == -bindep* ]]
+ inc/python:setup_dev_lib:314             :   bindep=-bindep
+ inc/python:setup_dev_lib:315             :   shift
+ inc/python:setup_dev_lib:317             :   local name=os-brick
+ inc/python:setup_dev_lib:318             :   local dir=/opt/stack/os-brick
+ inc/python:setup_dev_lib:319             :   local extras=
+ inc/python:setup_dev_lib:320             :   setup_develop -bindep /opt/stack/os-brick
+ inc/python:setup_develop:353             :   local bindep
+ inc/python:setup_develop:354             :   [[ -bindep == -bindep* ]]
+ inc/python:setup_develop:355             :   bindep=-bindep
+ inc/python:setup_develop:356             :   shift
+ inc/python:setup_develop:358             :   local project_dir=/opt/stack/os-brick
+ inc/python:setup_develop:359             :   local extras=
+ inc/python:setup_develop:360             :   _setup_package_with_constraints_edit -bindep /opt/stack/os-brick -e
+ inc/python:_setup_package_with_constraints_edit:379 :   local bindep
+ inc/python:_setup_package_with_constraints_edit:380 :   [[ -bindep == -bindep* ]]
+ inc/python:_setup_package_with_constraints_edit:381 :   bindep=-bindep
+ inc/python:_setup_package_with_constraints_edit:382 :   shift
+ inc/python:_setup_package_with_constraints_edit:384 :   local project_dir=/opt/stack/os-brick
+ inc/python:_setup_package_with_constraints_edit:385 :   local flags=-e
+ inc/python:_setup_package_with_constraints_edit:386 :   local extras=
++ inc/python:_setup_package_with_constraints_edit:393 :   cd /opt/stack/os-brick
++ inc/python:_setup_package_with_constraints_edit:393 :   pwd
+ inc/python:_setup_package_with_constraints_edit:393 :   project_dir=/opt/stack/os-brick
+ inc/python:_setup_package_with_constraints_edit:395 :   '[' -n /opt/stack/requirements ']'
+ inc/python:_setup_package_with_constraints_edit:399 :   local name
++ inc/python:_setup_package_with_constraints_edit:400 :   awk '/^name.*=/ {print $3}' /opt/stack/os-brick/setup.cfg
+ inc/python:_setup_package_with_constraints_edit:400 :   name=os-brick
+ inc/python:_setup_package_with_constraints_edit:401 :   '[' -z os-brick ']'
+ inc/python:_setup_package_with_constraints_edit:405 :   /opt/stack/requirements/.venv/bin/edit-constraints /opt/stack/requirements/upper-constraints.txt -- os-brick
+ inc/python:_setup_package_with_constraints_edit:408 :   setup_package -bindep /opt/stack/os-brick -e
+ inc/python:setup_package:436             :   local bindep=0
+ inc/python:setup_package:437             :   local bindep_flag=
+ inc/python:setup_package:438             :   local bindep_profiles=
+ inc/python:setup_package:439             :   [[ -bindep == -bindep* ]]
+ inc/python:setup_package:440             :   bindep=1
+ inc/python:setup_package:441             :   IFS==
+ inc/python:setup_package:441             :   read bindep_flag bindep_profiles
+ inc/python:setup_package:442             :   shift
+ inc/python:setup_package:444             :   local project_dir=/opt/stack/os-brick
+ inc/python:setup_package:445             :   local flags=-e
+ inc/python:setup_package:446             :   local extras=
+ inc/python:setup_package:450             :   [[ -n -e ]]
+ inc/python:setup_package:450             :   [[ -z '' ]]
+ inc/python:setup_package:450             :   [[ ! -e =~ ^-.* ]]
+ inc/python:setup_package:455             :   [[ ! -z '' ]]
+ inc/python:setup_package:460             :   [[ 1 == 1 ]]
+ inc/python:setup_package:461             :   install_bindep /opt/stack/os-brick/bindep.txt
+ functions-common:install_bindep:1512     :   local file=/opt/stack/os-brick/bindep.txt
+ functions-common:install_bindep:1513     :   local profiles=
+ functions-common:install_bindep:1514     :   local pkgs
+ functions-common:install_bindep:1516     :   [[ ! -f /opt/stack/os-brick/bindep.txt ]]
+ functions-common:install_bindep:1523     :   profiles=
++ functions-common:install_bindep:1527     :   /opt/stack/bindep-venv/bin/bindep -b --file /opt/stack/os-brick/bindep.txt
+ functions-common:install_bindep:1527     :   pkgs=
+ functions-common:install_bindep:1529     :   [[ -n '' ]]
+ inc/python:setup_package:464             :   pip_install -e /opt/stack/os-brick
Using python 3.12 to install /opt/stack/os-brick
+ inc/python:pip_install:210               :   env http_proxy= https_proxy= no_proxy= PIP_FIND_LINKS= /opt/stack/data/venv/bin/pip install -c /opt/stack/requirements/upper-constraints.txt -e /opt/stack/os-brick
Obtaining file:///opt/stack/os-brick
  Installing build dependencies: started
  Installing build dependencies: finished with status 'done'
  Checking if build backend supports build_editable: started
  Checking if build backend supports build_editable: finished with status 'done'
  Getting requirements to build editable: started
  Getting requirements to build editable: finished with status 'done'
  Preparing editable metadata (pyproject.toml): started
  Preparing editable metadata (pyproject.toml): finished with status 'done'
Requirement already satisfied: pbr>=5.8.0 in /opt/stack/data/venv/lib/python3.12/site-packages (from os-brick==7.1.1) (7.0.3)
Collecting oslo.concurrency>=5.0.0 (from os-brick==7.1.1)
  Using cached oslo_concurrency-7.6.1-py3-none-any.whl.metadata (2.2 kB)
Collecting oslo.config>=9.0.0 (from os-brick==7.1.1)
  Using cached oslo_config-10.7.0-py3-none-any.whl.metadata (2.3 kB)
Collecting oslo.context>=4.1.0 (from os-brick==7.1.1)
  Using cached oslo_context-6.5.0-py3-none-any.whl.metadata (2.3 kB)
Collecting oslo.log>=4.8.0 (from os-brick==7.1.1)
  Using cached oslo_log-8.3.0-py3-none-any.whl.metadata (2.5 kB)
Collecting oslo.i18n>=5.1.0 (from os-brick==7.1.1)
  Using cached oslo_i18n-6.9.0-py3-none-any.whl.metadata (2.0 kB)
Collecting oslo.privsep>=3.0.0 (from os-brick==7.1.1)
  Using cached oslo_privsep-3.12.0-py3-none-any.whl.metadata (2.7 kB)
Collecting oslo.serialization>=4.3.0 (from os-brick==7.1.1)
  Using cached oslo_serialization-5.11.0-py3-none-any.whl.metadata (2.1 kB)
Collecting oslo.service>=2.8.0 (from os-brick==7.1.1)
  Using cached oslo_service-4.8.0-py3-none-any.whl.metadata (2.8 kB)
Collecting oslo.utils>=7.3.0 (from os-brick==7.1.1)
  Using cached oslo_utils-10.1.1-py3-none-any.whl.metadata (2.1 kB)
Collecting requests>=2.25.1 (from os-brick==7.1.1)
  Using cached requests-2.34.2-py3-none-any.whl.metadata (4.8 kB)
Collecting tenacity>=6.3.1 (from os-brick==7.1.1)
  Using cached tenacity-9.1.4-py3-none-any.whl.metadata (1.2 kB)
Collecting psutil>=5.7.2 (from os-brick==7.1.1)
  Using cached psutil-7.2.2-cp36-abi3-manylinux2010_x86_64.manylinux_2_12_x86_64.manylinux_2_28_x86_64.whl.metadata (22 kB)
Collecting fasteners>=0.7.0 (from oslo.concurrency>=5.0.0->os-brick==7.1.1)
  Using cached fasteners-0.20-py3-none-any.whl.metadata (4.8 kB)
Collecting debtcollector>=3.0.0 (from oslo.concurrency>=5.0.0->os-brick==7.1.1)
  Using cached debtcollector-3.1.0-py3-none-any.whl.metadata (2.6 kB)
Collecting wrapt>=2.1.0 (from debtcollector>=3.0.0->oslo.concurrency>=5.0.0->os-brick==7.1.1)
  Using cached wrapt-2.3.0-cp312-cp312-manylinux1_x86_64.manylinux_2_28_x86_64.manylinux_2_5_x86_64.whl.metadata (7.4 kB)
Collecting netaddr>=0.7.18 (from oslo.config>=9.0.0->os-brick==7.1.1)
  Using cached netaddr-1.3.0-py3-none-any.whl.metadata (5.0 kB)
Collecting stevedore>=5.6.0 (from oslo.config>=9.0.0->os-brick==7.1.1)
  Using cached stevedore-5.9.1-py3-none-any.whl.metadata (2.3 kB)
Requirement already satisfied: rfc3986>=1.2.0 in /usr/lib/python3/dist-packages (from oslo.config>=9.0.0->os-brick==7.1.1) (2.0.0)
Requirement already satisfied: PyYAML>=5.1 in /opt/stack/data/venv/lib/python3.12/site-packages (from oslo.config>=9.0.0->os-brick==7.1.1) (6.0.3)
Collecting typing-extensions>=4.12.0 (from oslo.context>=4.1.0->os-brick==7.1.1)
  Using cached typing_extensions-4.16.0-py3-none-any.whl.metadata (3.3 kB)
Collecting python-dateutil>=2.7.0 (from oslo.log>=4.8.0->os-brick==7.1.1)
  Using cached python_dateutil-2.9.0.post0-py2.py3-none-any.whl.metadata (8.4 kB)
Collecting cffi>=1.14.0 (from oslo.privsep>=3.0.0->os-brick==7.1.1)
  Using cached cffi-2.1.1-cp312-cp312-manylinux2014_x86_64.manylinux_2_17_x86_64.whl.metadata (2.5 kB)
Collecting msgpack>=0.6.0 (from oslo.privsep>=3.0.0->os-brick==7.1.1)
  Using cached msgpack-1.2.1-cp312-cp312-manylinux2014_x86_64.manylinux_2_17_x86_64.manylinux_2_28_x86_64.whl.metadata (8.3 kB)
Collecting pycparser (from cffi>=1.14.0->oslo.privsep>=3.0.0->os-brick==7.1.1)
  Using cached pycparser-3.0-py3-none-any.whl.metadata (8.2 kB)
Collecting WebOb>=1.7.1 (from oslo.service>=2.8.0->os-brick==7.1.1)
  Using cached webob-1.8.11-py2.py3-none-any.whl.metadata (13 kB)
Collecting eventlet>=0.27.0 (from oslo.service>=2.8.0->os-brick==7.1.1)
  Using cached eventlet-0.41.2-py3-none-any.whl.metadata (5.4 kB)
Collecting greenlet>=0.4.15 (from oslo.service>=2.8.0->os-brick==7.1.1)
  Using cached greenlet-3.5.5-cp312-cp312-manylinux_2_24_x86_64.manylinux_2_28_x86_64.whl.metadata (3.8 kB)
Requirement already satisfied: PasteDeploy>=1.5.0 in /usr/lib/python3/dist-packages (from oslo.service>=2.8.0->os-brick==7.1.1) (3.1.0)
Requirement already satisfied: Routes>=2.3.1 in /usr/lib/python3/dist-packages (from oslo.service>=2.8.0->os-brick==7.1.1) (2.5.1)
Collecting Paste>=2.0.2 (from oslo.service>=2.8.0->os-brick==7.1.1)
  Using cached Paste-3.10.1-py3-none-any.whl.metadata (5.3 kB)
Collecting Yappi>=1.0 (from oslo.service>=2.8.0->os-brick==7.1.1)
  Using cached yappi-1.7.6-cp312-cp312-manylinux2014_x86_64.manylinux_2_17_x86_64.manylinux_2_28_x86_64.whl.metadata (11 kB)
Collecting dnspython>=1.15.0 (from eventlet>=0.27.0->oslo.service>=2.8.0->os-brick==7.1.1)
  Using cached dnspython-2.8.0-py3-none-any.whl.metadata (5.7 kB)
Requirement already satisfied: iso8601>=0.1.11 in /opt/stack/data/venv/lib/python3.12/site-packages (from oslo.utils>=7.3.0->os-brick==7.1.1) (2.1.0)
Collecting pyparsing>=2.1.0 (from oslo.utils>=7.3.0->os-brick==7.1.1)
  Using cached pyparsing-3.3.2-py3-none-any.whl.metadata (5.8 kB)
Requirement already satisfied: packaging>=20.4 in /opt/stack/data/venv/lib/python3.12/site-packages (from oslo.utils>=7.3.0->os-brick==7.1.1) (26.3)
Requirement already satisfied: setuptools in /opt/stack/data/venv/lib/python3.12/site-packages (from Paste>=2.0.2->oslo.service>=2.8.0->os-brick==7.1.1) (84.0.0)
Collecting six>=1.5 (from python-dateutil>=2.7.0->oslo.log>=4.8.0->os-brick==7.1.1)
  Using cached six-1.17.0-py2.py3-none-any.whl.metadata (1.7 kB)
Collecting charset_normalizer<4,>=2 (from requests>=2.25.1->os-brick==7.1.1)
  Using cached charset_normalizer-3.5.0-cp312-cp312-manylinux2014_x86_64.manylinux_2_17_x86_64.manylinux_2_28_x86_64.whl.metadata (44 kB)
Collecting idna<4,>=2.5 (from requests>=2.25.1->os-brick==7.1.1)
  Using cached idna-3.18-py3-none-any.whl.metadata (6.1 kB)
Collecting urllib3<3,>=1.26 (from requests>=2.25.1->os-brick==7.1.1)
  Using cached urllib3-2.7.0-py3-none-any.whl.metadata (6.9 kB)
Requirement already satisfied: certifi>=2023.5.7 in /usr/lib/python3/dist-packages (from requests>=2.25.1->os-brick==7.1.1) (2023.11.17)
Using cached oslo_concurrency-7.6.1-py3-none-any.whl (49 kB)
Using cached debtcollector-3.1.0-py3-none-any.whl (24 kB)
Using cached fasteners-0.20-py3-none-any.whl (18 kB)
Using cached oslo_config-10.7.0-py3-none-any.whl (143 kB)
Using cached netaddr-1.3.0-py3-none-any.whl (2.3 MB)
Using cached oslo_context-6.5.0-py3-none-any.whl (20 kB)
Using cached oslo_i18n-6.9.0-py3-none-any.whl (47 kB)
Using cached oslo_log-8.3.0-py3-none-any.whl (77 kB)
Using cached oslo_privsep-3.12.0-py3-none-any.whl (41 kB)
Using cached cffi-2.1.1-cp312-cp312-manylinux2014_x86_64.manylinux_2_17_x86_64.whl (221 kB)
Using cached msgpack-1.2.1-cp312-cp312-manylinux2014_x86_64.manylinux_2_17_x86_64.manylinux_2_28_x86_64.whl (419 kB)
Using cached oslo_serialization-5.11.0-py3-none-any.whl (27 kB)
Using cached oslo_service-4.8.0-py3-none-any.whl (125 kB)
Using cached eventlet-0.41.2-py3-none-any.whl (364 kB)
Using cached dnspython-2.8.0-py3-none-any.whl (331 kB)
Using cached greenlet-3.5.5-cp312-cp312-manylinux_2_24_x86_64.manylinux_2_28_x86_64.whl (621 kB)
Using cached oslo_utils-10.1.1-py3-none-any.whl (154 kB)
Using cached Paste-3.10.1-py3-none-any.whl (289 kB)
Using cached psutil-7.2.2-cp36-abi3-manylinux2010_x86_64.manylinux_2_12_x86_64.manylinux_2_28_x86_64.whl (155 kB)
Using cached pyparsing-3.3.2-py3-none-any.whl (122 kB)
Using cached python_dateutil-2.9.0.post0-py2.py3-none-any.whl (229 kB)
Using cached requests-2.34.2-py3-none-any.whl (73 kB)
Using cached charset_normalizer-3.5.0-cp312-cp312-manylinux2014_x86_64.manylinux_2_17_x86_64.manylinux_2_28_x86_64.whl (247 kB)
Using cached idna-3.18-py3-none-any.whl (65 kB)
Using cached urllib3-2.7.0-py3-none-any.whl (131 kB)
Using cached six-1.17.0-py2.py3-none-any.whl (11 kB)
Using cached stevedore-5.9.1-py3-none-any.whl (54 kB)
Using cached tenacity-9.1.4-py3-none-any.whl (28 kB)
Using cached typing_extensions-4.16.0-py3-none-any.whl (45 kB)
Using cached webob-1.8.11-py2.py3-none-any.whl (118 kB)
Using cached wrapt-2.3.0-cp312-cp312-manylinux1_x86_64.manylinux_2_28_x86_64.manylinux_2_5_x86_64.whl (172 kB)
Using cached yappi-1.7.6-cp312-cp312-manylinux2014_x86_64.manylinux_2_17_x86_64.manylinux_2_28_x86_64.whl (82 kB)
Using cached pycparser-3.0-py3-none-any.whl (48 kB)
Building wheels for collected packages: os-brick
  Building editable for os-brick (pyproject.toml): started
  Building editable for os-brick (pyproject.toml): finished with status 'done'
  Created wheel for os-brick: filename=os_brick-7.1.1-0.editable-py3-none-any.whl size=7918 sha256=8fb713cab13a6333bd2c50441ab4a2b258b10b8679de26c75293a3a6fba92656
  Stored in directory: /tmp/pip-ephem-wheel-cache-6gqd1ryb/wheels/42/03/28/5344515008c50524c066a3d250c2dfeb7c165c41802c0e19ce
Successfully built os-brick
Installing collected packages: Yappi, wrapt, WebOb, urllib3, typing-extensions, tenacity, stevedore, six, pyparsing, pycparser, psutil, Paste, netaddr, msgpack, idna, greenlet, fasteners, dnspython, charset_normalizer, requests, python-dateutil, oslo.i18n, oslo.context, eventlet, debtcollector, cffi, oslo.utils, oslo.config, oslo.serialization, oslo.concurrency, oslo.log, oslo.service, oslo.privsep, os-brick
  Attempting uninstall: wrapt
    Found existing installation: wrapt 1.15.0
    Not uninstalling wrapt at /usr/lib/python3/dist-packages, outside environment /opt/stack/data/venv
    Can't uninstall 'wrapt'. No files were found to uninstall.
  Attempting uninstall: WebOb
    Found existing installation: WebOb 1.8.7
    Not uninstalling webob at /usr/lib/python3/dist-packages, outside environment /opt/stack/data/venv
    Can't uninstall 'WebOb'. No files were found to uninstall.
  Attempting uninstall: urllib3
    Found existing installation: urllib3 2.0.7
    Not uninstalling urllib3 at /usr/lib/python3/dist-packages, outside environment /opt/stack/data/venv
    Can't uninstall 'urllib3'. No files were found to uninstall.
  Attempting uninstall: typing-extensions
    Found existing installation: typing_extensions 4.10.0
    Not uninstalling typing-extensions at /usr/lib/python3/dist-packages, outside environment /opt/stack/data/venv
    Can't uninstall 'typing_extensions'. No files were found to uninstall.
  Attempting uninstall: tenacity
    Found existing installation: tenacity 8.2.3
    Not uninstalling tenacity at /usr/lib/python3/dist-packages, outside environment /opt/stack/data/venv
    Can't uninstall 'tenacity'. No files were found to uninstall.
  Attempting uninstall: stevedore
    Found existing installation: stevedore 5.1.0
    Not uninstalling stevedore at /usr/lib/python3/dist-packages, outside environment /opt/stack/data/venv
    Can't uninstall 'stevedore'. No files were found to uninstall.
  Attempting uninstall: six
    Found existing installation: six 1.16.0
    Not uninstalling six at /usr/lib/python3/dist-packages, outside environment /opt/stack/data/venv
    Can't uninstall 'six'. No files were found to uninstall.
  Attempting uninstall: pyparsing
    Found existing installation: pyparsing 3.1.1
    Not uninstalling pyparsing at /usr/lib/python3/dist-packages, outside environment /opt/stack/data/venv
    Can't uninstall 'pyparsing'. No files were found to uninstall.
  Attempting uninstall: Paste
    Found existing installation: Paste 3.7.1
    Not uninstalling paste at /usr/lib/python3/dist-packages, outside environment /opt/stack/data/venv
    Can't uninstall 'Paste'. No files were found to uninstall.
  Attempting uninstall: netaddr
    Found existing installation: netaddr 0.8.0
    Not uninstalling netaddr at /usr/lib/python3/dist-packages, outside environment /opt/stack/data/venv
    Can't uninstall 'netaddr'. No files were found to uninstall.
  Attempting uninstall: msgpack
    Found existing installation: msgpack 1.0.3
    Not uninstalling msgpack at /usr/lib/python3/dist-packages, outside environment /opt/stack/data/venv
    Can't uninstall 'msgpack'. No files were found to uninstall.
  Attempting uninstall: idna
    Found existing installation: idna 3.6
    Not uninstalling idna at /usr/lib/python3/dist-packages, outside environment /opt/stack/data/venv
    Can't uninstall 'idna'. No files were found to uninstall.
  Attempting uninstall: greenlet
    Found existing installation: greenlet 3.0.3
    Not uninstalling greenlet at /usr/lib/python3/dist-packages, outside environment /opt/stack/data/venv
    Can't uninstall 'greenlet'. No files were found to uninstall.
  Attempting uninstall: fasteners
    Found existing installation: fasteners 0.18
    Not uninstalling fasteners at /usr/lib/python3/dist-packages, outside environment /opt/stack/data/venv
    Can't uninstall 'fasteners'. No files were found to uninstall.
  Attempting uninstall: dnspython
    Found existing installation: dnspython 2.6.1
    Not uninstalling dnspython at /usr/lib/python3/dist-packages, outside environment /opt/stack/data/venv
    Can't uninstall 'dnspython'. No files were found to uninstall.
  Attempting uninstall: requests
    Found existing installation: requests 2.31.0
    Not uninstalling requests at /usr/lib/python3/dist-packages, outside environment /opt/stack/data/venv
    Can't uninstall 'requests'. No files were found to uninstall.
  Attempting uninstall: python-dateutil
    Found existing installation: python-dateutil 2.8.2
    Not uninstalling python-dateutil at /usr/lib/python3/dist-packages, outside environment /opt/stack/data/venv
    Can't uninstall 'python-dateutil'. No files were found to uninstall.
  Attempting uninstall: oslo.i18n
    Found existing installation: oslo.i18n 6.3.0
    Not uninstalling oslo-i18n at /usr/lib/python3/dist-packages, outside environment /opt/stack/data/venv
    Can't uninstall 'oslo.i18n'. No files were found to uninstall.
  Attempting uninstall: oslo.context
    Found existing installation: oslo.context 5.5.0
    Not uninstalling oslo-context at /usr/lib/python3/dist-packages, outside environment /opt/stack/data/venv
    Can't uninstall 'oslo.context'. No files were found to uninstall.
  Attempting uninstall: eventlet
    Found existing installation: eventlet 0.35.2
    Not uninstalling eventlet at /usr/lib/python3/dist-packages, outside environment /opt/stack/data/venv
    Can't uninstall 'eventlet'. No files were found to uninstall.
  Attempting uninstall: debtcollector
    Found existing installation: debtcollector 2.5.0
    Not uninstalling debtcollector at /usr/lib/python3/dist-packages, outside environment /opt/stack/data/venv
    Can't uninstall 'debtcollector'. No files were found to uninstall.
  Attempting uninstall: oslo.utils
    Found existing installation: oslo.utils 7.1.0
    Not uninstalling oslo-utils at /usr/lib/python3/dist-packages, outside environment /opt/stack/data/venv
    Can't uninstall 'oslo.utils'. No files were found to uninstall.
  Attempting uninstall: oslo.config
    Found existing installation: oslo.config 9.4.0
    Not uninstalling oslo-config at /usr/lib/python3/dist-packages, outside environment /opt/stack/data/venv
    Can't uninstall 'oslo.config'. No files were found to uninstall.
  Attempting uninstall: oslo.serialization
    Found existing installation: oslo.serialization 5.4.0
    Not uninstalling oslo-serialization at /usr/lib/python3/dist-packages, outside environment /opt/stack/data/venv
    Can't uninstall 'oslo.serialization'. No files were found to uninstall.
  Attempting uninstall: oslo.concurrency
    Found existing installation: oslo.concurrency 6.0.0
    Not uninstalling oslo-concurrency at /usr/lib/python3/dist-packages, outside environment /opt/stack/data/venv
    Can't uninstall 'oslo.concurrency'. No files were found to uninstall.
  Attempting uninstall: oslo.log
    Found existing installation: oslo.log 5.5.1
    Not uninstalling oslo-log at /usr/lib/python3/dist-packages, outside environment /opt/stack/data/venv
    Can't uninstall 'oslo.log'. No files were found to uninstall.

Successfully installed Paste-3.10.1 WebOb-1.8.11 Yappi-1.7.6 cffi-2.1.1 charset_normalizer-3.5.0 debtcollector-3.1.0 dnspython-2.8.0 eventlet-0.41.2 fasteners-0.20 greenlet-3.5.5 idna-3.18 msgpack-1.2.1 netaddr-1.3.0 os-brick-7.1.1 oslo.concurrency-7.6.1 oslo.config-10.7.0 oslo.context-6.5.0 oslo.i18n-6.9.0 oslo.log-8.3.0 oslo.privsep-3.12.0 oslo.serialization-5.11.0 oslo.service-4.8.0 oslo.utils-10.1.1 psutil-7.2.2 pycparser-3.0 pyparsing-3.3.2 python-dateutil-2.9.0.post0 requests-2.34.2 six-1.17.0 stevedore-5.9.1 tenacity-9.1.4 typing-extensions-4.16.0 urllib3-2.7.0 wrapt-2.3.0
+ inc/python:pip_install:216               :   result=0
+ inc/python:pip_install:218               :   time_stop pip_install
+ functions-common:time_stop:2420          :   local name
+ functions-common:time_stop:2421          :   local end_time
+ functions-common:time_stop:2422          :   local elapsed_time
+ functions-common:time_stop:2423          :   local total
+ functions-common:time_stop:2424          :   local start_time
+ functions-common:time_stop:2426          :   name=pip_install
+ functions-common:time_stop:2427          :   start_time=1787877644918
+ functions-common:time_stop:2429          :   [[ -z 1787877644918 ]]
++ functions-common:time_stop:2432          :   date +%s%3N
+ functions-common:time_stop:2432          :   end_time=1787877656297
+ functions-common:time_stop:2433          :   elapsed_time=11379
+ functions-common:time_stop:2434          :   total=24287
+ functions-common:time_stop:2436          :   _TIME_START[$name]=
+ functions-common:time_stop:2437          :   _TIME_TOTAL[$name]=35666
+ inc/python:pip_install:219               :   return 0
+ inc/python:setup_package:466             :   [[ -e == \-\e ]]
+ inc/python:setup_package:466             :   [[ True == \F\a\l\s\e ]]
+ inc/python:_setup_package_with_constraints_edit:412 :   use_library_from_git /opt/stack/os-brick
+ inc/python:use_library_from_git:266      :   local name=/opt/stack/os-brick
+ inc/python:use_library_from_git:267      :   local enabled=1
+ inc/python:use_library_from_git:268      :   [[ os-brick = \A\L\L ]]
+ inc/python:use_library_from_git:268      :   [[ ,os-brick, =~ ,/opt/stack/os-brick, ]]
+ inc/python:use_library_from_git:269      :   return 1
+ lib/libraries:install_libs:129           :   _install_lib_from_source os-resource-classes
+ lib/libraries:_install_lib_from_source:75 :   local name=os-resource-classes
+ lib/libraries:_install_lib_from_source:76 :   use_library_from_git os-resource-classes
+ inc/python:use_library_from_git:266      :   local name=os-resource-classes
+ inc/python:use_library_from_git:267      :   local enabled=1
+ inc/python:use_library_from_git:268      :   [[ os-brick = \A\L\L ]]
+ inc/python:use_library_from_git:268      :   [[ ,os-brick, =~ ,os-resource-classes, ]]
+ inc/python:use_library_from_git:269      :   return 1
+ lib/libraries:install_libs:130           :   _install_lib_from_source os-traits
+ lib/libraries:_install_lib_from_source:75 :   local name=os-traits
+ lib/libraries:_install_lib_from_source:76 :   use_library_from_git os-traits
+ inc/python:use_library_from_git:266      :   local name=os-traits
+ inc/python:use_library_from_git:267      :   local enabled=1
+ inc/python:use_library_from_git:268      :   [[ os-brick = \A\L\L ]]
+ inc/python:use_library_from_git:268      :   [[ ,os-brick, =~ ,os-traits, ]]
+ inc/python:use_library_from_git:269      :   return 1
+ lib/libraries:install_libs:133           :   _install_lib_from_source python-barbicanclient
+ lib/libraries:_install_lib_from_source:75 :   local name=python-barbicanclient
+ lib/libraries:_install_lib_from_source:76 :   use_library_from_git python-barbicanclient
+ inc/python:use_library_from_git:266      :   local name=python-barbicanclient
+ inc/python:use_library_from_git:267      :   local enabled=1
+ inc/python:use_library_from_git:268      :   [[ os-brick = \A\L\L ]]
+ inc/python:use_library_from_git:268      :   [[ ,os-brick, =~ ,python-barbicanclient, ]]
+ inc/python:use_library_from_git:269      :   return 1
+ lib/libraries:install_libs:135           :   use_library_from_git etcd3gw
+ inc/python:use_library_from_git:266      :   local name=etcd3gw
+ inc/python:use_library_from_git:267      :   local enabled=1
+ inc/python:use_library_from_git:268      :   [[ os-brick = \A\L\L ]]
+ inc/python:use_library_from_git:268      :   [[ ,os-brick, =~ ,etcd3gw, ]]
+ inc/python:use_library_from_git:269      :   return 1
+ lib/libraries:install_libs:139           :   pip_install etcd3gw
Using python 3.12 to install etcd3gw
+ inc/python:pip_install:210               :   env http_proxy= https_proxy= no_proxy= PIP_FIND_LINKS= /opt/stack/data/venv/bin/pip install -c /opt/stack/requirements/upper-constraints.txt etcd3gw
Collecting etcd3gw
  Using cached etcd3gw-2.7.0-py3-none-any.whl.metadata (1.9 kB)
Requirement already satisfied: pbr>=2.0 in /opt/stack/data/venv/lib/python3.12/site-packages (from etcd3gw) (7.0.3)
Requirement already satisfied: requests>=2.20.0 in /opt/stack/data/venv/lib/python3.12/site-packages (from etcd3gw) (2.34.2)
Collecting futurist>=0.16.0 (from etcd3gw)
  Using cached futurist-3.5.0-py3-none-any.whl.metadata (2.1 kB)
Requirement already satisfied: debtcollector>=3.0.0 in /opt/stack/data/venv/lib/python3.12/site-packages (from futurist>=0.16.0->etcd3gw) (3.1.0)
Requirement already satisfied: wrapt>=2.1.0 in /opt/stack/data/venv/lib/python3.12/site-packages (from debtcollector>=3.0.0->futurist>=0.16.0->etcd3gw) (2.3.0)
Requirement already satisfied: setuptools in /opt/stack/data/venv/lib/python3.12/site-packages (from pbr>=2.0->etcd3gw) (84.0.0)
Requirement already satisfied: charset_normalizer<4,>=2 in /opt/stack/data/venv/lib/python3.12/site-packages (from requests>=2.20.0->etcd3gw) (3.5.0)
Requirement already satisfied: idna<4,>=2.5 in /opt/stack/data/venv/lib/python3.12/site-packages (from requests>=2.20.0->etcd3gw) (3.18)
Requirement already satisfied: urllib3<3,>=1.26 in /opt/stack/data/venv/lib/python3.12/site-packages (from requests>=2.20.0->etcd3gw) (2.7.0)
Requirement already satisfied: certifi>=2023.5.7 in /usr/lib/python3/dist-packages (from requests>=2.20.0->etcd3gw) (2023.11.17)
Using cached etcd3gw-2.7.0-py3-none-any.whl (29 kB)
Using cached futurist-3.5.0-py3-none-any.whl (50 kB)
Installing collected packages: futurist, etcd3gw
  Attempting uninstall: futurist
    Found existing installation: futurist 2.4.1
    Not uninstalling futurist at /usr/lib/python3/dist-packages, outside environment /opt/stack/data/venv
    Can't uninstall 'futurist'. No files were found to uninstall.

Successfully installed etcd3gw-2.7.0 futurist-3.5.0
+ inc/python:pip_install:216               :   result=0
+ inc/python:pip_install:218               :   time_stop pip_install
+ functions-common:time_stop:2420          :   local name
+ functions-common:time_stop:2421          :   local end_time
+ functions-common:time_stop:2422          :   local elapsed_time
+ functions-common:time_stop:2423          :   local total
+ functions-common:time_stop:2424          :   local start_time
+ functions-common:time_stop:2426          :   name=pip_install
+ functions-common:time_stop:2427          :   start_time=1787877656407
+ functions-common:time_stop:2429          :   [[ -z 1787877656407 ]]
++ functions-common:time_stop:2432          :   date +%s%3N
+ functions-common:time_stop:2432          :   end_time=1787877658023
+ functions-common:time_stop:2433          :   elapsed_time=1616
+ functions-common:time_stop:2434          :   total=35666
+ functions-common:time_stop:2436          :   _TIME_START[$name]=
+ functions-common:time_stop:2437          :   _TIME_TOTAL[$name]=37282
+ inc/python:pip_install:219               :   return 0
+ ./stack.sh:main:903                      :   install_apache_uwsgi
+ lib/apache:install_apache_uwsgi:79       :   local apxs=apxs2
+ lib/apache:install_apache_uwsgi:80       :   is_fedora
+ functions-common:is_fedora:526           :   [[ -z Ubuntu ]]
+ functions-common:is_fedora:530           :   '[' Ubuntu = Fedora ']'
+ functions-common:is_fedora:530           :   '[' Ubuntu = 'Red Hat' ']'
+ functions-common:is_fedora:531           :   '[' Ubuntu = openEuler ']'
+ functions-common:is_fedora:532           :   '[' Ubuntu = RedHatEnterpriseServer ']'
+ functions-common:is_fedora:533           :   '[' Ubuntu = RedHatEnterprise ']'
+ functions-common:is_fedora:534           :   '[' Ubuntu = RedHatEnterpriseLinux ']'
+ functions-common:is_fedora:535           :   '[' Ubuntu = RockyLinux ']'
+ functions-common:is_fedora:536           :   '[' Ubuntu = CentOS ']'
+ functions-common:is_fedora:536           :   '[' Ubuntu = CentOSStream ']'
+ functions-common:is_fedora:537           :   '[' Ubuntu = AlmaLinux ']'
+ functions-common:is_fedora:538           :   '[' Ubuntu = OracleServer ']'
+ functions-common:is_fedora:538           :   '[' Ubuntu = Virtuozzo ']'
+ lib/apache:install_apache_uwsgi:84       :   is_ubuntu
+ functions-common:is_ubuntu:546           :   [[ -z deb ]]
+ functions-common:is_ubuntu:549           :   '[' deb = deb ']'
+ lib/apache:install_apache_uwsgi:85       :   local 'pkg_list=uwsgi uwsgi-plugin-python3'
+ lib/apache:install_apache_uwsgi:86       :   install_package uwsgi uwsgi-plugin-python3
+ functions-common:install_package:1438    :   update_package_repo
+ functions-common:update_package_repo:1412 :   NO_UPDATE_REPOS=False
+ functions-common:update_package_repo:1413 :   REPOS_UPDATED=True
+ functions-common:update_package_repo:1414 :   RETRY_UPDATE=False
+ functions-common:update_package_repo:1416 :   [[ False = \T\r\u\e ]]
+ functions-common:update_package_repo:1420 :   is_ubuntu
+ functions-common:is_ubuntu:546           :   [[ -z deb ]]
+ functions-common:is_ubuntu:549           :   '[' deb = deb ']'
+ functions-common:update_package_repo:1421 :   apt_get_update
+ functions-common:apt_get_update:1166     :   [[ True == \T\r\u\e ]]
+ functions-common:apt_get_update:1166     :   [[ False != \T\r\u\e ]]
+ functions-common:apt_get_update:1167     :   return
+ functions-common:install_package:1439    :   real_install_package uwsgi uwsgi-plugin-python3
+ functions-common:real_install_package:1426 :   is_ubuntu
+ functions-common:is_ubuntu:546           :   [[ -z deb ]]
+ functions-common:is_ubuntu:549           :   '[' deb = deb ']'
+ functions-common:real_install_package:1427 :   apt_get install uwsgi uwsgi-plugin-python3
+ functions-common:apt_get:1207            :   sudo DEBIAN_FRONTEND=noninteractive http_proxy= https_proxy= no_proxy= apt-get --option Dpkg::Options::=--force-confold --assume-yes install uwsgi uwsgi-plugin-python3
Reading package lists...
Building dependency tree...
Reading state information...
uwsgi is already the newest version (2.0.24-2ubuntu10).
uwsgi-plugin-python3 is already the newest version (2.0.24-2ubuntu10).
The following packages were automatically installed and are no longer required:
  alembic keystone-common pycadf-common python3-alembic python3-amqp
  python3-aniso8601 python3-asgiref python3-bs4 python3-cssselect
  python3-debtcollector python3-decorator python3-defusedxml python3-dnspython
  python3-dogpile.cache python3-elementpath python3-eventlet python3-fasteners
  python3-flask python3-flask-restful python3-futurist python3-greenlet
  python3-html5lib python3-iso8601 python3-itsdangerous python3-keystoneauth1
  python3-keystoneclient python3-keystonemiddleware python3-kombu python3-ldap
  python3-lxml python3-mako python3-memcache python3-migrate python3-monotonic
  python3-msgpack python3-os-service-types python3-oslo.cache
  python3-oslo.concurrency python3-oslo.config python3-oslo.context
  python3-oslo.db python3-oslo.i18n python3-oslo.log python3-oslo.metrics
  python3-oslo.middleware python3-oslo.policy python3-oslo.serialization
  python3-oslo.upgradecheck python3-oslo.utils python3-osprofiler
  python3-passlib python3-paste python3-pastedeploy python3-pastedeploy-tpl
  python3-pastescript python3-prometheus-client python3-pyasyncore
  python3-pycadf python3-pyinotify python3-pymysql python3-pysaml2
  python3-repoze.lru python3-rfc3986 python3-routes python3-scrypt
  python3-simplejson python3-soupsieve python3-sqlalchemy
  python3-sqlalchemy-ext python3-sqlparse python3-statsd python3-tempita
  python3-tenacity python3-testscenarios python3-vine python3-webencodings
  python3-webob python3-werkzeug python3-wrapt python3-xmlschema xmlsec1
Use 'sudo apt autoremove' to remove them.
0 upgraded, 0 newly installed, 0 to remove and 80 not upgraded.
+ functions-common:apt_get:1211            :   result=0
+ functions-common:apt_get:1214            :   time_stop apt-get
+ functions-common:time_stop:2420          :   local name
+ functions-common:time_stop:2421          :   local end_time
+ functions-common:time_stop:2422          :   local elapsed_time
+ functions-common:time_stop:2423          :   local total
+ functions-common:time_stop:2424          :   local start_time
+ functions-common:time_stop:2426          :   name=apt-get
+ functions-common:time_stop:2427          :   start_time=1787877658140
+ functions-common:time_stop:2429          :   [[ -z 1787877658140 ]]
++ functions-common:time_stop:2432          :   date +%s%3N
+ functions-common:time_stop:2432          :   end_time=1787877658757
+ functions-common:time_stop:2433          :   elapsed_time=617
+ functions-common:time_stop:2434          :   total=2912
+ functions-common:time_stop:2436          :   _TIME_START[$name]=
+ functions-common:time_stop:2437          :   _TIME_TOTAL[$name]=3529
+ functions-common:apt_get:1215            :   return 0
+ lib/apache:install_apache_uwsgi:118      :   is_ubuntu
+ functions-common:is_ubuntu:546           :   [[ -z deb ]]
+ functions-common:is_ubuntu:549           :   '[' deb = deb ']'
+ lib/apache:install_apache_uwsgi:119      :   a2query -m proxy
proxy (enabled by site administrator)
+ lib/apache:install_apache_uwsgi:119      :   a2query -m proxy_uwsgi
proxy_uwsgi (enabled by site administrator)
+ ./stack.sh:main:906                      :   install_keystoneauth
+ lib/keystone:install_keystoneauth:461    :   use_library_from_git keystoneauth
+ inc/python:use_library_from_git:266      :   local name=keystoneauth
+ inc/python:use_library_from_git:267      :   local enabled=1
+ inc/python:use_library_from_git:268      :   [[ os-brick = \A\L\L ]]
+ inc/python:use_library_from_git:268      :   [[ ,os-brick, =~ ,keystoneauth, ]]
+ inc/python:use_library_from_git:269      :   return 1
+ ./stack.sh:main:907                      :   install_keystoneclient
+ lib/keystone:install_keystoneclient:469  :   use_library_from_git python-keystoneclient
+ inc/python:use_library_from_git:266      :   local name=python-keystoneclient
+ inc/python:use_library_from_git:267      :   local enabled=1
+ inc/python:use_library_from_git:268      :   [[ os-brick = \A\L\L ]]
+ inc/python:use_library_from_git:268      :   [[ ,os-brick, =~ ,python-keystoneclient, ]]
+ inc/python:use_library_from_git:269      :   return 1
+ ./stack.sh:main:908                      :   install_glanceclient
+ lib/glance:install_glanceclient:542      :   use_library_from_git python-glanceclient
+ inc/python:use_library_from_git:266      :   local name=python-glanceclient
+ inc/python:use_library_from_git:267      :   local enabled=1
+ inc/python:use_library_from_git:268      :   [[ os-brick = \A\L\L ]]
+ inc/python:use_library_from_git:268      :   [[ ,os-brick, =~ ,python-glanceclient, ]]
+ inc/python:use_library_from_git:269      :   return 1
+ ./stack.sh:main:909                      :   install_cinderclient
+ lib/cinder:install_cinderclient:594      :   use_library_from_git python-brick-cinderclient-ext
+ inc/python:use_library_from_git:266      :   local name=python-brick-cinderclient-ext
+ inc/python:use_library_from_git:267      :   local enabled=1
+ inc/python:use_library_from_git:268      :   [[ os-brick = \A\L\L ]]
+ inc/python:use_library_from_git:268      :   [[ ,os-brick, =~ ,python-brick-cinderclient-ext, ]]
+ inc/python:use_library_from_git:269      :   return 1
+ lib/cinder:install_cinderclient:599      :   use_library_from_git python-cinderclient
+ inc/python:use_library_from_git:266      :   local name=python-cinderclient
+ inc/python:use_library_from_git:267      :   local enabled=1
+ inc/python:use_library_from_git:268      :   [[ os-brick = \A\L\L ]]
+ inc/python:use_library_from_git:268      :   [[ ,os-brick, =~ ,python-cinderclient, ]]
+ inc/python:use_library_from_git:269      :   return 1
+ ./stack.sh:main:910                      :   install_novaclient
+ lib/nova:install_novaclient:901          :   use_library_from_git python-novaclient
+ inc/python:use_library_from_git:266      :   local name=python-novaclient
+ inc/python:use_library_from_git:267      :   local enabled=1
+ inc/python:use_library_from_git:268      :   [[ os-brick = \A\L\L ]]
+ inc/python:use_library_from_git:268      :   [[ ,os-brick, =~ ,python-novaclient, ]]
+ inc/python:use_library_from_git:269      :   return 1
+ ./stack.sh:main:911                      :   is_service_enabled swift glance horizon
+ functions-common:is_service_enabled:2076 :   return 0
+ ./stack.sh:main:912                      :   install_swiftclient
+ lib/swift:install_swiftclient:744        :   use_library_from_git python-swiftclient
+ inc/python:use_library_from_git:266      :   local name=python-swiftclient
+ inc/python:use_library_from_git:267      :   local enabled=1
+ inc/python:use_library_from_git:268      :   [[ os-brick = \A\L\L ]]
+ inc/python:use_library_from_git:268      :   [[ ,os-brick, =~ ,python-swiftclient, ]]
+ inc/python:use_library_from_git:269      :   return 1
+ ./stack.sh:main:914                      :   is_service_enabled neutron nova horizon
+ functions-common:is_service_enabled:2076 :   return 0
+ ./stack.sh:main:915                      :   install_neutronclient
+ lib/neutron:install_neutronclient:542    :   use_library_from_git python-neutronclient
+ inc/python:use_library_from_git:266      :   local name=python-neutronclient
+ inc/python:use_library_from_git:267      :   local enabled=1
+ inc/python:use_library_from_git:268      :   [[ os-brick = \A\L\L ]]
+ inc/python:use_library_from_git:268      :   [[ ,os-brick, =~ ,python-neutronclient, ]]
+ inc/python:use_library_from_git:269      :   return 1
+ ./stack.sh:main:919                      :   install_keystonemiddleware
+ lib/keystone:install_keystonemiddleware:479 :   use_library_from_git keystonemiddleware
+ inc/python:use_library_from_git:266      :   local name=keystonemiddleware
+ inc/python:use_library_from_git:267      :   local enabled=1
+ inc/python:use_library_from_git:268      :   [[ os-brick = \A\L\L ]]
+ inc/python:use_library_from_git:268      :   [[ ,os-brick, =~ ,keystonemiddleware, ]]
+ inc/python:use_library_from_git:269      :   return 1
+ lib/keystone:install_keystonemiddleware:484 :   pip_install_gr keystonemiddleware
+ inc/python:pip_install_gr:94             :   local name=keystonemiddleware
+ inc/python:pip_install_gr:95             :   local clean_name
++ inc/python:pip_install_gr:96             :   get_from_global_requirements keystonemiddleware
++ inc/python:get_from_global_requirements:241 :   local package=keystonemiddleware
++ inc/python:get_from_global_requirements:242 :   local required_pkg
+++ inc/python:get_from_global_requirements:243 :   grep -i -h '^keystonemiddleware' /opt/stack/requirements/global-requirements.txt
+++ inc/python:get_from_global_requirements:243 :   cut -d# -f1
++ inc/python:get_from_global_requirements:243 :   required_pkg='keystonemiddleware  '
++ inc/python:get_from_global_requirements:244 :   [[ keystonemiddleware   == '' ]]
++ inc/python:get_from_global_requirements:247 :   echo keystonemiddleware
+ inc/python:pip_install_gr:96             :   clean_name=keystonemiddleware
+ inc/python:pip_install_gr:97             :   pip_install keystonemiddleware
Using python 3.12 to install keystonemiddleware
+ inc/python:pip_install:210               :   env http_proxy= https_proxy= no_proxy= PIP_FIND_LINKS= /opt/stack/data/venv/bin/pip install -c /opt/stack/requirements/upper-constraints.txt keystonemiddleware
Collecting keystonemiddleware
  Using cached keystonemiddleware-13.0.0-py3-none-any.whl.metadata (3.9 kB)
Collecting keystoneauth1>=3.12.0 (from keystonemiddleware)
  Using cached keystoneauth1-5.15.0-py3-none-any.whl.metadata (2.8 kB)
Collecting oslo.cache>=3.11.0 (from keystonemiddleware)
  Using cached oslo_cache-4.3.0-py3-none-any.whl.metadata (2.5 kB)
Requirement already satisfied: oslo.config>=5.2.0 in /opt/stack/data/venv/lib/python3.12/site-packages (from keystonemiddleware) (10.7.0)
Requirement already satisfied: oslo.context>=2.19.2 in /opt/stack/data/venv/lib/python3.12/site-packages (from keystonemiddleware) (6.5.0)
Requirement already satisfied: oslo.i18n>=3.15.3 in /opt/stack/data/venv/lib/python3.12/site-packages (from keystonemiddleware) (6.9.0)
Requirement already satisfied: oslo.log>=3.36.0 in /opt/stack/data/venv/lib/python3.12/site-packages (from keystonemiddleware) (8.3.0)
Requirement already satisfied: oslo.serialization>=2.18.0 in /opt/stack/data/venv/lib/python3.12/site-packages (from keystonemiddleware) (5.11.0)
Requirement already satisfied: oslo.utils>=3.33.0 in /opt/stack/data/venv/lib/python3.12/site-packages (from keystonemiddleware) (10.1.1)
Requirement already satisfied: pbr>=2.0.0 in /opt/stack/data/venv/lib/python3.12/site-packages (from keystonemiddleware) (7.0.3)
Collecting pycadf>=1.1.0 (from keystonemiddleware)
  Using cached pycadf-4.1.0-py3-none-any.whl.metadata (2.2 kB)
Collecting PyJWT>=2.4.0 (from keystonemiddleware)
  Using cached pyjwt-2.13.0-py3-none-any.whl.metadata (3.4 kB)
Collecting python-keystoneclient>=3.20.0 (from keystonemiddleware)
  Using cached python_keystoneclient-5.8.0-py3-none-any.whl.metadata (3.8 kB)
Requirement already satisfied: requests>=2.14.2 in /opt/stack/data/venv/lib/python3.12/site-packages (from keystonemiddleware) (2.34.2)
Requirement already satisfied: WebOb>=1.7.1 in /opt/stack/data/venv/lib/python3.12/site-packages (from keystonemiddleware) (1.8.11)
Requirement already satisfied: iso8601>=2.0.0 in /opt/stack/data/venv/lib/python3.12/site-packages (from keystoneauth1>=3.12.0->keystonemiddleware) (2.1.0)
Requirement already satisfied: stevedore>=1.20.0 in /opt/stack/data/venv/lib/python3.12/site-packages (from keystoneauth1>=3.12.0->keystonemiddleware) (5.9.1)
Collecting os-service-types>=1.2.0 (from keystoneauth1>=3.12.0->keystonemiddleware)
  Using cached os_service_types-1.9.0-py3-none-any.whl.metadata (2.0 kB)
Requirement already satisfied: typing-extensions>=4.12 in /opt/stack/data/venv/lib/python3.12/site-packages (from keystoneauth1>=3.12.0->keystonemiddleware) (4.16.0)
Collecting dogpile.cache>=1.3.3 (from oslo.cache>=3.11.0->keystonemiddleware)
  Using cached dogpile_cache-1.5.0-py3-none-any.whl.metadata (5.5 kB)
Collecting decorator>=4.0.0 (from dogpile.cache>=1.3.3->oslo.cache>=3.11.0->keystonemiddleware)
  Using cached decorator-5.3.1-py3-none-any.whl.metadata (3.9 kB)
Requirement already satisfied: netaddr>=0.7.18 in /opt/stack/data/venv/lib/python3.12/site-packages (from oslo.config>=5.2.0->keystonemiddleware) (1.3.0)
Requirement already satisfied: rfc3986>=1.2.0 in /usr/lib/python3/dist-packages (from oslo.config>=5.2.0->keystonemiddleware) (2.0.0)
Requirement already satisfied: PyYAML>=5.1 in /opt/stack/data/venv/lib/python3.12/site-packages (from oslo.config>=5.2.0->keystonemiddleware) (6.0.3)
Requirement already satisfied: python-dateutil>=2.7.0 in /opt/stack/data/venv/lib/python3.12/site-packages (from oslo.log>=3.36.0->keystonemiddleware) (2.9.0.post0)
Requirement already satisfied: debtcollector>=3.0.0 in /opt/stack/data/venv/lib/python3.12/site-packages (from oslo.log>=3.36.0->keystonemiddleware) (3.1.0)
Requirement already satisfied: wrapt>=2.1.0 in /opt/stack/data/venv/lib/python3.12/site-packages (from debtcollector>=3.0.0->oslo.log>=3.36.0->keystonemiddleware) (2.3.0)
Requirement already satisfied: msgpack>=0.5.2 in /opt/stack/data/venv/lib/python3.12/site-packages (from oslo.serialization>=2.18.0->keystonemiddleware) (1.2.1)
Requirement already satisfied: pyparsing>=2.1.0 in /opt/stack/data/venv/lib/python3.12/site-packages (from oslo.utils>=3.33.0->keystonemiddleware) (3.3.2)
Requirement already satisfied: packaging>=20.4 in /opt/stack/data/venv/lib/python3.12/site-packages (from oslo.utils>=3.33.0->keystonemiddleware) (26.3)
Requirement already satisfied: psutil>=3.2.2 in /opt/stack/data/venv/lib/python3.12/site-packages (from oslo.utils>=3.33.0->keystonemiddleware) (7.2.2)
Requirement already satisfied: setuptools in /opt/stack/data/venv/lib/python3.12/site-packages (from pbr>=2.0.0->keystonemiddleware) (84.0.0)
Requirement already satisfied: six>=1.5 in /opt/stack/data/venv/lib/python3.12/site-packages (from python-dateutil>=2.7.0->oslo.log>=3.36.0->keystonemiddleware) (1.17.0)
Requirement already satisfied: charset_normalizer<4,>=2 in /opt/stack/data/venv/lib/python3.12/site-packages (from requests>=2.14.2->keystonemiddleware) (3.5.0)
Requirement already satisfied: idna<4,>=2.5 in /opt/stack/data/venv/lib/python3.12/site-packages (from requests>=2.14.2->keystonemiddleware) (3.18)
Requirement already satisfied: urllib3<3,>=1.26 in /opt/stack/data/venv/lib/python3.12/site-packages (from requests>=2.14.2->keystonemiddleware) (2.7.0)
Requirement already satisfied: certifi>=2023.5.7 in /usr/lib/python3/dist-packages (from requests>=2.14.2->keystonemiddleware) (2023.11.17)
Using cached keystonemiddleware-13.0.0-py3-none-any.whl (135 kB)
Using cached keystoneauth1-5.15.0-py3-none-any.whl (342 kB)
Using cached os_service_types-1.9.0-py3-none-any.whl (25 kB)
Using cached oslo_cache-4.3.0-py3-none-any.whl (65 kB)
Using cached dogpile_cache-1.5.0-py3-none-any.whl (64 kB)
Using cached decorator-5.3.1-py3-none-any.whl (10 kB)
Using cached pycadf-4.1.0-py3-none-any.whl (44 kB)
Using cached pyjwt-2.13.0-py3-none-any.whl (31 kB)
Using cached python_keystoneclient-5.8.0-py3-none-any.whl (397 kB)
Installing collected packages: PyJWT, decorator, os-service-types, dogpile.cache, keystoneauth1, python-keystoneclient, pycadf, oslo.cache, keystonemiddleware
  Attempting uninstall: PyJWT
    Found existing installation: PyJWT 2.7.0
    Not uninstalling pyjwt at /usr/lib/python3/dist-packages, outside environment /opt/stack/data/venv
    Can't uninstall 'PyJWT'. No files were found to uninstall.
  Attempting uninstall: decorator
    Found existing installation: decorator 5.1.1
    Not uninstalling decorator at /usr/lib/python3/dist-packages, outside environment /opt/stack/data/venv
    Can't uninstall 'decorator'. No files were found to uninstall.
  Attempting uninstall: os-service-types
    Found existing installation: os-service-types 1.7.0
    Not uninstalling os-service-types at /usr/lib/python3/dist-packages, outside environment /opt/stack/data/venv
    Can't uninstall 'os-service-types'. No files were found to uninstall.
  Attempting uninstall: dogpile.cache
    Found existing installation: dogpile.cache 1.1.8
    Not uninstalling dogpile-cache at /usr/lib/python3/dist-packages, outside environment /opt/stack/data/venv
    Can't uninstall 'dogpile.cache'. No files were found to uninstall.
  Attempting uninstall: keystoneauth1
    Found existing installation: keystoneauth1 5.6.0
    Not uninstalling keystoneauth1 at /usr/lib/python3/dist-packages, outside environment /opt/stack/data/venv
    Can't uninstall 'keystoneauth1'. No files were found to uninstall.
  Attempting uninstall: python-keystoneclient
    Found existing installation: python-keystoneclient 5.4.0
    Not uninstalling python-keystoneclient at /usr/lib/python3/dist-packages, outside environment /opt/stack/data/venv
    Can't uninstall 'python-keystoneclient'. No files were found to uninstall.
  Attempting uninstall: pycadf
    Found existing installation: pycadf 3.1.1
    Not uninstalling pycadf at /usr/lib/python3/dist-packages, outside environment /opt/stack/data/venv
    Can't uninstall 'pycadf'. No files were found to uninstall.
  Attempting uninstall: oslo.cache
    Found existing installation: oslo.cache 3.7.0
    Not uninstalling oslo-cache at /usr/lib/python3/dist-packages, outside environment /opt/stack/data/venv
    Can't uninstall 'oslo.cache'. No files were found to uninstall.
  Attempting uninstall: keystonemiddleware
    Found existing installation: keystonemiddleware 10.6.0
    Not uninstalling keystonemiddleware at /usr/lib/python3/dist-packages, outside environment /opt/stack/data/venv
    Can't uninstall 'keystonemiddleware'. No files were found to uninstall.

Successfully installed PyJWT-2.13.0 decorator-5.3.1 dogpile.cache-1.5.0 keystoneauth1-5.15.0 keystonemiddleware-13.0.0 os-service-types-1.9.0 oslo.cache-4.3.0 pycadf-4.1.0 python-keystoneclient-5.8.0
+ inc/python:pip_install:216               :   result=0
+ inc/python:pip_install:218               :   time_stop pip_install
+ functions-common:time_stop:2420          :   local name
+ functions-common:time_stop:2421          :   local end_time
+ functions-common:time_stop:2422          :   local elapsed_time
+ functions-common:time_stop:2423          :   local total
+ functions-common:time_stop:2424          :   local start_time
+ functions-common:time_stop:2426          :   name=pip_install
+ functions-common:time_stop:2427          :   start_time=1787877659079
+ functions-common:time_stop:2429          :   [[ -z 1787877659079 ]]
++ functions-common:time_stop:2432          :   date +%s%3N
+ functions-common:time_stop:2432          :   end_time=1787877662519
+ functions-common:time_stop:2433          :   elapsed_time=3440
+ functions-common:time_stop:2434          :   total=37282
+ functions-common:time_stop:2436          :   _TIME_START[$name]=
+ functions-common:time_stop:2437          :   _TIME_TOTAL[$name]=40722
+ inc/python:pip_install:219               :   return 0
+ lib/keystone:install_keystonemiddleware:488 :   pip_install_gr python-memcached
+ inc/python:pip_install_gr:94             :   local name=python-memcached
+ inc/python:pip_install_gr:95             :   local clean_name
++ inc/python:pip_install_gr:96             :   get_from_global_requirements python-memcached
++ inc/python:get_from_global_requirements:241 :   local package=python-memcached
++ inc/python:get_from_global_requirements:242 :   local required_pkg
+++ inc/python:get_from_global_requirements:243 :   grep -i -h '^python-memcached' /opt/stack/requirements/global-requirements.txt
+++ inc/python:get_from_global_requirements:243 :   cut -d# -f1
++ inc/python:get_from_global_requirements:243 :   required_pkg='python-memcached  '
++ inc/python:get_from_global_requirements:244 :   [[ python-memcached   == '' ]]
++ inc/python:get_from_global_requirements:247 :   echo python-memcached
+ inc/python:pip_install_gr:96             :   clean_name=python-memcached
+ inc/python:pip_install_gr:97             :   pip_install python-memcached
Using python 3.12 to install python-memcached
+ inc/python:pip_install:210               :   env http_proxy= https_proxy= no_proxy= PIP_FIND_LINKS= /opt/stack/data/venv/bin/pip install -c /opt/stack/requirements/upper-constraints.txt python-memcached
Collecting python-memcached
  Using cached python_memcached-1.62-py2.py3-none-any.whl.metadata (2.3 kB)
Using cached python_memcached-1.62-py2.py3-none-any.whl (15 kB)
Installing collected packages: python-memcached
  Attempting uninstall: python-memcached
    Found existing installation: python-memcached 1.58
    Not uninstalling python-memcached at /usr/lib/python3/dist-packages, outside environment /opt/stack/data/venv
    Can't uninstall 'python-memcached'. No files were found to uninstall.
Successfully installed python-memcached-1.62
+ inc/python:pip_install:216               :   result=0
+ inc/python:pip_install:218               :   time_stop pip_install
+ functions-common:time_stop:2420          :   local name
+ functions-common:time_stop:2421          :   local end_time
+ functions-common:time_stop:2422          :   local elapsed_time
+ functions-common:time_stop:2423          :   local total
+ functions-common:time_stop:2424          :   local start_time
+ functions-common:time_stop:2426          :   name=pip_install
+ functions-common:time_stop:2427          :   start_time=1787877662580
+ functions-common:time_stop:2429          :   [[ -z 1787877662580 ]]
++ functions-common:time_stop:2432          :   date +%s%3N
+ functions-common:time_stop:2432          :   end_time=1787877664010
+ functions-common:time_stop:2433          :   elapsed_time=1430
+ functions-common:time_stop:2434          :   total=40722
+ functions-common:time_stop:2436          :   _TIME_START[$name]=
+ functions-common:time_stop:2437          :   _TIME_TOTAL[$name]=42152
+ inc/python:pip_install:219               :   return 0
+ ./stack.sh:main:921                      :   is_service_enabled keystone
+ functions-common:is_service_enabled:2076 :   return 0
+ ./stack.sh:main:922                      :   '[' 172.21.16.48 == 172.21.16.48 ']'
+ ./stack.sh:main:923                      :   stack_install_service keystone
+ lib/stack:stack_install_service:20       :   local service=keystone
+ lib/stack:stack_install_service:21       :   type install_keystone
+ lib/stack:stack_install_service:23       :   [[ False = True ]]
+ lib/stack:stack_install_service:32       :   install_keystone
+ lib/keystone:install_keystone:494        :   is_service_enabled ldap
+ functions-common:is_service_enabled:2076 :   return 1
+ lib/keystone:install_keystone:498        :   git_clone https://opendev.org/openstack/keystone.git /opt/stack/keystone master
+ functions-common:git_clone:589           :   local git_remote=https://opendev.org/openstack/keystone.git
+ functions-common:git_clone:590           :   local git_dest=/opt/stack/keystone
+ functions-common:git_clone:591           :   local git_ref=master
+ functions-common:git_clone:592           :   local orig_dir
++ functions-common:git_clone:593           :   pwd
+ functions-common:git_clone:593           :   orig_dir=/home/slave/devstack
+ functions-common:git_clone:594           :   local git_clone_flags=
++ functions-common:git_clone:596           :   trueorfalse False RECLONE
+ functions-common:git_clone:596           :   RECLONE=False
+ functions-common:git_clone:597           :   [[ 0 -gt 0 ]]
+ functions-common:git_clone:601           :   [[ False = \T\r\u\e ]]
+ functions-common:git_clone:610           :   echo master
+ functions-common:git_clone:610           :   egrep -q '^refs'
+ functions-common:git_clone:624           :   [[ ! -d /opt/stack/keystone ]]
+ functions-common:git_clone:634           :   [[ False = \T\r\u\e ]]
+ functions-common:git_clone:669           :   sudo git config --system --add safe.directory /opt/stack/keystone
+ functions-common:git_clone:672           :   cd /opt/stack/keystone
+ functions-common:git_clone:673           :   git show --oneline
+ functions-common:git_clone:673           :   head -1
16afc813b Merge "Abandon server-side paged search cursor when sizelimit is reached"
+ functions-common:git_clone:674           :   cd /home/slave/devstack
+ lib/keystone:install_keystone:499        :   setup_develop /opt/stack/keystone
+ inc/python:setup_develop:353             :   local bindep
+ inc/python:setup_develop:354             :   [[ /opt/stack/keystone == -bindep* ]]
+ inc/python:setup_develop:358             :   local project_dir=/opt/stack/keystone
+ inc/python:setup_develop:359             :   local extras=
+ inc/python:setup_develop:360             :   _setup_package_with_constraints_edit /opt/stack/keystone -e
+ inc/python:_setup_package_with_constraints_edit:379 :   local bindep
+ inc/python:_setup_package_with_constraints_edit:380 :   [[ /opt/stack/keystone == -bindep* ]]
+ inc/python:_setup_package_with_constraints_edit:384 :   local project_dir=/opt/stack/keystone
+ inc/python:_setup_package_with_constraints_edit:385 :   local flags=-e
+ inc/python:_setup_package_with_constraints_edit:386 :   local extras=
++ inc/python:_setup_package_with_constraints_edit:393 :   cd /opt/stack/keystone
++ inc/python:_setup_package_with_constraints_edit:393 :   pwd
+ inc/python:_setup_package_with_constraints_edit:393 :   project_dir=/opt/stack/keystone
+ inc/python:_setup_package_with_constraints_edit:395 :   '[' -n /opt/stack/requirements ']'
+ inc/python:_setup_package_with_constraints_edit:399 :   local name
++ inc/python:_setup_package_with_constraints_edit:400 :   awk '/^name.*=/ {print $3}' /opt/stack/keystone/setup.cfg
+ inc/python:_setup_package_with_constraints_edit:400 :   name=keystone
+ inc/python:_setup_package_with_constraints_edit:401 :   '[' -z keystone ']'
+ inc/python:_setup_package_with_constraints_edit:405 :   /opt/stack/requirements/.venv/bin/edit-constraints /opt/stack/requirements/upper-constraints.txt -- keystone
+ inc/python:_setup_package_with_constraints_edit:408 :   setup_package /opt/stack/keystone -e
+ inc/python:setup_package:436             :   local bindep=0
+ inc/python:setup_package:437             :   local bindep_flag=
+ inc/python:setup_package:438             :   local bindep_profiles=
+ inc/python:setup_package:439             :   [[ /opt/stack/keystone == -bindep* ]]
+ inc/python:setup_package:444             :   local project_dir=/opt/stack/keystone
+ inc/python:setup_package:445             :   local flags=-e
+ inc/python:setup_package:446             :   local extras=
+ inc/python:setup_package:450             :   [[ -n -e ]]
+ inc/python:setup_package:450             :   [[ -z '' ]]
+ inc/python:setup_package:450             :   [[ ! -e =~ ^-.* ]]
+ inc/python:setup_package:455             :   [[ ! -z '' ]]
+ inc/python:setup_package:460             :   [[ 0 == 1 ]]
+ inc/python:setup_package:464             :   pip_install -e /opt/stack/keystone
Using python 3.12 to install /opt/stack/keystone
+ inc/python:pip_install:210               :   env http_proxy= https_proxy= no_proxy= PIP_FIND_LINKS= /opt/stack/data/venv/bin/pip install -c /opt/stack/requirements/upper-constraints.txt -e /opt/stack/keystone
Obtaining file:///opt/stack/keystone
  Installing build dependencies: started
  Installing build dependencies: finished with status 'done'
  Checking if build backend supports build_editable: started
  Checking if build backend supports build_editable: finished with status 'done'
  Getting requirements to build editable: started
  Getting requirements to build editable: finished with status 'done'
  Preparing editable metadata (pyproject.toml): started
  Preparing editable metadata (pyproject.toml): finished with status 'done'
Requirement already satisfied: pbr!=2.1.0,>=2.0.0 in /opt/stack/data/venv/lib/python3.12/site-packages (from keystone==29.1.0.dev64) (7.0.3)
Requirement already satisfied: WebOb>=1.7.1 in /opt/stack/data/venv/lib/python3.12/site-packages (from keystone==29.1.0.dev64) (1.8.11)
Collecting Flask!=0.11,>=1.0.2 (from keystone==29.1.0.dev64)
  Using cached flask-3.1.3-py3-none-any.whl.metadata (3.2 kB)
Requirement already satisfied: Flask-RESTful>=0.3.5 in /usr/lib/python3/dist-packages (from keystone==29.1.0.dev64) (0.3.10)
Collecting cryptography>=2.7 (from keystone==29.1.0.dev64)
  Using cached cryptography-43.0.3-cp39-abi3-manylinux_2_28_x86_64.whl.metadata (5.4 kB)
Collecting SQLAlchemy>=1.4.0 (from keystone==29.1.0.dev64)
  Using cached sqlalchemy-2.0.52-cp312-cp312-manylinux2014_x86_64.manylinux_2_17_x86_64.manylinux_2_28_x86_64.whl.metadata (9.6 kB)
Requirement already satisfied: stevedore>=1.20.0 in /opt/stack/data/venv/lib/python3.12/site-packages (from keystone==29.1.0.dev64) (5.9.1)
Requirement already satisfied: python-keystoneclient>=3.8.0 in /opt/stack/data/venv/lib/python3.12/site-packages (from keystone==29.1.0.dev64) (5.8.0)
Requirement already satisfied: keystonemiddleware>=7.0.0 in /opt/stack/data/venv/lib/python3.12/site-packages (from keystone==29.1.0.dev64) (13.0.0)
Collecting bcrypt>=3.1.3 (from keystone==29.1.0.dev64)
  Using cached bcrypt-5.0.0-cp39-abi3-manylinux_2_34_x86_64.whl.metadata (10 kB)
Requirement already satisfied: oslo.cache>=1.26.0 in /opt/stack/data/venv/lib/python3.12/site-packages (from keystone==29.1.0.dev64) (4.3.0)
Requirement already satisfied: oslo.config>=6.8.0 in /opt/stack/data/venv/lib/python3.12/site-packages (from keystone==29.1.0.dev64) (10.7.0)
Requirement already satisfied: oslo.context>=2.22.0 in /opt/stack/data/venv/lib/python3.12/site-packages (from keystone==29.1.0.dev64) (6.5.0)
Collecting oslo.messaging>=5.29.0 (from keystone==29.1.0.dev64)
  Using cached oslo_messaging-18.2.0-py3-none-any.whl.metadata (2.6 kB)
Collecting oslo.db>=6.0.0 (from keystone==29.1.0.dev64)
  Using cached oslo_db-18.1.0-py3-none-any.whl.metadata (2.7 kB)
Requirement already satisfied: oslo.i18n>=3.15.3 in /opt/stack/data/venv/lib/python3.12/site-packages (from keystone==29.1.0.dev64) (6.9.0)
Requirement already satisfied: oslo.log>=3.44.0 in /opt/stack/data/venv/lib/python3.12/site-packages (from keystone==29.1.0.dev64) (8.3.0)
Collecting oslo.middleware>=3.31.0 (from keystone==29.1.0.dev64)
  Using cached oslo_middleware-8.2.0-py3-none-any.whl.metadata (2.7 kB)
Collecting oslo.policy>=4.5.0 (from keystone==29.1.0.dev64)
  Using cached oslo_policy-6.0.0-py3-none-any.whl.metadata (2.2 kB)
Requirement already satisfied: oslo.serialization!=2.19.1,>=2.18.0 in /opt/stack/data/venv/lib/python3.12/site-packages (from keystone==29.1.0.dev64) (5.11.0)
Collecting oslo.upgradecheck>=1.3.0 (from keystone==29.1.0.dev64)
  Using cached oslo_upgradecheck-2.8.0-py3-none-any.whl.metadata (1.8 kB)
Requirement already satisfied: oslo.utils>=3.33.0 in /opt/stack/data/venv/lib/python3.12/site-packages (from keystone==29.1.0.dev64) (10.1.1)
Collecting oauthlib>=0.6.2 (from keystone==29.1.0.dev64)
  Using cached oauthlib-3.3.1-py3-none-any.whl.metadata (7.9 kB)
Collecting pysaml2>=5.0.0 (from keystone==29.1.0.dev64)
  Using cached pysaml2-7.5.4-py3-none-any.whl.metadata (6.5 kB)
Requirement already satisfied: PyJWT>=1.6.1 in /opt/stack/data/venv/lib/python3.12/site-packages (from keystone==29.1.0.dev64) (2.13.0)
Requirement already satisfied: dogpile.cache>=1.0.2 in /opt/stack/data/venv/lib/python3.12/site-packages (from keystone==29.1.0.dev64) (1.5.0)
Collecting jsonschema>=3.2.0 (from keystone==29.1.0.dev64)
  Using cached jsonschema-4.26.0-py3-none-any.whl.metadata (7.6 kB)
Requirement already satisfied: pycadf!=2.0.0,>=1.1.0 in /opt/stack/data/venv/lib/python3.12/site-packages (from keystone==29.1.0.dev64) (4.1.0)
Requirement already satisfied: msgpack>=0.5.0 in /opt/stack/data/venv/lib/python3.12/site-packages (from keystone==29.1.0.dev64) (1.2.1)
Collecting osprofiler>=1.4.0 (from keystone==29.1.0.dev64)
  Using cached osprofiler-4.4.0-py3-none-any.whl.metadata (3.1 kB)
Collecting Werkzeug>=0.15.0 (from keystone==29.1.0.dev64)
  Using cached werkzeug-3.1.8-py3-none-any.whl.metadata (4.0 kB)
Requirement already satisfied: cffi>=1.12 in /opt/stack/data/venv/lib/python3.12/site-packages (from cryptography>=2.7->keystone==29.1.0.dev64) (2.1.1)
Requirement already satisfied: pycparser in /opt/stack/data/venv/lib/python3.12/site-packages (from cffi>=1.12->cryptography>=2.7->keystone==29.1.0.dev64) (3.0)
Requirement already satisfied: decorator>=4.0.0 in /opt/stack/data/venv/lib/python3.12/site-packages (from dogpile.cache>=1.0.2->keystone==29.1.0.dev64) (5.3.1)
Collecting blinker>=1.9.0 (from Flask!=0.11,>=1.0.2->keystone==29.1.0.dev64)
  Using cached blinker-1.9.0-py3-none-any.whl.metadata (1.6 kB)
Collecting click>=8.1.3 (from Flask!=0.11,>=1.0.2->keystone==29.1.0.dev64)
  Using cached click-8.4.2-py3-none-any.whl.metadata (2.6 kB)
Collecting itsdangerous>=2.2.0 (from Flask!=0.11,>=1.0.2->keystone==29.1.0.dev64)
  Using cached itsdangerous-2.2.0-py3-none-any.whl.metadata (1.9 kB)
Collecting jinja2>=3.1.2 (from Flask!=0.11,>=1.0.2->keystone==29.1.0.dev64)
  Using cached jinja2-3.1.6-py3-none-any.whl.metadata (2.9 kB)
Collecting markupsafe>=2.1.1 (from Flask!=0.11,>=1.0.2->keystone==29.1.0.dev64)
  Using cached markupsafe-3.0.3-cp312-cp312-manylinux2014_x86_64.manylinux_2_17_x86_64.manylinux_2_28_x86_64.whl.metadata (2.7 kB)
Collecting attrs>=22.2.0 (from jsonschema>=3.2.0->keystone==29.1.0.dev64)
  Using cached attrs-26.1.0-py3-none-any.whl.metadata (8.8 kB)
Collecting jsonschema-specifications>=2023.03.6 (from jsonschema>=3.2.0->keystone==29.1.0.dev64)
  Using cached jsonschema_specifications-2025.9.1-py3-none-any.whl.metadata (2.9 kB)
Collecting referencing>=0.28.4 (from jsonschema>=3.2.0->keystone==29.1.0.dev64)
  Using cached referencing-0.37.0-py3-none-any.whl.metadata (2.8 kB)
Collecting rpds-py>=0.25.0 (from jsonschema>=3.2.0->keystone==29.1.0.dev64)
  Using cached rpds_py-2026.6.3-cp312-cp312-manylinux_2_17_x86_64.manylinux2014_x86_64.whl.metadata (4.1 kB)
Requirement already satisfied: keystoneauth1>=3.12.0 in /opt/stack/data/venv/lib/python3.12/site-packages (from keystonemiddleware>=7.0.0->keystone==29.1.0.dev64) (5.15.0)
Requirement already satisfied: requests>=2.14.2 in /opt/stack/data/venv/lib/python3.12/site-packages (from keystonemiddleware>=7.0.0->keystone==29.1.0.dev64) (2.34.2)
Requirement already satisfied: iso8601>=2.0.0 in /opt/stack/data/venv/lib/python3.12/site-packages (from keystoneauth1>=3.12.0->keystonemiddleware>=7.0.0->keystone==29.1.0.dev64) (2.1.0)
Requirement already satisfied: os-service-types>=1.2.0 in /opt/stack/data/venv/lib/python3.12/site-packages (from keystoneauth1>=3.12.0->keystonemiddleware>=7.0.0->keystone==29.1.0.dev64) (1.9.0)
Requirement already satisfied: typing-extensions>=4.12 in /opt/stack/data/venv/lib/python3.12/site-packages (from keystoneauth1>=3.12.0->keystonemiddleware>=7.0.0->keystone==29.1.0.dev64) (4.16.0)
Requirement already satisfied: netaddr>=0.7.18 in /opt/stack/data/venv/lib/python3.12/site-packages (from oslo.config>=6.8.0->keystone==29.1.0.dev64) (1.3.0)
Requirement already satisfied: rfc3986>=1.2.0 in /usr/lib/python3/dist-packages (from oslo.config>=6.8.0->keystone==29.1.0.dev64) (2.0.0)
Requirement already satisfied: PyYAML>=5.1 in /opt/stack/data/venv/lib/python3.12/site-packages (from oslo.config>=6.8.0->keystone==29.1.0.dev64) (6.0.3)
Collecting alembic>=0.9.6 (from oslo.db>=6.0.0->keystone==29.1.0.dev64)
  Using cached alembic-1.19.1-py3-none-any.whl.metadata (7.3 kB)
Requirement already satisfied: debtcollector>=1.2.0 in /opt/stack/data/venv/lib/python3.12/site-packages (from oslo.db>=6.0.0->keystone==29.1.0.dev64) (3.1.0)
Collecting testresources>=2.0.0 (from oslo.db>=6.0.0->keystone==29.1.0.dev64)
  Using cached testresources-2.1.2-py3-none-any.whl.metadata (15 kB)
Collecting testscenarios>=0.4 (from oslo.db>=6.0.0->keystone==29.1.0.dev64)
  Using cached testscenarios-0.6.2-py3-none-any.whl.metadata (13 kB)
Collecting Mako (from alembic>=0.9.6->oslo.db>=6.0.0->keystone==29.1.0.dev64)
  Using cached mako-1.4.1-py3-none-any.whl.metadata (2.9 kB)
Requirement already satisfied: wrapt>=2.1.0 in /opt/stack/data/venv/lib/python3.12/site-packages (from debtcollector>=1.2.0->oslo.db>=6.0.0->keystone==29.1.0.dev64) (2.3.0)
Requirement already satisfied: python-dateutil>=2.7.0 in /opt/stack/data/venv/lib/python3.12/site-packages (from oslo.log>=3.44.0->keystone==29.1.0.dev64) (2.9.0.post0)
Requirement already satisfied: futurist>=1.2.0 in /opt/stack/data/venv/lib/python3.12/site-packages (from oslo.messaging>=5.29.0->keystone==29.1.0.dev64) (3.5.0)
Requirement already satisfied: oslo.service>=1.24.0 in /opt/stack/data/venv/lib/python3.12/site-packages (from oslo.messaging>=5.29.0->keystone==29.1.0.dev64) (4.8.0)
Collecting cachetools>=2.0.0 (from oslo.messaging>=5.29.0->keystone==29.1.0.dev64)
  Using cached cachetools-7.1.7-py3-none-any.whl.metadata (5.5 kB)
Collecting amqp>=2.5.2 (from oslo.messaging>=5.29.0->keystone==29.1.0.dev64)
  Using cached amqp-5.3.1-py3-none-any.whl.metadata (8.9 kB)
Collecting kombu>=5.2.0 (from oslo.messaging>=5.29.0->keystone==29.1.0.dev64)
  Using cached kombu-5.6.2-py3-none-any.whl.metadata (3.5 kB)
Collecting oslo.metrics>=0.2.1 (from oslo.messaging>=5.29.0->keystone==29.1.0.dev64)
  Using cached oslo_metrics-0.16.0-py3-none-any.whl.metadata (1.5 kB)
Collecting vine<6.0.0,>=5.0.0 (from amqp>=2.5.2->oslo.messaging>=5.29.0->keystone==29.1.0.dev64)
  Using cached vine-5.1.0-py3-none-any.whl.metadata (2.7 kB)
Collecting tzdata>=2025.2 (from kombu>=5.2.0->oslo.messaging>=5.29.0->keystone==29.1.0.dev64)
  Using cached tzdata-2026.3-py2.py3-none-any.whl.metadata (1.4 kB)
Requirement already satisfied: packaging in /opt/stack/data/venv/lib/python3.12/site-packages (from kombu>=5.2.0->oslo.messaging>=5.29.0->keystone==29.1.0.dev64) (26.3)
Collecting prometheus-client>=0.6.0 (from oslo.metrics>=0.2.1->oslo.messaging>=5.29.0->keystone==29.1.0.dev64)
  Using cached prometheus_client-0.26.0-py3-none-any.whl.metadata (2.1 kB)
Requirement already satisfied: statsd>=3.2.1 in /usr/lib/python3/dist-packages (from oslo.middleware>=3.31.0->keystone==29.1.0.dev64) (4.0.1)
Requirement already satisfied: eventlet>=0.27.0 in /opt/stack/data/venv/lib/python3.12/site-packages (from oslo.service>=1.24.0->oslo.messaging>=5.29.0->keystone==29.1.0.dev64) (0.41.2)
Requirement already satisfied: greenlet>=0.4.15 in /opt/stack/data/venv/lib/python3.12/site-packages (from oslo.service>=1.24.0->oslo.messaging>=5.29.0->keystone==29.1.0.dev64) (3.5.5)
Requirement already satisfied: oslo.concurrency>=3.25.0 in /opt/stack/data/venv/lib/python3.12/site-packages (from oslo.service>=1.24.0->oslo.messaging>=5.29.0->keystone==29.1.0.dev64) (7.6.1)
Requirement already satisfied: PasteDeploy>=1.5.0 in /usr/lib/python3/dist-packages (from oslo.service>=1.24.0->oslo.messaging>=5.29.0->keystone==29.1.0.dev64) (3.1.0)
Requirement already satisfied: Routes>=2.3.1 in /usr/lib/python3/dist-packages (from oslo.service>=1.24.0->oslo.messaging>=5.29.0->keystone==29.1.0.dev64) (2.5.1)
Requirement already satisfied: Paste>=2.0.2 in /opt/stack/data/venv/lib/python3.12/site-packages (from oslo.service>=1.24.0->oslo.messaging>=5.29.0->keystone==29.1.0.dev64) (3.10.1)
Requirement already satisfied: Yappi>=1.0 in /opt/stack/data/venv/lib/python3.12/site-packages (from oslo.service>=1.24.0->oslo.messaging>=5.29.0->keystone==29.1.0.dev64) (1.7.6)
Requirement already satisfied: dnspython>=1.15.0 in /opt/stack/data/venv/lib/python3.12/site-packages (from eventlet>=0.27.0->oslo.service>=1.24.0->oslo.messaging>=5.29.0->keystone==29.1.0.dev64) (2.8.0)
Requirement already satisfied: fasteners>=0.7.0 in /opt/stack/data/venv/lib/python3.12/site-packages (from oslo.concurrency>=3.25.0->oslo.service>=1.24.0->oslo.messaging>=5.29.0->keystone==29.1.0.dev64) (0.20)
Collecting PrettyTable>=0.7.1 (from oslo.upgradecheck>=1.3.0->keystone==29.1.0.dev64)
  Using cached prettytable-3.18.0-py3-none-any.whl.metadata (37 kB)
Requirement already satisfied: pyparsing>=2.1.0 in /opt/stack/data/venv/lib/python3.12/site-packages (from oslo.utils>=3.33.0->keystone==29.1.0.dev64) (3.3.2)
Requirement already satisfied: psutil>=3.2.2 in /opt/stack/data/venv/lib/python3.12/site-packages (from oslo.utils>=3.33.0->keystone==29.1.0.dev64) (7.2.2)
Requirement already satisfied: setuptools in /opt/stack/data/venv/lib/python3.12/site-packages (from Paste>=2.0.2->oslo.service>=1.24.0->oslo.messaging>=5.29.0->keystone==29.1.0.dev64) (84.0.0)
Collecting wcwidth>=0.3.5 (from PrettyTable>=0.7.1->oslo.upgradecheck>=1.3.0->keystone==29.1.0.dev64)
  Using cached wcwidth-0.8.2-py3-none-any.whl.metadata (43 kB)
Requirement already satisfied: defusedxml in /usr/lib/python3/dist-packages (from pysaml2>=5.0.0->keystone==29.1.0.dev64) (0.7.1)
Collecting pyopenssl<24.3.0 (from pysaml2>=5.0.0->keystone==29.1.0.dev64)
  Using cached pyOpenSSL-24.2.1-py3-none-any.whl.metadata (13 kB)
Collecting xmlschema<3.0.0,>=2.0.0 (from pysaml2>=5.0.0->keystone==29.1.0.dev64)
  Using cached xmlschema-2.5.1-py3-none-any.whl.metadata (8.3 kB)
Requirement already satisfied: charset_normalizer<4,>=2 in /opt/stack/data/venv/lib/python3.12/site-packages (from requests>=2.14.2->keystonemiddleware>=7.0.0->keystone==29.1.0.dev64) (3.5.0)
Requirement already satisfied: idna<4,>=2.5 in /opt/stack/data/venv/lib/python3.12/site-packages (from requests>=2.14.2->keystonemiddleware>=7.0.0->keystone==29.1.0.dev64) (3.18)
Requirement already satisfied: urllib3<3,>=1.26 in /opt/stack/data/venv/lib/python3.12/site-packages (from requests>=2.14.2->keystonemiddleware>=7.0.0->keystone==29.1.0.dev64) (2.7.0)
Requirement already satisfied: certifi>=2023.5.7 in /usr/lib/python3/dist-packages (from requests>=2.14.2->keystonemiddleware>=7.0.0->keystone==29.1.0.dev64) (2023.11.17)
Collecting elementpath<5.0.0,>=4.1.5 (from xmlschema<3.0.0,>=2.0.0->pysaml2>=5.0.0->keystone==29.1.0.dev64)
  Using cached elementpath-4.8.0-py3-none-any.whl.metadata (7.2 kB)
Requirement already satisfied: six>=1.5 in /opt/stack/data/venv/lib/python3.12/site-packages (from python-dateutil>=2.7.0->oslo.log>=3.44.0->keystone==29.1.0.dev64) (1.17.0)
Using cached bcrypt-5.0.0-cp39-abi3-manylinux_2_34_x86_64.whl (278 kB)
Using cached cryptography-43.0.3-cp39-abi3-manylinux_2_28_x86_64.whl (4.0 MB)
Using cached flask-3.1.3-py3-none-any.whl (103 kB)
Using cached blinker-1.9.0-py3-none-any.whl (8.5 kB)
Using cached click-8.4.2-py3-none-any.whl (119 kB)
Using cached itsdangerous-2.2.0-py3-none-any.whl (16 kB)
Using cached jinja2-3.1.6-py3-none-any.whl (134 kB)
Using cached jsonschema-4.26.0-py3-none-any.whl (90 kB)
Using cached attrs-26.1.0-py3-none-any.whl (67 kB)
Using cached jsonschema_specifications-2025.9.1-py3-none-any.whl (18 kB)
Using cached markupsafe-3.0.3-cp312-cp312-manylinux2014_x86_64.manylinux_2_17_x86_64.manylinux_2_28_x86_64.whl (22 kB)
Using cached oauthlib-3.3.1-py3-none-any.whl (160 kB)
Using cached oslo_db-18.1.0-py3-none-any.whl (152 kB)
Using cached alembic-1.19.1-py3-none-any.whl (265 kB)
Using cached oslo_messaging-18.2.0-py3-none-any.whl (201 kB)
Using cached amqp-5.3.1-py3-none-any.whl (50 kB)
Using cached vine-5.1.0-py3-none-any.whl (9.6 kB)
Using cached cachetools-7.1.7-py3-none-any.whl (16 kB)
Using cached kombu-5.6.2-py3-none-any.whl (214 kB)
Using cached oslo_metrics-0.16.0-py3-none-any.whl (14 kB)
Using cached oslo_middleware-8.2.0-py3-none-any.whl (74 kB)
Using cached oslo_policy-6.0.0-py3-none-any.whl (89 kB)
Using cached oslo_upgradecheck-2.8.0-py3-none-any.whl (14 kB)
Using cached osprofiler-4.4.0-py3-none-any.whl (95 kB)
Using cached prettytable-3.18.0-py3-none-any.whl (37 kB)
Using cached prometheus_client-0.26.0-py3-none-any.whl (64 kB)
Using cached pysaml2-7.5.4-py3-none-any.whl (420 kB)
Using cached pyOpenSSL-24.2.1-py3-none-any.whl (58 kB)
Using cached xmlschema-2.5.1-py3-none-any.whl (395 kB)
Using cached elementpath-4.8.0-py3-none-any.whl (243 kB)
Using cached referencing-0.37.0-py3-none-any.whl (26 kB)
Using cached rpds_py-2026.6.3-cp312-cp312-manylinux_2_17_x86_64.manylinux2014_x86_64.whl (366 kB)
Using cached sqlalchemy-2.0.52-cp312-cp312-manylinux2014_x86_64.manylinux_2_17_x86_64.manylinux_2_28_x86_64.whl (3.4 MB)
Using cached testresources-2.1.2-py3-none-any.whl (25 kB)
Using cached testscenarios-0.6.2-py3-none-any.whl (12 kB)
Using cached tzdata-2026.3-py2.py3-none-any.whl (348 kB)
Using cached wcwidth-0.8.2-py3-none-any.whl (323 kB)
Using cached werkzeug-3.1.8-py3-none-any.whl (226 kB)
Using cached mako-1.4.1-py3-none-any.whl (80 kB)
Building wheels for collected packages: keystone
  Building editable for keystone (pyproject.toml): started
  Building editable for keystone (pyproject.toml): finished with status 'done'
  Created wheel for keystone: filename=keystone-29.1.0.dev64-0.editable-py3-none-any.whl size=9272 sha256=f2330a1aee5486ba820d24e0d0ae1b00bb550fdc1432ac71d7a29b4fe7c57950
  Stored in directory: /tmp/pip-ephem-wheel-cache-wofmk3qr/wheels/d5/df/96/ee2394c3a20d6f991844794e53669e9943a8d62f162c6e6710
Successfully built keystone
Installing collected packages: wcwidth, vine, tzdata, testscenarios, testresources, SQLAlchemy, rpds-py, prometheus-client, oauthlib, markupsafe, itsdangerous, elementpath, click, cachetools, blinker, bcrypt, attrs, xmlschema, Werkzeug, referencing, PrettyTable, Mako, jinja2, cryptography, amqp, pyopenssl, kombu, jsonschema-specifications, Flask, alembic, pysaml2, oslo.middleware, oslo.db, jsonschema, osprofiler, oslo.policy, oslo.upgradecheck, oslo.metrics, oslo.messaging, keystone
  Attempting uninstall: wcwidth
    Found existing installation: wcwidth 0.2.5
    Not uninstalling wcwidth at /usr/lib/python3/dist-packages, outside environment /opt/stack/data/venv
    Can't uninstall 'wcwidth'. No files were found to uninstall.
  Attempting uninstall: vine
    Found existing installation: vine 5.0.0
    Not uninstalling vine at /usr/lib/python3/dist-packages, outside environment /opt/stack/data/venv
    Can't uninstall 'vine'. No files were found to uninstall.
  Attempting uninstall: testscenarios
    Found existing installation: testscenarios 0.5.0
    Not uninstalling testscenarios at /usr/lib/python3/dist-packages, outside environment /opt/stack/data/venv
    Can't uninstall 'testscenarios'. No files were found to uninstall.
  Attempting uninstall: testresources
    Found existing installation: testresources 2.0.1
    Not uninstalling testresources at /usr/lib/python3/dist-packages, outside environment /opt/stack/data/venv
    Can't uninstall 'testresources'. No files were found to uninstall.
  Attempting uninstall: SQLAlchemy
    Found existing installation: SQLAlchemy 1.4.50
    Not uninstalling sqlalchemy at /usr/lib/python3/dist-packages, outside environment /opt/stack/data/venv
    Can't uninstall 'SQLAlchemy'. No files were found to uninstall.
  Attempting uninstall: prometheus-client
    Found existing installation: prometheus-client 0.19.0
    Not uninstalling prometheus-client at /usr/lib/python3/dist-packages, outside environment /opt/stack/data/venv
    Can't uninstall 'prometheus-client'. No files were found to uninstall.
  Attempting uninstall: oauthlib
    Found existing installation: oauthlib 3.2.2
    Not uninstalling oauthlib at /usr/lib/python3/dist-packages, outside environment /opt/stack/data/venv
    Can't uninstall 'oauthlib'. No files were found to uninstall.
  Attempting uninstall: markupsafe
    Found existing installation: MarkupSafe 2.1.5
    Not uninstalling markupsafe at /usr/lib/python3/dist-packages, outside environment /opt/stack/data/venv
    Can't uninstall 'MarkupSafe'. No files were found to uninstall.
  Attempting uninstall: itsdangerous
    Found existing installation: itsdangerous 2.1.2
    Not uninstalling itsdangerous at /usr/lib/python3/dist-packages, outside environment /opt/stack/data/venv
    Can't uninstall 'itsdangerous'. No files were found to uninstall.
  Attempting uninstall: elementpath
    Found existing installation: elementpath 3.0.2
    Not uninstalling elementpath at /usr/lib/python3/dist-packages, outside environment /opt/stack/data/venv
    Can't uninstall 'elementpath'. No files were found to uninstall.
  Attempting uninstall: click
    Found existing installation: click 8.1.6
    Not uninstalling click at /usr/lib/python3/dist-packages, outside environment /opt/stack/data/venv
    Can't uninstall 'click'. No files were found to uninstall.
  Attempting uninstall: cachetools
    Found existing installation: cachetools 5.3.0
    Not uninstalling cachetools at /usr/lib/python3/dist-packages, outside environment /opt/stack/data/venv
    Can't uninstall 'cachetools'. No files were found to uninstall.
  Attempting uninstall: blinker
    Found existing installation: blinker 1.7.0
    Not uninstalling blinker at /usr/lib/python3/dist-packages, outside environment /opt/stack/data/venv
    Can't uninstall 'blinker'. No files were found to uninstall.
  Attempting uninstall: bcrypt
    Found existing installation: bcrypt 3.2.2
    Not uninstalling bcrypt at /usr/lib/python3/dist-packages, outside environment /opt/stack/data/venv
    Can't uninstall 'bcrypt'. No files were found to uninstall.
  Attempting uninstall: attrs
    Found existing installation: attrs 23.2.0
    Not uninstalling attrs at /usr/lib/python3/dist-packages, outside environment /opt/stack/data/venv
    Can't uninstall 'attrs'. No files were found to uninstall.
  Attempting uninstall: xmlschema
    Found existing installation: xmlschema 1.10.0
    Not uninstalling xmlschema at /usr/lib/python3/dist-packages, outside environment /opt/stack/data/venv
    Can't uninstall 'xmlschema'. No files were found to uninstall.
  Attempting uninstall: Werkzeug
    Found existing installation: Werkzeug 3.0.1
    Not uninstalling werkzeug at /usr/lib/python3/dist-packages, outside environment /opt/stack/data/venv
    Can't uninstall 'Werkzeug'. No files were found to uninstall.
  Attempting uninstall: PrettyTable
    Found existing installation: prettytable 3.6.0
    Not uninstalling prettytable at /usr/lib/python3/dist-packages, outside environment /opt/stack/data/venv
    Can't uninstall 'prettytable'. No files were found to uninstall.
  Attempting uninstall: Mako
    Found existing installation: Mako 1.3.2.dev0
    Not uninstalling mako at /usr/lib/python3/dist-packages, outside environment /opt/stack/data/venv
    Can't uninstall 'Mako'. No files were found to uninstall.
  Attempting uninstall: jinja2
    Found existing installation: Jinja2 3.1.2
    Not uninstalling jinja2 at /usr/lib/python3/dist-packages, outside environment /opt/stack/data/venv
    Can't uninstall 'Jinja2'. No files were found to uninstall.
  Attempting uninstall: cryptography
    Found existing installation: cryptography 41.0.7
    Not uninstalling cryptography at /usr/lib/python3/dist-packages, outside environment /opt/stack/data/venv
    Can't uninstall 'cryptography'. No files were found to uninstall.
  Attempting uninstall: amqp
    Found existing installation: amqp 5.2.0
    Not uninstalling amqp at /usr/lib/python3/dist-packages, outside environment /opt/stack/data/venv
    Can't uninstall 'amqp'. No files were found to uninstall.
  Attempting uninstall: pyopenssl
    Found existing installation: pyOpenSSL 23.2.0
    Not uninstalling pyopenssl at /usr/lib/python3/dist-packages, outside environment /opt/stack/data/venv
    Can't uninstall 'pyOpenSSL'. No files were found to uninstall.
  Attempting uninstall: kombu
    Found existing installation: kombu 5.3.5
    Not uninstalling kombu at /usr/lib/python3/dist-packages, outside environment /opt/stack/data/venv
    Can't uninstall 'kombu'. No files were found to uninstall.
  Attempting uninstall: Flask
    Found existing installation: Flask 3.0.2
    Not uninstalling flask at /usr/lib/python3/dist-packages, outside environment /opt/stack/data/venv
    Can't uninstall 'Flask'. No files were found to uninstall.
  Attempting uninstall: alembic
    Found existing installation: alembic 1.13.1.dev0
    Not uninstalling alembic at /usr/lib/python3/dist-packages, outside environment /opt/stack/data/venv
    Can't uninstall 'alembic'. No files were found to uninstall.
  Attempting uninstall: pysaml2
    Found existing installation: pysaml2 7.1.0
    Not uninstalling pysaml2 at /usr/lib/python3/dist-packages, outside environment /opt/stack/data/venv
    Can't uninstall 'pysaml2'. No files were found to uninstall.
  Attempting uninstall: oslo.middleware
    Found existing installation: oslo.middleware 6.1.0
    Not uninstalling oslo-middleware at /usr/lib/python3/dist-packages, outside environment /opt/stack/data/venv
    Can't uninstall 'oslo.middleware'. No files were found to uninstall.
  Attempting uninstall: oslo.db
    Found existing installation: oslo.db 15.0.0
    Not uninstalling oslo-db at /usr/lib/python3/dist-packages, outside environment /opt/stack/data/venv
    Can't uninstall 'oslo.db'. No files were found to uninstall.
  Attempting uninstall: jsonschema
    Found existing installation: jsonschema 4.10.3
    Not uninstalling jsonschema at /usr/lib/python3/dist-packages, outside environment /opt/stack/data/venv
    Can't uninstall 'jsonschema'. No files were found to uninstall.
  Attempting uninstall: osprofiler
    Found existing installation: osprofiler 3.4.3
    Not uninstalling osprofiler at /usr/lib/python3/dist-packages, outside environment /opt/stack/data/venv
    Can't uninstall 'osprofiler'. No files were found to uninstall.
  Attempting uninstall: oslo.policy
    Found existing installation: oslo.policy 4.3.0
    Not uninstalling oslo-policy at /usr/lib/python3/dist-packages, outside environment /opt/stack/data/venv
    Can't uninstall 'oslo.policy'. No files were found to uninstall.
  Attempting uninstall: oslo.upgradecheck
    Found existing installation: oslo.upgradecheck 2.3.0
    Not uninstalling oslo-upgradecheck at /usr/lib/python3/dist-packages, outside environment /opt/stack/data/venv
    Can't uninstall 'oslo.upgradecheck'. No files were found to uninstall.
  Attempting uninstall: oslo.metrics
    Found existing installation: oslo.metrics 0.8.0
    Not uninstalling oslo-metrics at /usr/lib/python3/dist-packages, outside environment /opt/stack/data/venv
    Can't uninstall 'oslo.metrics'. No files were found to uninstall.

ERROR: pip's dependency resolver does not currently take into account all the packages that are installed. This behaviour is the source of the following dependency conflicts.
service-identity 24.1.0 requires pyasn1-modules, which is not installed.
Successfully installed Flask-3.1.3 Mako-1.4.1 PrettyTable-3.18.0 SQLAlchemy-2.0.52 Werkzeug-3.1.8 alembic-1.19.1 amqp-5.3.1 attrs-26.1.0 bcrypt-5.0.0 blinker-1.9.0 cachetools-7.1.7 click-8.4.2 cryptography-43.0.3 elementpath-4.8.0 itsdangerous-2.2.0 jinja2-3.1.6 jsonschema-4.26.0 jsonschema-specifications-2025.9.1 keystone-29.1.0.dev64 kombu-5.6.2 markupsafe-3.0.3 oauthlib-3.3.1 oslo.db-18.1.0 oslo.messaging-18.2.0 oslo.metrics-0.16.0 oslo.middleware-8.2.0 oslo.policy-6.0.0 oslo.upgradecheck-2.8.0 osprofiler-4.4.0 prometheus-client-0.26.0 pyopenssl-24.2.1 pysaml2-7.5.4 referencing-0.37.0 rpds-py-2026.6.3 testresources-2.1.2 testscenarios-0.6.2 tzdata-2026.3 vine-5.1.0 wcwidth-0.8.2 xmlschema-2.5.1
+ inc/python:pip_install:216               :   result=0
+ inc/python:pip_install:218               :   time_stop pip_install
+ functions-common:time_stop:2420          :   local name
+ functions-common:time_stop:2421          :   local end_time
+ functions-common:time_stop:2422          :   local elapsed_time
+ functions-common:time_stop:2423          :   local total
+ functions-common:time_stop:2424          :   local start_time
+ functions-common:time_stop:2426          :   name=pip_install
+ functions-common:time_stop:2427          :   start_time=1787877664345
+ functions-common:time_stop:2429          :   [[ -z 1787877664345 ]]
++ functions-common:time_stop:2432          :   date +%s%3N
+ functions-common:time_stop:2432          :   end_time=1787877680728
+ functions-common:time_stop:2433          :   elapsed_time=16383
+ functions-common:time_stop:2434          :   total=42152
+ functions-common:time_stop:2436          :   _TIME_START[$name]=
+ functions-common:time_stop:2437          :   _TIME_TOTAL[$name]=58535
+ inc/python:pip_install:219               :   return 0
+ inc/python:setup_package:466             :   [[ -e == \-\e ]]
+ inc/python:setup_package:466             :   [[ True == \F\a\l\s\e ]]
+ inc/python:_setup_package_with_constraints_edit:412 :   use_library_from_git /opt/stack/keystone
+ inc/python:use_library_from_git:266      :   local name=/opt/stack/keystone
+ inc/python:use_library_from_git:267      :   local enabled=1
+ inc/python:use_library_from_git:268      :   [[ os-brick = \A\L\L ]]
+ inc/python:use_library_from_git:268      :   [[ ,os-brick, =~ ,/opt/stack/keystone, ]]
+ inc/python:use_library_from_git:269      :   return 1
+ lib/keystone:install_keystone:501        :   is_service_enabled ldap
+ functions-common:is_service_enabled:2076 :   return 1
+ lib/stack:stack_install_service:33       :   [[ False = True ]]
+ ./stack.sh:main:924                      :   configure_keystone
+ lib/keystone:configure_keystone:145      :   sudo install -d -o slave /etc/keystone
+ lib/keystone:configure_keystone:147      :   [[ /etc/keystone != \/\o\p\t\/\s\t\a\c\k\/\k\e\y\s\t\o\n\e\/\e\t\c ]]
+ lib/keystone:configure_keystone:148      :   install -m 600 /dev/null /etc/keystone/keystone.conf
+ lib/keystone:configure_keystone:151      :   is_service_enabled ldap
+ functions-common:is_service_enabled:2076 :   return 1
+ lib/keystone:configure_keystone:155      :   iniset /etc/keystone/keystone.conf identity driver sql
+ lib/keystone:configure_keystone:156      :   iniset /etc/keystone/keystone.conf identity password_hash_rounds 4
+ lib/keystone:configure_keystone:157      :   iniset /etc/keystone/keystone.conf assignment driver sql
+ lib/keystone:configure_keystone:158      :   iniset /etc/keystone/keystone.conf role driver sql
+ lib/keystone:configure_keystone:159      :   iniset /etc/keystone/keystone.conf resource driver sql
+ lib/keystone:configure_keystone:162      :   iniset /etc/keystone/keystone.conf cache enabled True
+ lib/keystone:configure_keystone:163      :   iniset /etc/keystone/keystone.conf cache backend dogpile.cache.memcached
+ lib/keystone:configure_keystone:164      :   iniset /etc/keystone/keystone.conf cache memcache_servers localhost:11211
+ lib/keystone:configure_keystone:168      :   iniset /etc/keystone/keystone.conf api response_validation error
+ lib/keystone:configure_keystone:170      :   iniset_rpc_backend keystone /etc/keystone/keystone.conf oslo_messaging_notifications
+ lib/rpc_backend:iniset_rpc_backend:144   :   local package=keystone
+ lib/rpc_backend:iniset_rpc_backend:145   :   local file=/etc/keystone/keystone.conf
+ lib/rpc_backend:iniset_rpc_backend:146   :   local section=oslo_messaging_notifications
+ lib/rpc_backend:iniset_rpc_backend:147   :   local virtual_host=
+ lib/rpc_backend:iniset_rpc_backend:148   :   is_service_enabled rabbit
+ functions-common:is_service_enabled:2076 :   return 0
++ lib/rpc_backend:iniset_rpc_backend:149   :   get_transport_url ''
++ lib/rpc_backend:get_transport_url:126    :   local virtual_host=
++ lib/rpc_backend:get_transport_url:127    :   is_service_enabled rabbit
++ functions-common:is_service_enabled:2076 :   return 0
++ lib/rpc_backend:get_transport_url:128    :   echo rabbit://stackrabbit:ossdbg1stack@172.21.16.48:5672/
+ lib/rpc_backend:iniset_rpc_backend:149   :   iniset /etc/keystone/keystone.conf oslo_messaging_notifications transport_url rabbit://stackrabbit:ossdbg1stack@172.21.16.48:5672/
+ lib/rpc_backend:iniset_rpc_backend:150   :   '[' -n '' ']'
+ lib/rpc_backend:iniset_rpc_backend:153   :   '[' -n '' ']'
+ lib/keystone:configure_keystone:176      :   iniset /etc/keystone/keystone.conf DEFAULT public_endpoint http://172.21.16.48/identity
+ lib/keystone:configure_keystone:178      :   [[ fernet != '' ]]
+ lib/keystone:configure_keystone:179      :   iniset /etc/keystone/keystone.conf token provider fernet
++ lib/keystone:configure_keystone:182      :   database_connection_url keystone
++ lib/database:database_connection_url:134 :   local db=keystone
++ lib/database:database_connection_url:135 :   database_connection_url_mysql keystone
++ lib/databases/mysql:database_connection_url_mysql:251 :   local db=keystone
++ lib/databases/mysql:database_connection_url_mysql:252 :   local plugin
++ lib/databases/mysql:database_connection_url_mysql:256 :   [[ True == \T\r\u\e ]]
++ lib/databases/mysql:database_connection_url_mysql:257 :   is_service_enabled mysql
++ functions-common:is_service_enabled:2076 :   return 0
++ lib/databases/mysql:database_connection_url_mysql:258 :   plugin='&plugin=dbcounter'
++ lib/databases/mysql:database_connection_url_mysql:262 :   echo 'mysql+pymysql://root:ossdbg1stack@127.0.0.1/keystone?charset=utf8&plugin=dbcounter'
+ lib/keystone:configure_keystone:182      :   iniset /etc/keystone/keystone.conf database connection 'mysql+pymysql://root:ossdbg1stack@127.0.0.1/keystone?charset=utf8&plugin=dbcounter'
+ lib/keystone:configure_keystone:185      :   '[' False '!=' False ']'
+ lib/keystone:configure_keystone:190      :   setup_logging /etc/keystone/keystone.conf
+ functions:setup_logging:693              :   setup_systemd_logging /etc/keystone/keystone.conf
+ functions:setup_systemd_logging:710      :   local conf_file=/etc/keystone/keystone.conf
++ functions:setup_systemd_logging:715      :   trueorfalse False USE_JOURNAL
+ functions:setup_systemd_logging:715      :   USE_JOURNAL=False
+ functions:setup_systemd_logging:716      :   local pidstr=
+ functions:setup_systemd_logging:717      :   [[ False == \T\r\u\e ]]
+ functions:setup_systemd_logging:721      :   pidstr='(pid=%(process)d) '
+ functions:setup_systemd_logging:723      :   iniset /etc/keystone/keystone.conf DEFAULT logging_debug_format_suffix '[00;33m{{(pid=%(process)d) %(funcName)s %(pathname)s:%(lineno)d}}[00m'
+ functions:setup_systemd_logging:725      :   iniset /etc/keystone/keystone.conf DEFAULT logging_context_format_string '%(color)s%(levelname)s %(name)s [[01;36m%(global_request_id)s %(request_id)s [00;36m%(project_name)s %(user_name)s%(color)s] [01;35m%(instance)s%(color)s%(message)s[00m'
+ functions:setup_systemd_logging:726      :   iniset /etc/keystone/keystone.conf DEFAULT logging_default_format_string '%(color)s%(levelname)s %(name)s [[00;36m-%(color)s] [01;35m%(instance)s%(color)s%(message)s[00m'
+ functions:setup_systemd_logging:727      :   iniset /etc/keystone/keystone.conf DEFAULT logging_exception_prefix 'ERROR %(name)s [01;35m%(instance)s[00m'
+ functions:setup_systemd_logging:730      :   iniset /etc/keystone/keystone.conf DEFAULT log_color False
+ lib/keystone:configure_keystone:192      :   iniset /etc/keystone/keystone.conf DEFAULT debug True
+ lib/keystone:configure_keystone:194      :   write_uwsgi_config /etc/keystone/keystone-uwsgi-public.ini keystone.wsgi.api:application /identity '' keystone-api
+ lib/apache:write_uwsgi_config:243        :   local conf=/etc/keystone/keystone-uwsgi-public.ini
+ lib/apache:write_uwsgi_config:244        :   local wsgi=keystone.wsgi.api:application
+ lib/apache:write_uwsgi_config:245        :   local url=/identity
+ lib/apache:write_uwsgi_config:246        :   local http=
+ lib/apache:write_uwsgi_config:247        :   local name=keystone-api
+ lib/apache:write_uwsgi_config:249        :   '[' -z keystone-api ']'
+ lib/apache:write_uwsgi_config:255        :   local socket_dir=/var/run/uwsgi
+ lib/apache:write_uwsgi_config:259        :   sudo mkdir -p /etc/tmpfiles.d/
+ lib/apache:write_uwsgi_config:260        :   echo 'd /var/run/uwsgi 0755 slave root'
+ lib/apache:write_uwsgi_config:260        :   sudo tee /etc/tmpfiles.d/uwsgi.conf
d /var/run/uwsgi 0755 slave root
+ lib/apache:write_uwsgi_config:261        :   sudo systemd-tmpfiles --create /etc/tmpfiles.d/uwsgi.conf
/etc/tmpfiles.d/uwsgi.conf:1: Line references path below legacy directory /var/run/, updating /var/run/uwsgi → /run/uwsgi; please update the tmpfiles.d/ drop-in file accordingly.
+ lib/apache:write_uwsgi_config:263        :   local socket=/var/run/uwsgi/keystone-api.socket
+ lib/apache:write_uwsgi_config:266        :   rm -rf /etc/keystone/keystone-uwsgi-public.ini
+ lib/apache:write_uwsgi_config:270        :   [[ keystone.wsgi.api:application =~ ^[a-zA-Z0-9_.]+:[a-zA-Z0-9_]+$ ]]
+ lib/apache:write_uwsgi_config:271        :   iniset /etc/keystone/keystone-uwsgi-public.ini uwsgi module keystone.wsgi.api:application
+ lib/apache:write_uwsgi_config:276        :   iniset /etc/keystone/keystone-uwsgi-public.ini uwsgi processes 10
+ lib/apache:write_uwsgi_config:278        :   iniset /etc/keystone/keystone-uwsgi-public.ini uwsgi master true
+ lib/apache:write_uwsgi_config:280        :   iniset /etc/keystone/keystone-uwsgi-public.ini uwsgi die-on-term true
+ lib/apache:write_uwsgi_config:281        :   iniset /etc/keystone/keystone-uwsgi-public.ini uwsgi exit-on-reload false
+ lib/apache:write_uwsgi_config:284        :   iniset /etc/keystone/keystone-uwsgi-public.ini uwsgi worker-reload-mercy 80
+ lib/apache:write_uwsgi_config:285        :   iniset /etc/keystone/keystone-uwsgi-public.ini uwsgi enable-threads true
+ lib/apache:write_uwsgi_config:286        :   iniset /etc/keystone/keystone-uwsgi-public.ini uwsgi plugins http,python3
+ lib/apache:write_uwsgi_config:288        :   iniset /etc/keystone/keystone-uwsgi-public.ini uwsgi thunder-lock true
+ lib/apache:write_uwsgi_config:290        :   iniset /etc/keystone/keystone-uwsgi-public.ini uwsgi hook-master-start 'unix_signal:15 gracefully_kill_them_all'
+ lib/apache:write_uwsgi_config:292        :   iniset /etc/keystone/keystone-uwsgi-public.ini uwsgi buffer-size 65535
+ lib/apache:write_uwsgi_config:294        :   iniset /etc/keystone/keystone-uwsgi-public.ini uwsgi add-header 'Connection: close'
+ lib/apache:write_uwsgi_config:296        :   iniset /etc/keystone/keystone-uwsgi-public.ini uwsgi lazy-apps true
+ lib/apache:write_uwsgi_config:298        :   iniset /etc/keystone/keystone-uwsgi-public.ini uwsgi start-time %t
+ lib/apache:write_uwsgi_config:301        :   [[ -n '' ]]
+ lib/apache:write_uwsgi_config:304        :   local apache_conf=
++ lib/apache:write_uwsgi_config:305        :   apache_site_config_for keystone-api
++ lib/apache:apache_site_config_for:174    :   local site=keystone-api
++ lib/apache:apache_site_config_for:175    :   is_ubuntu
++ functions-common:is_ubuntu:546           :   [[ -z deb ]]
++ functions-common:is_ubuntu:549           :   '[' deb = deb ']'
++ lib/apache:apache_site_config_for:177    :   echo /etc/apache2/sites-available/keystone-api.conf
+ lib/apache:write_uwsgi_config:305        :   apache_conf=/etc/apache2/sites-available/keystone-api.conf
+ lib/apache:write_uwsgi_config:306        :   iniset /etc/keystone/keystone-uwsgi-public.ini uwsgi socket /var/run/uwsgi/keystone-api.socket
+ lib/apache:write_uwsgi_config:307        :   iniset /etc/keystone/keystone-uwsgi-public.ini uwsgi chmod-socket 666
+ lib/apache:write_uwsgi_config:308        :   echo 'ProxyPass "/identity" "unix:/var/run/uwsgi/keystone-api.socket|uwsgi://uwsgi-uds-keystone-api" retry=0 acquire=1 '
+ lib/apache:write_uwsgi_config:308        :   sudo tee -a /etc/apache2/sites-available/keystone-api.conf
ProxyPass "/identity" "unix:/var/run/uwsgi/keystone-api.socket|uwsgi://uwsgi-uds-keystone-api" retry=0 acquire=1 
+ lib/apache:write_uwsgi_config:309        :   enable_apache_site keystone-api
+ lib/apache:enable_apache_site:191        :   local site=keystone-api
+ lib/apache:enable_apache_site:193        :   enable_apache_mod version
+ lib/apache:enable_apache_mod:55          :   local mod=version
+ lib/apache:enable_apache_mod:56          :   local should_restart=
+ lib/apache:enable_apache_mod:58          :   is_ubuntu
+ functions-common:is_ubuntu:546           :   [[ -z deb ]]
+ functions-common:is_ubuntu:549           :   '[' deb = deb ']'
+ lib/apache:enable_apache_mod:61          :   [[ version != \v\e\r\s\i\o\n ]]
+ lib/apache:enable_apache_site:194        :   is_ubuntu
+ functions-common:is_ubuntu:546           :   [[ -z deb ]]
+ functions-common:is_ubuntu:549           :   '[' deb = deb ']'
+ lib/apache:enable_apache_site:195        :   sudo a2ensite keystone-api
Site keystone-api already enabled
+ lib/apache:write_uwsgi_config:310        :   restart_apache_server
+ lib/apache:restart_apache_server:238     :   restart_service apache2
+ functions-common:restart_service:2304    :   '[' -x /bin/systemctl ']'
+ functions-common:restart_service:2305    :   sudo /bin/systemctl restart apache2
+ lib/keystone:configure_keystone:196      :   iniset /etc/keystone/keystone.conf DEFAULT max_token_size 16384
+ lib/keystone:configure_keystone:198      :   iniset /etc/keystone/keystone.conf fernet_tokens key_repository /etc/keystone/fernet-keys/
+ lib/keystone:configure_keystone:200      :   iniset /etc/keystone/keystone.conf credential key_repository /etc/keystone/credential-keys/
+ lib/keystone:configure_keystone:208      :   [[ True = True ]]
+ lib/keystone:configure_keystone:209      :   iniset /etc/keystone/keystone.conf security_compliance lockout_failure_attempts 2
+ lib/keystone:configure_keystone:210      :   iniset /etc/keystone/keystone.conf security_compliance lockout_duration 10
+ lib/keystone:configure_keystone:211      :   iniset /etc/keystone/keystone.conf security_compliance unique_last_password_count 2
+ lib/keystone:configure_keystone:214      :   iniset /etc/keystone/keystone.conf oslo_policy policy_file policy.yaml
+ lib/keystone:configure_keystone:216      :   [[ True == True ]]
+ lib/keystone:configure_keystone:217      :   iniset /etc/keystone/keystone.conf oslo_policy enforce_new_defaults true
+ ./stack.sh:main:928                      :   is_service_enabled swift
+ functions-common:is_service_enabled:2076 :   return 1
+ ./stack.sh:main:942                      :   is_service_enabled g-api n-api
+ functions-common:is_service_enabled:2076 :   return 0
+ ./stack.sh:main:944                      :   stack_install_service glance
+ lib/stack:stack_install_service:20       :   local service=glance
+ lib/stack:stack_install_service:21       :   type install_glance
+ lib/stack:stack_install_service:23       :   [[ False = True ]]
+ lib/stack:stack_install_service:32       :   install_glance
+ lib/glance:install_glance:551            :   glance_store_extras=()
+ lib/glance:install_glance:551            :   local glance_store_extras
+ lib/glance:install_glance:553            :   is_service_enabled cinder
+ functions-common:is_service_enabled:2076 :   return 0
+ lib/glance:install_glance:554            :   glance_store_extras=("cinder" "${glance_store_extras[@]}")
+ lib/glance:install_glance:557            :   is_service_enabled swift
+ functions-common:is_service_enabled:2076 :   return 1
+ lib/glance:install_glance:563            :   use_library_from_git glance_store
+ inc/python:use_library_from_git:266      :   local name=glance_store
+ inc/python:use_library_from_git:267      :   local enabled=1
+ inc/python:use_library_from_git:268      :   [[ os-brick = \A\L\L ]]
+ inc/python:use_library_from_git:268      :   [[ ,os-brick, =~ ,glance_store, ]]
+ inc/python:use_library_from_git:269      :   return 1
++ lib/glance:install_glance:569            :   join_extras cinder
++ inc/python:join_extras:28                :   local IFS=,
++ inc/python:join_extras:29                :   echo cinder
+ lib/glance:install_glance:569            :   pip_install_gr_extras glance-store cinder
+ inc/python:pip_install_gr_extras:107     :   local name=glance-store
+ inc/python:pip_install_gr_extras:108     :   local extras=cinder
+ inc/python:pip_install_gr_extras:109     :   local version_constraints
++ inc/python:pip_install_gr_extras:110     :   get_version_constraints_from_global_requirements glance-store
++ inc/python:get_version_constraints_from_global_requirements:253 :   local package=glance-store
++ inc/python:get_version_constraints_from_global_requirements:254 :   local required_pkg_version_constraint
+++ inc/python:get_version_constraints_from_global_requirements:256 :   grep -i -h -o -P '^glance-store\K.*' /opt/stack/requirements/global-requirements.txt
+++ inc/python:get_version_constraints_from_global_requirements:256 :   cut -d# -f1
++ inc/python:get_version_constraints_from_global_requirements:256 :   required_pkg_version_constraint='!=0.29.0  '
++ inc/python:get_version_constraints_from_global_requirements:257 :   [[ !=0.29.0   == '' ]]
++ inc/python:get_version_constraints_from_global_requirements:260 :   echo '!=0.29.0'
+ inc/python:pip_install_gr_extras:110     :   version_constraints='!=0.29.0'
+ inc/python:pip_install_gr_extras:111     :   pip_install 'glance-store[cinder]!=0.29.0'
Using python 3.12 to install glance-store[cinder]!=0.29.0
+ inc/python:pip_install:210               :   env http_proxy= https_proxy= no_proxy= PIP_FIND_LINKS= /opt/stack/data/venv/bin/pip install -c /opt/stack/requirements/upper-constraints.txt 'glance-store[cinder]!=0.29.0'
Collecting glance-store!=0.29.0 (from glance-store[cinder]!=0.29.0)
  Using cached glance_store-5.6.0-py3-none-any.whl.metadata (4.5 kB)
Requirement already satisfied: oslo.config>=5.2.0 in /opt/stack/data/venv/lib/python3.12/site-packages (from glance-store!=0.29.0->glance-store[cinder]!=0.29.0) (10.7.0)
Requirement already satisfied: oslo.i18n>=3.15.3 in /opt/stack/data/venv/lib/python3.12/site-packages (from glance-store!=0.29.0->glance-store[cinder]!=0.29.0) (6.9.0)
Requirement already satisfied: oslo.serialization!=2.19.1,>=2.18.0 in /opt/stack/data/venv/lib/python3.12/site-packages (from glance-store!=0.29.0->glance-store[cinder]!=0.29.0) (5.11.0)
Requirement already satisfied: oslo.utils>=4.7.0 in /opt/stack/data/venv/lib/python3.12/site-packages (from glance-store!=0.29.0->glance-store[cinder]!=0.29.0) (10.1.1)
Requirement already satisfied: oslo.concurrency>=3.26.0 in /opt/stack/data/venv/lib/python3.12/site-packages (from glance-store!=0.29.0->glance-store[cinder]!=0.29.0) (7.6.1)
Requirement already satisfied: stevedore>=1.20.0 in /opt/stack/data/venv/lib/python3.12/site-packages (from glance-store!=0.29.0->glance-store[cinder]!=0.29.0) (5.9.1)
Requirement already satisfied: jsonschema>=3.2.0 in /opt/stack/data/venv/lib/python3.12/site-packages (from glance-store!=0.29.0->glance-store[cinder]!=0.29.0) (4.26.0)
Requirement already satisfied: keystoneauth1>=3.4.0 in /opt/stack/data/venv/lib/python3.12/site-packages (from glance-store!=0.29.0->glance-store[cinder]!=0.29.0) (5.15.0)
Requirement already satisfied: python-keystoneclient>=3.8.0 in /opt/stack/data/venv/lib/python3.12/site-packages (from glance-store!=0.29.0->glance-store[cinder]!=0.29.0) (5.8.0)
Requirement already satisfied: requests>=2.14.2 in /opt/stack/data/venv/lib/python3.12/site-packages (from glance-store!=0.29.0->glance-store[cinder]!=0.29.0) (2.34.2)
Collecting retrying!=1.3.0,>=1.2.3 (from glance-store!=0.29.0->glance-store[cinder]!=0.29.0)
  Using cached retrying-1.4.2-py3-none-any.whl.metadata (5.5 kB)
Requirement already satisfied: futurist>=1.2.0 in /opt/stack/data/venv/lib/python3.12/site-packages (from glance-store!=0.29.0->glance-store[cinder]!=0.29.0) (3.5.0)
Requirement already satisfied: debtcollector>=3.0.0 in /opt/stack/data/venv/lib/python3.12/site-packages (from futurist>=1.2.0->glance-store!=0.29.0->glance-store[cinder]!=0.29.0) (3.1.0)
Requirement already satisfied: wrapt>=2.1.0 in /opt/stack/data/venv/lib/python3.12/site-packages (from debtcollector>=3.0.0->futurist>=1.2.0->glance-store!=0.29.0->glance-store[cinder]!=0.29.0) (2.3.0)
Collecting python-cinderclient>=4.1.0 (from glance-store[cinder]!=0.29.0)
  Using cached python_cinderclient-9.9.0-py3-none-any.whl.metadata (19 kB)
Requirement already satisfied: os-brick>=6.3.0 in /opt/stack/data/venv/lib/python3.12/site-packages (from glance-store[cinder]!=0.29.0) (7.1.1)
Collecting oslo.rootwrap>=5.8.0 (from glance-store[cinder]!=0.29.0)
  Using cached oslo_rootwrap-7.10.0-py3-none-any.whl.metadata (2.1 kB)
Requirement already satisfied: oslo.privsep>=1.23.0 in /opt/stack/data/venv/lib/python3.12/site-packages (from glance-store[cinder]!=0.29.0) (3.12.0)
Requirement already satisfied: attrs>=22.2.0 in /opt/stack/data/venv/lib/python3.12/site-packages (from jsonschema>=3.2.0->glance-store!=0.29.0->glance-store[cinder]!=0.29.0) (26.1.0)
Requirement already satisfied: jsonschema-specifications>=2023.03.6 in /opt/stack/data/venv/lib/python3.12/site-packages (from jsonschema>=3.2.0->glance-store!=0.29.0->glance-store[cinder]!=0.29.0) (2025.9.1)
Requirement already satisfied: referencing>=0.28.4 in /opt/stack/data/venv/lib/python3.12/site-packages (from jsonschema>=3.2.0->glance-store!=0.29.0->glance-store[cinder]!=0.29.0) (0.37.0)
Requirement already satisfied: rpds-py>=0.25.0 in /opt/stack/data/venv/lib/python3.12/site-packages (from jsonschema>=3.2.0->glance-store!=0.29.0->glance-store[cinder]!=0.29.0) (2026.6.3)
Requirement already satisfied: iso8601>=2.0.0 in /opt/stack/data/venv/lib/python3.12/site-packages (from keystoneauth1>=3.4.0->glance-store!=0.29.0->glance-store[cinder]!=0.29.0) (2.1.0)
Requirement already satisfied: os-service-types>=1.2.0 in /opt/stack/data/venv/lib/python3.12/site-packages (from keystoneauth1>=3.4.0->glance-store!=0.29.0->glance-store[cinder]!=0.29.0) (1.9.0)
Requirement already satisfied: typing-extensions>=4.12 in /opt/stack/data/venv/lib/python3.12/site-packages (from keystoneauth1>=3.4.0->glance-store!=0.29.0->glance-store[cinder]!=0.29.0) (4.16.0)
Requirement already satisfied: pbr>=5.8.0 in /opt/stack/data/venv/lib/python3.12/site-packages (from os-brick>=6.3.0->glance-store[cinder]!=0.29.0) (7.0.3)
Requirement already satisfied: oslo.context>=4.1.0 in /opt/stack/data/venv/lib/python3.12/site-packages (from os-brick>=6.3.0->glance-store[cinder]!=0.29.0) (6.5.0)
Requirement already satisfied: oslo.log>=4.8.0 in /opt/stack/data/venv/lib/python3.12/site-packages (from os-brick>=6.3.0->glance-store[cinder]!=0.29.0) (8.3.0)
Requirement already satisfied: oslo.service>=2.8.0 in /opt/stack/data/venv/lib/python3.12/site-packages (from os-brick>=6.3.0->glance-store[cinder]!=0.29.0) (4.8.0)
Requirement already satisfied: tenacity>=6.3.1 in /opt/stack/data/venv/lib/python3.12/site-packages (from os-brick>=6.3.0->glance-store[cinder]!=0.29.0) (9.1.4)
Requirement already satisfied: psutil>=5.7.2 in /opt/stack/data/venv/lib/python3.12/site-packages (from os-brick>=6.3.0->glance-store[cinder]!=0.29.0) (7.2.2)
Requirement already satisfied: fasteners>=0.7.0 in /opt/stack/data/venv/lib/python3.12/site-packages (from oslo.concurrency>=3.26.0->glance-store!=0.29.0->glance-store[cinder]!=0.29.0) (0.20)
Requirement already satisfied: netaddr>=0.7.18 in /opt/stack/data/venv/lib/python3.12/site-packages (from oslo.config>=5.2.0->glance-store!=0.29.0->glance-store[cinder]!=0.29.0) (1.3.0)
Requirement already satisfied: rfc3986>=1.2.0 in /usr/lib/python3/dist-packages (from oslo.config>=5.2.0->glance-store!=0.29.0->glance-store[cinder]!=0.29.0) (2.0.0)
Requirement already satisfied: PyYAML>=5.1 in /opt/stack/data/venv/lib/python3.12/site-packages (from oslo.config>=5.2.0->glance-store!=0.29.0->glance-store[cinder]!=0.29.0) (6.0.3)
Requirement already satisfied: python-dateutil>=2.7.0 in /opt/stack/data/venv/lib/python3.12/site-packages (from oslo.log>=4.8.0->os-brick>=6.3.0->glance-store[cinder]!=0.29.0) (2.9.0.post0)
Requirement already satisfied: cffi>=1.14.0 in /opt/stack/data/venv/lib/python3.12/site-packages (from oslo.privsep>=1.23.0->glance-store[cinder]!=0.29.0) (2.1.1)
Requirement already satisfied: msgpack>=0.6.0 in /opt/stack/data/venv/lib/python3.12/site-packages (from oslo.privsep>=1.23.0->glance-store[cinder]!=0.29.0) (1.2.1)
Requirement already satisfied: pycparser in /opt/stack/data/venv/lib/python3.12/site-packages (from cffi>=1.14.0->oslo.privsep>=1.23.0->glance-store[cinder]!=0.29.0) (3.0)
Requirement already satisfied: WebOb>=1.7.1 in /opt/stack/data/venv/lib/python3.12/site-packages (from oslo.service>=2.8.0->os-brick>=6.3.0->glance-store[cinder]!=0.29.0) (1.8.11)
Requirement already satisfied: eventlet>=0.27.0 in /opt/stack/data/venv/lib/python3.12/site-packages (from oslo.service>=2.8.0->os-brick>=6.3.0->glance-store[cinder]!=0.29.0) (0.41.2)
Requirement already satisfied: greenlet>=0.4.15 in /opt/stack/data/venv/lib/python3.12/site-packages (from oslo.service>=2.8.0->os-brick>=6.3.0->glance-store[cinder]!=0.29.0) (3.5.5)
Requirement already satisfied: PasteDeploy>=1.5.0 in /usr/lib/python3/dist-packages (from oslo.service>=2.8.0->os-brick>=6.3.0->glance-store[cinder]!=0.29.0) (3.1.0)
Requirement already satisfied: Routes>=2.3.1 in /usr/lib/python3/dist-packages (from oslo.service>=2.8.0->os-brick>=6.3.0->glance-store[cinder]!=0.29.0) (2.5.1)
Requirement already satisfied: Paste>=2.0.2 in /opt/stack/data/venv/lib/python3.12/site-packages (from oslo.service>=2.8.0->os-brick>=6.3.0->glance-store[cinder]!=0.29.0) (3.10.1)
Requirement already satisfied: Yappi>=1.0 in /opt/stack/data/venv/lib/python3.12/site-packages (from oslo.service>=2.8.0->os-brick>=6.3.0->glance-store[cinder]!=0.29.0) (1.7.6)
Requirement already satisfied: dnspython>=1.15.0 in /opt/stack/data/venv/lib/python3.12/site-packages (from eventlet>=0.27.0->oslo.service>=2.8.0->os-brick>=6.3.0->glance-store[cinder]!=0.29.0) (2.8.0)
Requirement already satisfied: pyparsing>=2.1.0 in /opt/stack/data/venv/lib/python3.12/site-packages (from oslo.utils>=4.7.0->glance-store!=0.29.0->glance-store[cinder]!=0.29.0) (3.3.2)
Requirement already satisfied: packaging>=20.4 in /opt/stack/data/venv/lib/python3.12/site-packages (from oslo.utils>=4.7.0->glance-store!=0.29.0->glance-store[cinder]!=0.29.0) (26.3)
Requirement already satisfied: setuptools in /opt/stack/data/venv/lib/python3.12/site-packages (from Paste>=2.0.2->oslo.service>=2.8.0->os-brick>=6.3.0->glance-store[cinder]!=0.29.0) (84.0.0)
Requirement already satisfied: PrettyTable>=0.7.2 in /opt/stack/data/venv/lib/python3.12/site-packages (from python-cinderclient>=4.1.0->glance-store[cinder]!=0.29.0) (3.18.0)
Requirement already satisfied: wcwidth>=0.3.5 in /opt/stack/data/venv/lib/python3.12/site-packages (from PrettyTable>=0.7.2->python-cinderclient>=4.1.0->glance-store[cinder]!=0.29.0) (0.8.2)
Requirement already satisfied: six>=1.5 in /opt/stack/data/venv/lib/python3.12/site-packages (from python-dateutil>=2.7.0->oslo.log>=4.8.0->os-brick>=6.3.0->glance-store[cinder]!=0.29.0) (1.17.0)
Requirement already satisfied: charset_normalizer<4,>=2 in /opt/stack/data/venv/lib/python3.12/site-packages (from requests>=2.14.2->glance-store!=0.29.0->glance-store[cinder]!=0.29.0) (3.5.0)
Requirement already satisfied: idna<4,>=2.5 in /opt/stack/data/venv/lib/python3.12/site-packages (from requests>=2.14.2->glance-store!=0.29.0->glance-store[cinder]!=0.29.0) (3.18)
Requirement already satisfied: urllib3<3,>=1.26 in /opt/stack/data/venv/lib/python3.12/site-packages (from requests>=2.14.2->glance-store!=0.29.0->glance-store[cinder]!=0.29.0) (2.7.0)
Requirement already satisfied: certifi>=2023.5.7 in /usr/lib/python3/dist-packages (from requests>=2.14.2->glance-store!=0.29.0->glance-store[cinder]!=0.29.0) (2023.11.17)
Using cached glance_store-5.6.0-py3-none-any.whl (262 kB)
Using cached oslo_rootwrap-7.10.0-py3-none-any.whl (40 kB)
Using cached python_cinderclient-9.9.0-py3-none-any.whl (256 kB)
Using cached retrying-1.4.2-py3-none-any.whl (10 kB)
Installing collected packages: retrying, oslo.rootwrap, python-cinderclient, glance-store

Successfully installed glance-store-5.6.0 oslo.rootwrap-7.10.0 python-cinderclient-9.9.0 retrying-1.4.2
+ inc/python:pip_install:216               :   result=0
+ inc/python:pip_install:218               :   time_stop pip_install
+ functions-common:time_stop:2420          :   local name
+ functions-common:time_stop:2421          :   local end_time
+ functions-common:time_stop:2422          :   local elapsed_time
+ functions-common:time_stop:2423          :   local total
+ functions-common:time_stop:2424          :   local start_time
+ functions-common:time_stop:2426          :   name=pip_install
+ functions-common:time_stop:2427          :   start_time=1787877682562
+ functions-common:time_stop:2429          :   [[ -z 1787877682562 ]]
++ functions-common:time_stop:2432          :   date +%s%3N
+ functions-common:time_stop:2432          :   end_time=1787877685022
+ functions-common:time_stop:2433          :   elapsed_time=2460
+ functions-common:time_stop:2434          :   total=58535
+ functions-common:time_stop:2436          :   _TIME_START[$name]=
+ functions-common:time_stop:2437          :   _TIME_TOTAL[$name]=60995
+ inc/python:pip_install:219               :   return 0
+ lib/glance:install_glance:570            :   copy_rootwrap /opt/stack/data/venv/etc/glance
+ lib/glance:copy_rootwrap:267             :   local source_path=/opt/stack/data/venv/etc/glance
+ lib/glance:copy_rootwrap:269             :   sudo install -d -o slave /etc/glance
+ lib/glance:copy_rootwrap:270             :   cp -r /opt/stack/data/venv/etc/glance/rootwrap.conf /opt/stack/data/venv/etc/glance/rootwrap.d /etc/glance/
+ lib/glance:install_glance:573            :   git_clone https://opendev.org/openstack/glance.git /opt/stack/glance master
+ functions-common:git_clone:589           :   local git_remote=https://opendev.org/openstack/glance.git
+ functions-common:git_clone:590           :   local git_dest=/opt/stack/glance
+ functions-common:git_clone:591           :   local git_ref=master
+ functions-common:git_clone:592           :   local orig_dir
++ functions-common:git_clone:593           :   pwd
+ functions-common:git_clone:593           :   orig_dir=/home/slave/devstack
+ functions-common:git_clone:594           :   local git_clone_flags=
++ functions-common:git_clone:596           :   trueorfalse False RECLONE
+ functions-common:git_clone:596           :   RECLONE=False
+ functions-common:git_clone:597           :   [[ 0 -gt 0 ]]
+ functions-common:git_clone:601           :   [[ False = \T\r\u\e ]]
+ functions-common:git_clone:610           :   echo master
+ functions-common:git_clone:610           :   egrep -q '^refs'
+ functions-common:git_clone:624           :   [[ ! -d /opt/stack/glance ]]
+ functions-common:git_clone:634           :   [[ False = \T\r\u\e ]]
+ functions-common:git_clone:669           :   sudo git config --system --add safe.directory /opt/stack/glance
+ functions-common:git_clone:672           :   cd /opt/stack/glance
+ functions-common:git_clone:673           :   git show --oneline
+ functions-common:git_clone:673           :   head -1
2699961fa tests: Ignore CHECK constraints in test_models_sync
+ functions-common:git_clone:674           :   cd /home/slave/devstack
+ lib/glance:install_glance:575            :   setup_develop /opt/stack/glance
+ inc/python:setup_develop:353             :   local bindep
+ inc/python:setup_develop:354             :   [[ /opt/stack/glance == -bindep* ]]
+ inc/python:setup_develop:358             :   local project_dir=/opt/stack/glance
+ inc/python:setup_develop:359             :   local extras=
+ inc/python:setup_develop:360             :   _setup_package_with_constraints_edit /opt/stack/glance -e
+ inc/python:_setup_package_with_constraints_edit:379 :   local bindep
+ inc/python:_setup_package_with_constraints_edit:380 :   [[ /opt/stack/glance == -bindep* ]]
+ inc/python:_setup_package_with_constraints_edit:384 :   local project_dir=/opt/stack/glance
+ inc/python:_setup_package_with_constraints_edit:385 :   local flags=-e
+ inc/python:_setup_package_with_constraints_edit:386 :   local extras=
++ inc/python:_setup_package_with_constraints_edit:393 :   cd /opt/stack/glance
++ inc/python:_setup_package_with_constraints_edit:393 :   pwd
+ inc/python:_setup_package_with_constraints_edit:393 :   project_dir=/opt/stack/glance
+ inc/python:_setup_package_with_constraints_edit:395 :   '[' -n /opt/stack/requirements ']'
+ inc/python:_setup_package_with_constraints_edit:399 :   local name
++ inc/python:_setup_package_with_constraints_edit:400 :   awk '/^name.*=/ {print $3}' /opt/stack/glance/setup.cfg
+ inc/python:_setup_package_with_constraints_edit:400 :   name=glance
+ inc/python:_setup_package_with_constraints_edit:401 :   '[' -z glance ']'
+ inc/python:_setup_package_with_constraints_edit:405 :   /opt/stack/requirements/.venv/bin/edit-constraints /opt/stack/requirements/upper-constraints.txt -- glance
+ inc/python:_setup_package_with_constraints_edit:408 :   setup_package /opt/stack/glance -e
+ inc/python:setup_package:436             :   local bindep=0
+ inc/python:setup_package:437             :   local bindep_flag=
+ inc/python:setup_package:438             :   local bindep_profiles=
+ inc/python:setup_package:439             :   [[ /opt/stack/glance == -bindep* ]]
+ inc/python:setup_package:444             :   local project_dir=/opt/stack/glance
+ inc/python:setup_package:445             :   local flags=-e
+ inc/python:setup_package:446             :   local extras=
+ inc/python:setup_package:450             :   [[ -n -e ]]
+ inc/python:setup_package:450             :   [[ -z '' ]]
+ inc/python:setup_package:450             :   [[ ! -e =~ ^-.* ]]
+ inc/python:setup_package:455             :   [[ ! -z '' ]]
+ inc/python:setup_package:460             :   [[ 0 == 1 ]]
+ inc/python:setup_package:464             :   pip_install -e /opt/stack/glance
Using python 3.12 to install /opt/stack/glance
+ inc/python:pip_install:210               :   env http_proxy= https_proxy= no_proxy= PIP_FIND_LINKS= /opt/stack/data/venv/bin/pip install -c /opt/stack/requirements/upper-constraints.txt -e /opt/stack/glance
Obtaining file:///opt/stack/glance
  Installing build dependencies: started
  Installing build dependencies: finished with status 'done'
  Checking if build backend supports build_editable: started
  Checking if build backend supports build_editable: finished with status 'done'
  Getting requirements to build editable: started
  Getting requirements to build editable: finished with status 'done'
  Preparing editable metadata (pyproject.toml): started
  Preparing editable metadata (pyproject.toml): finished with status 'done'
Requirement already satisfied: pbr>=3.1.1 in /opt/stack/data/venv/lib/python3.12/site-packages (from glance==33.0.0.0b3.dev42) (7.0.3)
Requirement already satisfied: defusedxml>=0.7.1 in /usr/lib/python3/dist-packages (from glance==33.0.0.0b3.dev42) (0.7.1)
Requirement already satisfied: SQLAlchemy>=1.3.14 in /opt/stack/data/venv/lib/python3.12/site-packages (from glance==33.0.0.0b3.dev42) (2.0.52)
Requirement already satisfied: PasteDeploy>=1.5.0 in /usr/lib/python3/dist-packages (from glance==33.0.0.0b3.dev42) (3.1.0)
Requirement already satisfied: Routes>=2.3.1 in /usr/lib/python3/dist-packages (from glance==33.0.0.0b3.dev42) (2.5.1)
Requirement already satisfied: WebOb>=1.8.1 in /opt/stack/data/venv/lib/python3.12/site-packages (from glance==33.0.0.0b3.dev42) (1.8.11)
Requirement already satisfied: alembic>=0.9.6 in /opt/stack/data/venv/lib/python3.12/site-packages (from glance==33.0.0.0b3.dev42) (1.19.1)
Collecting httplib2>=0.9.1 (from glance==33.0.0.0b3.dev42)
  Using cached httplib2-0.32.0-py3-none-any.whl.metadata (2.2 kB)
Requirement already satisfied: oslo.config>=8.1.0 in /opt/stack/data/venv/lib/python3.12/site-packages (from glance==33.0.0.0b3.dev42) (10.7.0)
Requirement already satisfied: oslo.concurrency>=4.5.1 in /opt/stack/data/venv/lib/python3.12/site-packages (from glance==33.0.0.0b3.dev42) (7.6.1)
Requirement already satisfied: oslo.context>=2.22.0 in /opt/stack/data/venv/lib/python3.12/site-packages (from glance==33.0.0.0b3.dev42) (6.5.0)
Requirement already satisfied: oslo.upgradecheck>=1.3.0 in /opt/stack/data/venv/lib/python3.12/site-packages (from glance==33.0.0.0b3.dev42) (2.8.0)
Requirement already satisfied: oslo.utils>=7.4.0 in /opt/stack/data/venv/lib/python3.12/site-packages (from glance==33.0.0.0b3.dev42) (10.1.1)
Requirement already satisfied: stevedore!=3.0.0,>=1.20.0 in /opt/stack/data/venv/lib/python3.12/site-packages (from glance==33.0.0.0b3.dev42) (5.9.1)
Collecting taskflow>=4.0.0 (from glance==33.0.0.0b3.dev42)
  Using cached taskflow-6.3.0-py3-none-any.whl.metadata (4.5 kB)
Requirement already satisfied: keystoneauth1>=3.4.0 in /opt/stack/data/venv/lib/python3.12/site-packages (from glance==33.0.0.0b3.dev42) (5.15.0)
Requirement already satisfied: keystonemiddleware>=5.1.0 in /opt/stack/data/venv/lib/python3.12/site-packages (from glance==33.0.0.0b3.dev42) (13.0.0)
Collecting WSME>=0.8.0 (from glance==33.0.0.0b3.dev42)
  Using cached wsme-0.13.0-py3-none-any.whl.metadata (4.0 kB)
Requirement already satisfied: PrettyTable>=0.7.1 in /opt/stack/data/venv/lib/python3.12/site-packages (from glance==33.0.0.0b3.dev42) (3.18.0)
Requirement already satisfied: Paste>=2.0.2 in /opt/stack/data/venv/lib/python3.12/site-packages (from glance==33.0.0.0b3.dev42) (3.10.1)
Requirement already satisfied: jsonschema>=3.2.0 in /opt/stack/data/venv/lib/python3.12/site-packages (from glance==33.0.0.0b3.dev42) (4.26.0)
Requirement already satisfied: python-keystoneclient>=3.8.0 in /opt/stack/data/venv/lib/python3.12/site-packages (from glance==33.0.0.0b3.dev42) (5.8.0)
Requirement already satisfied: oslo.db>=5.0.0 in /opt/stack/data/venv/lib/python3.12/site-packages (from glance==33.0.0.0b3.dev42) (18.1.0)
Requirement already satisfied: oslo.i18n>=5.0.0 in /opt/stack/data/venv/lib/python3.12/site-packages (from glance==33.0.0.0b3.dev42) (6.9.0)
Collecting oslo.limit>=1.6.0 (from glance==33.0.0.0b3.dev42)
  Using cached oslo_limit-2.12.0-py3-none-any.whl.metadata (2.1 kB)
Requirement already satisfied: oslo.log>=4.5.0 in /opt/stack/data/venv/lib/python3.12/site-packages (from glance==33.0.0.0b3.dev42) (8.3.0)
Requirement already satisfied: oslo.messaging!=9.0.0,>=5.29.0 in /opt/stack/data/venv/lib/python3.12/site-packages (from glance==33.0.0.0b3.dev42) (18.2.0)
Requirement already satisfied: oslo.middleware>=3.31.0 in /opt/stack/data/venv/lib/python3.12/site-packages (from glance==33.0.0.0b3.dev42) (8.2.0)
Collecting oslo.reports>=3.2.0 (from glance==33.0.0.0b3.dev42)
  Using cached oslo_reports-3.9.0-py3-none-any.whl.metadata (3.8 kB)
Requirement already satisfied: oslo.policy>=6.0.0 in /opt/stack/data/venv/lib/python3.12/site-packages (from glance==33.0.0.0b3.dev42) (6.0.0)
Requirement already satisfied: oslo.service>=4.2.0 in /opt/stack/data/venv/lib/python3.12/site-packages (from oslo.service[threading]>=4.2.0->glance==33.0.0.0b3.dev42) (4.8.0)
Requirement already satisfied: osprofiler>=1.4.0 in /opt/stack/data/venv/lib/python3.12/site-packages (from glance==33.0.0.0b3.dev42) (4.4.0)
Requirement already satisfied: glance-store>=5.3.0 in /opt/stack/data/venv/lib/python3.12/site-packages (from glance==33.0.0.0b3.dev42) (5.6.0)
Requirement already satisfied: debtcollector>=1.19.0 in /opt/stack/data/venv/lib/python3.12/site-packages (from glance==33.0.0.0b3.dev42) (3.1.0)
Requirement already satisfied: cryptography>=2.6.1 in /opt/stack/data/venv/lib/python3.12/site-packages (from glance==33.0.0.0b3.dev42) (43.0.3)
Collecting cursive>=0.2.1 (from glance==33.0.0.0b3.dev42)
  Using cached cursive-0.3.0-py3-none-any.whl.metadata (1.9 kB)
Collecting castellan>=0.17.0 (from glance==33.0.0.0b3.dev42)
  Using cached castellan-5.8.0-py3-none-any.whl.metadata (1.9 kB)
Requirement already satisfied: Mako in /opt/stack/data/venv/lib/python3.12/site-packages (from alembic>=0.9.6->glance==33.0.0.0b3.dev42) (1.4.1)
Requirement already satisfied: typing-extensions>=4.12 in /opt/stack/data/venv/lib/python3.12/site-packages (from alembic>=0.9.6->glance==33.0.0.0b3.dev42) (4.16.0)
Collecting python-barbicanclient>=5.5.0 (from castellan>=0.17.0->glance==33.0.0.0b3.dev42)
  Using cached python_barbicanclient-7.5.0-py3-none-any.whl.metadata (11 kB)
Requirement already satisfied: requests>=2.18.0 in /opt/stack/data/venv/lib/python3.12/site-packages (from castellan>=0.17.0->glance==33.0.0.0b3.dev42) (2.34.2)
Requirement already satisfied: cffi>=1.12 in /opt/stack/data/venv/lib/python3.12/site-packages (from cryptography>=2.6.1->glance==33.0.0.0b3.dev42) (2.1.1)
Requirement already satisfied: pycparser in /opt/stack/data/venv/lib/python3.12/site-packages (from cffi>=1.12->cryptography>=2.6.1->glance==33.0.0.0b3.dev42) (3.0)
Requirement already satisfied: oslo.serialization>=1.10.0 in /opt/stack/data/venv/lib/python3.12/site-packages (from cursive>=0.2.1->glance==33.0.0.0b3.dev42) (5.11.0)
Requirement already satisfied: wrapt>=2.1.0 in /opt/stack/data/venv/lib/python3.12/site-packages (from debtcollector>=1.19.0->glance==33.0.0.0b3.dev42) (2.3.0)
Requirement already satisfied: retrying!=1.3.0,>=1.2.3 in /opt/stack/data/venv/lib/python3.12/site-packages (from glance-store>=5.3.0->glance==33.0.0.0b3.dev42) (1.4.2)
Requirement already satisfied: futurist>=1.2.0 in /opt/stack/data/venv/lib/python3.12/site-packages (from glance-store>=5.3.0->glance==33.0.0.0b3.dev42) (3.5.0)
Requirement already satisfied: pyparsing<4,>=3.1 in /opt/stack/data/venv/lib/python3.12/site-packages (from httplib2>=0.9.1->glance==33.0.0.0b3.dev42) (3.3.2)
Requirement already satisfied: attrs>=22.2.0 in /opt/stack/data/venv/lib/python3.12/site-packages (from jsonschema>=3.2.0->glance==33.0.0.0b3.dev42) (26.1.0)
Requirement already satisfied: jsonschema-specifications>=2023.03.6 in /opt/stack/data/venv/lib/python3.12/site-packages (from jsonschema>=3.2.0->glance==33.0.0.0b3.dev42) (2025.9.1)
Requirement already satisfied: referencing>=0.28.4 in /opt/stack/data/venv/lib/python3.12/site-packages (from jsonschema>=3.2.0->glance==33.0.0.0b3.dev42) (0.37.0)
Requirement already satisfied: rpds-py>=0.25.0 in /opt/stack/data/venv/lib/python3.12/site-packages (from jsonschema>=3.2.0->glance==33.0.0.0b3.dev42) (2026.6.3)
Requirement already satisfied: iso8601>=2.0.0 in /opt/stack/data/venv/lib/python3.12/site-packages (from keystoneauth1>=3.4.0->glance==33.0.0.0b3.dev42) (2.1.0)
Requirement already satisfied: os-service-types>=1.2.0 in /opt/stack/data/venv/lib/python3.12/site-packages (from keystoneauth1>=3.4.0->glance==33.0.0.0b3.dev42) (1.9.0)
Requirement already satisfied: oslo.cache>=3.11.0 in /opt/stack/data/venv/lib/python3.12/site-packages (from keystonemiddleware>=5.1.0->glance==33.0.0.0b3.dev42) (4.3.0)
Requirement already satisfied: pycadf>=1.1.0 in /opt/stack/data/venv/lib/python3.12/site-packages (from keystonemiddleware>=5.1.0->glance==33.0.0.0b3.dev42) (4.1.0)
Requirement already satisfied: PyJWT>=2.4.0 in /opt/stack/data/venv/lib/python3.12/site-packages (from keystonemiddleware>=5.1.0->glance==33.0.0.0b3.dev42) (2.13.0)
Requirement already satisfied: dogpile.cache>=1.3.3 in /opt/stack/data/venv/lib/python3.12/site-packages (from oslo.cache>=3.11.0->keystonemiddleware>=5.1.0->glance==33.0.0.0b3.dev42) (1.5.0)
Requirement already satisfied: decorator>=4.0.0 in /opt/stack/data/venv/lib/python3.12/site-packages (from dogpile.cache>=1.3.3->oslo.cache>=3.11.0->keystonemiddleware>=5.1.0->glance==33.0.0.0b3.dev42) (5.3.1)
Requirement already satisfied: fasteners>=0.7.0 in /opt/stack/data/venv/lib/python3.12/site-packages (from oslo.concurrency>=4.5.1->glance==33.0.0.0b3.dev42) (0.20)
Requirement already satisfied: netaddr>=0.7.18 in /opt/stack/data/venv/lib/python3.12/site-packages (from oslo.config>=8.1.0->glance==33.0.0.0b3.dev42) (1.3.0)
Requirement already satisfied: rfc3986>=1.2.0 in /usr/lib/python3/dist-packages (from oslo.config>=8.1.0->glance==33.0.0.0b3.dev42) (2.0.0)
Requirement already satisfied: PyYAML>=5.1 in /opt/stack/data/venv/lib/python3.12/site-packages (from oslo.config>=8.1.0->glance==33.0.0.0b3.dev42) (6.0.3)
Requirement already satisfied: testresources>=2.0.0 in /opt/stack/data/venv/lib/python3.12/site-packages (from oslo.db>=5.0.0->glance==33.0.0.0b3.dev42) (2.1.2)
Requirement already satisfied: testscenarios>=0.4 in /opt/stack/data/venv/lib/python3.12/site-packages (from oslo.db>=5.0.0->glance==33.0.0.0b3.dev42) (0.6.2)
Collecting openstacksdk>=4.11.0 (from oslo.limit>=1.6.0->glance==33.0.0.0b3.dev42)
  Using cached openstacksdk-4.18.0-py3-none-any.whl.metadata (12 kB)
Collecting jmespath>=0.9.0 (from openstacksdk>=4.11.0->oslo.limit>=1.6.0->glance==33.0.0.0b3.dev42)
  Using cached jmespath-1.1.0-py3-none-any.whl.metadata (7.6 kB)
Collecting jsonpatch!=1.20,>=1.16 (from openstacksdk>=4.11.0->oslo.limit>=1.6.0->glance==33.0.0.0b3.dev42)
  Using cached jsonpatch-1.33-py2.py3-none-any.whl.metadata (3.0 kB)
Collecting platformdirs>=3 (from openstacksdk>=4.11.0->oslo.limit>=1.6.0->glance==33.0.0.0b3.dev42)
  Using cached platformdirs-4.11.3-py3-none-any.whl.metadata (5.5 kB)
Requirement already satisfied: psutil>=3.2.2 in /opt/stack/data/venv/lib/python3.12/site-packages (from openstacksdk>=4.11.0->oslo.limit>=1.6.0->glance==33.0.0.0b3.dev42) (7.2.2)
Collecting jsonpointer>=1.9 (from jsonpatch!=1.20,>=1.16->openstacksdk>=4.11.0->oslo.limit>=1.6.0->glance==33.0.0.0b3.dev42)
  Using cached jsonpointer-3.1.1-py3-none-any.whl.metadata (2.4 kB)
Requirement already satisfied: python-dateutil>=2.7.0 in /opt/stack/data/venv/lib/python3.12/site-packages (from oslo.log>=4.5.0->glance==33.0.0.0b3.dev42) (2.9.0.post0)
Requirement already satisfied: cachetools>=2.0.0 in /opt/stack/data/venv/lib/python3.12/site-packages (from oslo.messaging!=9.0.0,>=5.29.0->glance==33.0.0.0b3.dev42) (7.1.7)
Requirement already satisfied: amqp>=2.5.2 in /opt/stack/data/venv/lib/python3.12/site-packages (from oslo.messaging!=9.0.0,>=5.29.0->glance==33.0.0.0b3.dev42) (5.3.1)
Requirement already satisfied: kombu>=5.2.0 in /opt/stack/data/venv/lib/python3.12/site-packages (from oslo.messaging!=9.0.0,>=5.29.0->glance==33.0.0.0b3.dev42) (5.6.2)
Requirement already satisfied: oslo.metrics>=0.2.1 in /opt/stack/data/venv/lib/python3.12/site-packages (from oslo.messaging!=9.0.0,>=5.29.0->glance==33.0.0.0b3.dev42) (0.16.0)
Requirement already satisfied: vine<6.0.0,>=5.0.0 in /opt/stack/data/venv/lib/python3.12/site-packages (from amqp>=2.5.2->oslo.messaging!=9.0.0,>=5.29.0->glance==33.0.0.0b3.dev42) (5.1.0)
Requirement already satisfied: tzdata>=2025.2 in /opt/stack/data/venv/lib/python3.12/site-packages (from kombu>=5.2.0->oslo.messaging!=9.0.0,>=5.29.0->glance==33.0.0.0b3.dev42) (2026.3)
Requirement already satisfied: packaging in /opt/stack/data/venv/lib/python3.12/site-packages (from kombu>=5.2.0->oslo.messaging!=9.0.0,>=5.29.0->glance==33.0.0.0b3.dev42) (26.3)
Requirement already satisfied: prometheus-client>=0.6.0 in /opt/stack/data/venv/lib/python3.12/site-packages (from oslo.metrics>=0.2.1->oslo.messaging!=9.0.0,>=5.29.0->glance==33.0.0.0b3.dev42) (0.26.0)
Requirement already satisfied: bcrypt>=3.1.3 in /opt/stack/data/venv/lib/python3.12/site-packages (from oslo.middleware>=3.31.0->glance==33.0.0.0b3.dev42) (5.0.0)
Requirement already satisfied: Jinja2>=2.10 in /opt/stack/data/venv/lib/python3.12/site-packages (from oslo.middleware>=3.31.0->glance==33.0.0.0b3.dev42) (3.1.6)
Requirement already satisfied: statsd>=3.2.1 in /usr/lib/python3/dist-packages (from oslo.middleware>=3.31.0->glance==33.0.0.0b3.dev42) (4.0.1)
Requirement already satisfied: MarkupSafe>=2.0 in /opt/stack/data/venv/lib/python3.12/site-packages (from Jinja2>=2.10->oslo.middleware>=3.31.0->glance==33.0.0.0b3.dev42) (3.0.3)
Requirement already satisfied: msgpack>=0.5.2 in /opt/stack/data/venv/lib/python3.12/site-packages (from oslo.serialization>=1.10.0->cursive>=0.2.1->glance==33.0.0.0b3.dev42) (1.2.1)
Requirement already satisfied: eventlet>=0.27.0 in /opt/stack/data/venv/lib/python3.12/site-packages (from oslo.service>=4.2.0->oslo.service[threading]>=4.2.0->glance==33.0.0.0b3.dev42) (0.41.2)
Requirement already satisfied: greenlet>=0.4.15 in /opt/stack/data/venv/lib/python3.12/site-packages (from oslo.service>=4.2.0->oslo.service[threading]>=4.2.0->glance==33.0.0.0b3.dev42) (3.5.5)
Requirement already satisfied: Yappi>=1.0 in /opt/stack/data/venv/lib/python3.12/site-packages (from oslo.service>=4.2.0->oslo.service[threading]>=4.2.0->glance==33.0.0.0b3.dev42) (1.7.6)
Requirement already satisfied: dnspython>=1.15.0 in /opt/stack/data/venv/lib/python3.12/site-packages (from eventlet>=0.27.0->oslo.service>=4.2.0->oslo.service[threading]>=4.2.0->glance==33.0.0.0b3.dev42) (2.8.0)
Collecting cotyledon>=2.2.0 (from oslo.service[threading]>=4.2.0->glance==33.0.0.0b3.dev42)
  Using cached cotyledon-2.2.0-py3-none-any.whl.metadata (3.7 kB)
Collecting setproctitle (from cotyledon>=2.2.0->oslo.service[threading]>=4.2.0->glance==33.0.0.0b3.dev42)
  Using cached setproctitle-1.3.7-cp312-cp312-manylinux1_x86_64.manylinux_2_28_x86_64.manylinux_2_5_x86_64.whl.metadata (10 kB)
Requirement already satisfied: setuptools in /opt/stack/data/venv/lib/python3.12/site-packages (from Paste>=2.0.2->glance==33.0.0.0b3.dev42) (84.0.0)
Requirement already satisfied: wcwidth>=0.3.5 in /opt/stack/data/venv/lib/python3.12/site-packages (from PrettyTable>=0.7.1->glance==33.0.0.0b3.dev42) (0.8.2)
Collecting cliff>=2.8.0 (from python-barbicanclient>=5.5.0->castellan>=0.17.0->glance==33.0.0.0b3.dev42)
  Using cached cliff-4.15.0-py3-none-any.whl.metadata (2.1 kB)
Collecting autopage>=0.4.0 (from cliff>=2.8.0->python-barbicanclient>=5.5.0->castellan>=0.17.0->glance==33.0.0.0b3.dev42)
  Using cached autopage-0.6.0-py3-none-any.whl.metadata (8.1 kB)
Collecting cmd2>=3.0.0 (from cliff>=2.8.0->python-barbicanclient>=5.5.0->castellan>=0.17.0->glance==33.0.0.0b3.dev42)
  Using cached cmd2-4.2.0-py3-none-any.whl.metadata (16 kB)
Collecting prompt-toolkit>=3.0.53 (from cmd2>=3.0.0->cliff>=2.8.0->python-barbicanclient>=5.5.0->castellan>=0.17.0->glance==33.0.0.0b3.dev42)
  Using cached prompt_toolkit-3.0.53-py3-none-any.whl.metadata (6.4 kB)
Collecting pyperclip>=1.8.2 (from cmd2>=3.0.0->cliff>=2.8.0->python-barbicanclient>=5.5.0->castellan>=0.17.0->glance==33.0.0.0b3.dev42)
  Using cached pyperclip-1.11.0-py3-none-any.whl.metadata (2.4 kB)
Requirement already satisfied: rich>=15.0.0 in /opt/stack/data/venv/lib/python3.12/site-packages (from cmd2>=3.0.0->cliff>=2.8.0->python-barbicanclient>=5.5.0->castellan>=0.17.0->glance==33.0.0.0b3.dev42) (15.0.0)
Collecting rich-argparse>=1.7.2 (from cmd2>=3.0.0->cliff>=2.8.0->python-barbicanclient>=5.5.0->castellan>=0.17.0->glance==33.0.0.0b3.dev42)
  Using cached rich_argparse-1.8.0-py3-none-any.whl.metadata (15 kB)
Requirement already satisfied: six>=1.5 in /opt/stack/data/venv/lib/python3.12/site-packages (from python-dateutil>=2.7.0->oslo.log>=4.5.0->glance==33.0.0.0b3.dev42) (1.17.0)
Requirement already satisfied: charset_normalizer<4,>=2 in /opt/stack/data/venv/lib/python3.12/site-packages (from requests>=2.18.0->castellan>=0.17.0->glance==33.0.0.0b3.dev42) (3.5.0)
Requirement already satisfied: idna<4,>=2.5 in /opt/stack/data/venv/lib/python3.12/site-packages (from requests>=2.18.0->castellan>=0.17.0->glance==33.0.0.0b3.dev42) (3.18)
Requirement already satisfied: urllib3<3,>=1.26 in /opt/stack/data/venv/lib/python3.12/site-packages (from requests>=2.18.0->castellan>=0.17.0->glance==33.0.0.0b3.dev42) (2.7.0)
Requirement already satisfied: certifi>=2023.5.7 in /usr/lib/python3/dist-packages (from requests>=2.18.0->castellan>=0.17.0->glance==33.0.0.0b3.dev42) (2023.11.17)
Requirement already satisfied: markdown-it-py>=2.2.0 in /opt/stack/data/venv/lib/python3.12/site-packages (from rich>=15.0.0->cmd2>=3.0.0->cliff>=2.8.0->python-barbicanclient>=5.5.0->castellan>=0.17.0->glance==33.0.0.0b3.dev42) (4.2.0)
Requirement already satisfied: pygments<3.0.0,>=2.13.0 in /opt/stack/data/venv/lib/python3.12/site-packages (from rich>=15.0.0->cmd2>=3.0.0->cliff>=2.8.0->python-barbicanclient>=5.5.0->castellan>=0.17.0->glance==33.0.0.0b3.dev42) (2.20.0)
Requirement already satisfied: mdurl~=0.1 in /usr/lib/python3/dist-packages (from markdown-it-py>=2.2.0->rich>=15.0.0->cmd2>=3.0.0->cliff>=2.8.0->python-barbicanclient>=5.5.0->castellan>=0.17.0->glance==33.0.0.0b3.dev42) (0.1.2)
Collecting networkx>=2.1.0 (from taskflow>=4.0.0->glance==33.0.0.0b3.dev42)
  Using cached networkx-3.6.1-py3-none-any.whl.metadata (6.8 kB)
Collecting automaton>=1.9.0 (from taskflow>=4.0.0->glance==33.0.0.0b3.dev42)
  Using cached automaton-3.4.0-py3-none-any.whl.metadata (2.3 kB)
Requirement already satisfied: tenacity>=6.0.0 in /opt/stack/data/venv/lib/python3.12/site-packages (from taskflow>=4.0.0->glance==33.0.0.0b3.dev42) (9.1.4)
Collecting pydot>=1.2.4 (from taskflow>=4.0.0->glance==33.0.0.0b3.dev42)
  Using cached pydot-4.0.1-py3-none-any.whl.metadata (11 kB)
Collecting simplegeneric (from WSME>=0.8.0->glance==33.0.0.0b3.dev42)
  Using cached simplegeneric-0.8.1-py3-none-any.whl
Collecting importlib_metadata>=4.4 (from WSME>=0.8.0->glance==33.0.0.0b3.dev42)
  Using cached importlib_metadata-9.0.0-py3-none-any.whl.metadata (4.5 kB)
Collecting zipp>=3.20 (from importlib_metadata>=4.4->WSME>=0.8.0->glance==33.0.0.0b3.dev42)
  Using cached zipp-4.1.0-py3-none-any.whl.metadata (3.6 kB)
Using cached castellan-5.8.0-py3-none-any.whl (104 kB)
Using cached cursive-0.3.0-py3-none-any.whl (44 kB)
Using cached httplib2-0.32.0-py3-none-any.whl (93 kB)
Using cached oslo_limit-2.12.0-py3-none-any.whl (24 kB)
Using cached openstacksdk-4.18.0-py3-none-any.whl (2.0 MB)
Using cached jmespath-1.1.0-py3-none-any.whl (20 kB)
Using cached jsonpatch-1.33-py2.py3-none-any.whl (12 kB)
Using cached jsonpointer-3.1.1-py3-none-any.whl (7.7 kB)
Using cached oslo_reports-3.9.0-py3-none-any.whl (54 kB)
Using cached cotyledon-2.2.0-py3-none-any.whl (28 kB)
Using cached platformdirs-4.11.3-py3-none-any.whl (23 kB)
Using cached python_barbicanclient-7.5.0-py3-none-any.whl (90 kB)
Using cached cliff-4.15.0-py3-none-any.whl (86 kB)
Using cached autopage-0.6.0-py3-none-any.whl (30 kB)
Using cached cmd2-4.2.0-py3-none-any.whl (193 kB)
Using cached prompt_toolkit-3.0.53-py3-none-any.whl (392 kB)
Using cached pyperclip-1.11.0-py3-none-any.whl (11 kB)
Using cached rich_argparse-1.8.0-py3-none-any.whl (25 kB)
Using cached taskflow-6.3.0-py3-none-any.whl (491 kB)
Using cached automaton-3.4.0-py3-none-any.whl (23 kB)
Using cached networkx-3.6.1-py3-none-any.whl (2.1 MB)
Using cached pydot-4.0.1-py3-none-any.whl (37 kB)
Using cached wsme-0.13.0-py3-none-any.whl (59 kB)
Using cached importlib_metadata-9.0.0-py3-none-any.whl (27 kB)
Using cached zipp-4.1.0-py3-none-any.whl (10 kB)
Using cached setproctitle-1.3.7-cp312-cp312-manylinux1_x86_64.manylinux_2_28_x86_64.manylinux_2_5_x86_64.whl (32 kB)
Building wheels for collected packages: glance
  Building editable for glance (pyproject.toml): started
  Building editable for glance (pyproject.toml): finished with status 'done'
  Created wheel for glance: filename=glance-33.0.0.0b3.dev42-0.editable-py3-none-any.whl size=9070 sha256=91070cdded8147be0b2c11665a569978f17eb96e9fdf64dc63d2766461850408
  Stored in directory: /tmp/pip-ephem-wheel-cache-gqt8uwxw/wheels/31/93/bf/c06e9c56745867b4722d11aae03416a994ddf0e859898c0382
Successfully built glance
Installing collected packages: simplegeneric, pyperclip, zipp, setproctitle, pydot, prompt-toolkit, platformdirs, networkx, jsonpointer, jmespath, httplib2, autopage, jsonpatch, importlib_metadata, cotyledon, automaton, WSME, rich-argparse, openstacksdk, cmd2, taskflow, oslo.reports, cliff, python-barbicanclient, oslo.limit, castellan, cursive, glance
  Attempting uninstall: pyperclip
    Found existing installation: pyperclip 1.8.2
    Not uninstalling pyperclip at /usr/lib/python3/dist-packages, outside environment /opt/stack/data/venv
    Can't uninstall 'pyperclip'. No files were found to uninstall.
  Attempting uninstall: zipp
    Found existing installation: zipp 1.0.0
    Not uninstalling zipp at /usr/lib/python3/dist-packages, outside environment /opt/stack/data/venv
    Can't uninstall 'zipp'. No files were found to uninstall.
  Attempting uninstall: platformdirs
    Found existing installation: platformdirs 4.2.0
    Not uninstalling platformdirs at /usr/lib/python3/dist-packages, outside environment /opt/stack/data/venv
    Can't uninstall 'platformdirs'. No files were found to uninstall.
  Attempting uninstall: jsonpointer
    Found existing installation: jsonpointer 2.0
    Not uninstalling jsonpointer at /usr/lib/python3/dist-packages, outside environment /opt/stack/data/venv
    Can't uninstall 'jsonpointer'. No files were found to uninstall.
  Attempting uninstall: jmespath
    Found existing installation: jmespath 1.0.1
    Not uninstalling jmespath at /usr/lib/python3/dist-packages, outside environment /opt/stack/data/venv
    Can't uninstall 'jmespath'. No files were found to uninstall.
  Attempting uninstall: httplib2
    Found existing installation: httplib2 0.20.4
    Not uninstalling httplib2 at /usr/lib/python3/dist-packages, outside environment /opt/stack/data/venv
    Can't uninstall 'httplib2'. No files were found to uninstall.
  Attempting uninstall: autopage
    Found existing installation: autopage 0.4.0
    Not uninstalling autopage at /usr/lib/python3/dist-packages, outside environment /opt/stack/data/venv
    Can't uninstall 'autopage'. No files were found to uninstall.
  Attempting uninstall: jsonpatch
    Found existing installation: jsonpatch 1.32
    Not uninstalling jsonpatch at /usr/lib/python3/dist-packages, outside environment /opt/stack/data/venv
    Can't uninstall 'jsonpatch'. No files were found to uninstall.
  Attempting uninstall: importlib_metadata
    Found existing installation: importlib-metadata 4.12.0
    Not uninstalling importlib-metadata at /usr/lib/python3/dist-packages, outside environment /opt/stack/data/venv
    Can't uninstall 'importlib-metadata'. No files were found to uninstall.
  Attempting uninstall: cmd2
    Found existing installation: cmd2 2.4.3+ds
    Not uninstalling cmd2 at /usr/lib/python3/dist-packages, outside environment /opt/stack/data/venv
    Can't uninstall 'cmd2'. No files were found to uninstall.
  Attempting uninstall: cliff
    Found existing installation: cliff 4.6.0
    Not uninstalling cliff at /usr/lib/python3/dist-packages, outside environment /opt/stack/data/venv
    Can't uninstall 'cliff'. No files were found to uninstall.

Successfully installed WSME-0.13.0 automaton-3.4.0 autopage-0.6.0 castellan-5.8.0 cliff-4.15.0 cmd2-4.2.0 cotyledon-2.2.0 cursive-0.3.0 glance-33.0.0.0b3.dev42 httplib2-0.32.0 importlib_metadata-9.0.0 jmespath-1.1.0 jsonpatch-1.33 jsonpointer-3.1.1 networkx-3.6.1 openstacksdk-4.18.0 oslo.limit-2.12.0 oslo.reports-3.9.0 platformdirs-4.11.3 prompt-toolkit-3.0.53 pydot-4.0.1 pyperclip-1.11.0 python-barbicanclient-7.5.0 rich-argparse-1.8.0 setproctitle-1.3.7 simplegeneric-0.8.1 taskflow-6.3.0 zipp-4.1.0
+ inc/python:pip_install:216               :   result=0
+ inc/python:pip_install:218               :   time_stop pip_install
+ functions-common:time_stop:2420          :   local name
+ functions-common:time_stop:2421          :   local end_time
+ functions-common:time_stop:2422          :   local elapsed_time
+ functions-common:time_stop:2423          :   local total
+ functions-common:time_stop:2424          :   local start_time
+ functions-common:time_stop:2426          :   name=pip_install
+ functions-common:time_stop:2427          :   start_time=1787877685331
+ functions-common:time_stop:2429          :   [[ -z 1787877685331 ]]
++ functions-common:time_stop:2432          :   date +%s%3N
+ functions-common:time_stop:2432          :   end_time=1787877698761
+ functions-common:time_stop:2433          :   elapsed_time=13430
+ functions-common:time_stop:2434          :   total=60995
+ functions-common:time_stop:2436          :   _TIME_START[$name]=
+ functions-common:time_stop:2437          :   _TIME_TOTAL[$name]=74425
+ inc/python:pip_install:219               :   return 0
+ inc/python:setup_package:466             :   [[ -e == \-\e ]]
+ inc/python:setup_package:466             :   [[ True == \F\a\l\s\e ]]
+ inc/python:_setup_package_with_constraints_edit:412 :   use_library_from_git /opt/stack/glance
+ inc/python:use_library_from_git:266      :   local name=/opt/stack/glance
+ inc/python:use_library_from_git:267      :   local enabled=1
+ inc/python:use_library_from_git:268      :   [[ os-brick = \A\L\L ]]
+ inc/python:use_library_from_git:268      :   [[ ,os-brick, =~ ,/opt/stack/glance, ]]
+ inc/python:use_library_from_git:269      :   return 1
+ lib/stack:stack_install_service:33       :   [[ False = True ]]
+ ./stack.sh:main:945                      :   configure_glance
+ lib/glance:configure_glance:350          :   sudo install -d -o slave /etc/glance /etc/glance/metadefs
+ lib/glance:configure_glance:353          :   local dburl
++ lib/glance:configure_glance:354          :   database_connection_url glance
++ lib/database:database_connection_url:134 :   local db=glance
++ lib/database:database_connection_url:135 :   database_connection_url_mysql glance
++ lib/databases/mysql:database_connection_url_mysql:251 :   local db=glance
++ lib/databases/mysql:database_connection_url_mysql:252 :   local plugin
++ lib/databases/mysql:database_connection_url_mysql:256 :   [[ True == \T\r\u\e ]]
++ lib/databases/mysql:database_connection_url_mysql:257 :   is_service_enabled mysql
++ functions-common:is_service_enabled:2076 :   return 0
++ lib/databases/mysql:database_connection_url_mysql:258 :   plugin='&plugin=dbcounter'
++ lib/databases/mysql:database_connection_url_mysql:262 :   echo 'mysql+pymysql://root:ossdbg1stack@127.0.0.1/glance?charset=utf8&plugin=dbcounter'
+ lib/glance:configure_glance:354          :   dburl='mysql+pymysql://root:ossdbg1stack@127.0.0.1/glance?charset=utf8&plugin=dbcounter'
+ lib/glance:configure_glance:356          :   iniset /etc/glance/glance-api.conf DEFAULT debug True
+ lib/glance:configure_glance:357          :   iniset /etc/glance/glance-api.conf database connection 'mysql+pymysql://root:ossdbg1stack@127.0.0.1/glance?charset=utf8&plugin=dbcounter'
+ lib/glance:configure_glance:358          :   iniset /etc/glance/glance-api.conf DEFAULT use_syslog False
+ lib/glance:configure_glance:359          :   iniset /etc/glance/glance-api.conf DEFAULT image_cache_dir /opt/stack/data/glance/cache/
+ lib/glance:configure_glance:360          :   iniset /etc/glance/glance-api.conf DEFAULT image_cache_driver centralized_db
+ lib/glance:configure_glance:361          :   iniset /etc/glance/glance-api.conf oslo_concurrency lock_path /opt/stack/data/glance/locks
+ lib/glance:configure_glance:362          :   iniset /etc/glance/glance-api.conf paste_deploy flavor keystone+cachemanagement
+ lib/glance:configure_glance:363          :   configure_keystone_authtoken_middleware /etc/glance/glance-api.conf glance
+ lib/keystone:configure_keystone_authtoken_middleware:413 :   local conf_file=/etc/glance/glance-api.conf
+ lib/keystone:configure_keystone_authtoken_middleware:414 :   local admin_user=glance
+ lib/keystone:configure_keystone_authtoken_middleware:415 :   local section=keystone_authtoken
+ lib/keystone:configure_keystone_authtoken_middleware:416 :   local service_type=
+ lib/keystone:configure_keystone_authtoken_middleware:418 :   configure_keystoneauth /etc/glance/glance-api.conf glance keystone_authtoken
+ lib/keystone:configure_keystoneauth:391  :   local conf_file=/etc/glance/glance-api.conf
+ lib/keystone:configure_keystoneauth:392  :   local admin_user=glance
+ lib/keystone:configure_keystoneauth:393  :   local section=keystone_authtoken
+ lib/keystone:configure_keystoneauth:395  :   iniset /etc/glance/glance-api.conf keystone_authtoken auth_type password
+ lib/keystone:configure_keystoneauth:396  :   iniset /etc/glance/glance-api.conf keystone_authtoken interface public
+ lib/keystone:configure_keystoneauth:397  :   iniset /etc/glance/glance-api.conf keystone_authtoken auth_url http://172.21.16.48/identity
+ lib/keystone:configure_keystoneauth:398  :   iniset /etc/glance/glance-api.conf keystone_authtoken username glance
+ lib/keystone:configure_keystoneauth:399  :   iniset /etc/glance/glance-api.conf keystone_authtoken password ossdbg1stack
+ lib/keystone:configure_keystoneauth:400  :   iniset /etc/glance/glance-api.conf keystone_authtoken user_domain_name Default
+ lib/keystone:configure_keystoneauth:401  :   iniset /etc/glance/glance-api.conf keystone_authtoken project_name service
+ lib/keystone:configure_keystoneauth:402  :   iniset /etc/glance/glance-api.conf keystone_authtoken project_domain_name Default
+ lib/keystone:configure_keystone_authtoken_middleware:419 :   iniset /etc/glance/glance-api.conf keystone_authtoken www_authenticate_uri http://172.21.16.48/identity
+ lib/keystone:configure_keystone_authtoken_middleware:420 :   iniset /etc/glance/glance-api.conf keystone_authtoken cafile /opt/stack/data/ca-bundle.pem
+ lib/keystone:configure_keystone_authtoken_middleware:421 :   iniset /etc/glance/glance-api.conf keystone_authtoken memcached_servers localhost:11211
+ lib/keystone:configure_keystone_authtoken_middleware:422 :   [[ -n '' ]]
+ lib/glance:configure_glance:364          :   iniset /etc/glance/glance-api.conf oslo_messaging_notifications driver messagingv2
+ lib/glance:configure_glance:365          :   iniset_rpc_backend glance /etc/glance/glance-api.conf
+ lib/rpc_backend:iniset_rpc_backend:144   :   local package=glance
+ lib/rpc_backend:iniset_rpc_backend:145   :   local file=/etc/glance/glance-api.conf
+ lib/rpc_backend:iniset_rpc_backend:146   :   local section=DEFAULT
+ lib/rpc_backend:iniset_rpc_backend:147   :   local virtual_host=
+ lib/rpc_backend:iniset_rpc_backend:148   :   is_service_enabled rabbit
+ functions-common:is_service_enabled:2076 :   return 0
++ lib/rpc_backend:iniset_rpc_backend:149   :   get_transport_url ''
++ lib/rpc_backend:get_transport_url:126    :   local virtual_host=
++ lib/rpc_backend:get_transport_url:127    :   is_service_enabled rabbit
++ functions-common:is_service_enabled:2076 :   return 0
++ lib/rpc_backend:get_transport_url:128    :   echo rabbit://stackrabbit:ossdbg1stack@172.21.16.48:5672/
+ lib/rpc_backend:iniset_rpc_backend:149   :   iniset /etc/glance/glance-api.conf DEFAULT transport_url rabbit://stackrabbit:ossdbg1stack@172.21.16.48:5672/
+ lib/rpc_backend:iniset_rpc_backend:150   :   '[' -n '' ']'
+ lib/rpc_backend:iniset_rpc_backend:153   :   '[' -n '' ']'
+ lib/glance:configure_glance:366          :   '[' libvirt = libvirt ']'
+ lib/glance:configure_glance:366          :   '[' kvm = parallels ']'
+ lib/glance:configure_glance:370          :   iniset /etc/glance/glance-api.conf DEFAULT show_image_direct_url False
+ lib/glance:configure_glance:371          :   iniset /etc/glance/glance-api.conf DEFAULT show_multiple_locations False
+ lib/glance:configure_glance:372          :   iniset /etc/glance/glance-api.conf image_format require_image_format_match True
+ lib/glance:configure_glance:375          :   configure_glance_store False False
+ lib/glance:configure_glance_store:280    :   local use_cinder_for_glance=False
+ lib/glance:configure_glance_store:281    :   local glance_enable_multiple_stores=False
+ lib/glance:configure_glance_store:282    :   local be
+ lib/glance:configure_glance_store:284    :   [[ False == \F\a\l\s\e ]]
+ lib/glance:configure_glance_store:285    :   [[ False == \T\r\u\e ]]
+ lib/glance:configure_glance_store:302    :   iniset /etc/glance/glance-api.conf glance_store filesystem_store_datadir /opt/stack/data/glance/images/
+ lib/glance:configure_glance:378          :   '[' -n '' ']'
+ lib/glance:configure_glance:381          :   iniset /etc/glance/glance-api.conf cors allowed_origin http://172.21.16.48
+ lib/glance:configure_glance:385          :   [[ False == \F\a\l\s\e ]]
+ lib/glance:configure_glance:387          :   [[ False == \T\r\u\e ]]
+ lib/glance:configure_glance:393          :   is_service_enabled s-proxy
+ functions-common:is_service_enabled:2076 :   return 1
+ lib/glance:configure_glance:422          :   iniset /etc/glance/glance-api.conf DEFAULT public_endpoint http://172.21.16.48/image
+ lib/glance:configure_glance:424          :   is_service_enabled tls-proxy
+ functions-common:is_service_enabled:2076 :   return 1
+ lib/glance:configure_glance:430          :   setup_logging /etc/glance/glance-api.conf
+ functions:setup_logging:693              :   setup_systemd_logging /etc/glance/glance-api.conf
+ functions:setup_systemd_logging:710      :   local conf_file=/etc/glance/glance-api.conf
++ functions:setup_systemd_logging:715      :   trueorfalse False USE_JOURNAL
+ functions:setup_systemd_logging:715      :   USE_JOURNAL=False
+ functions:setup_systemd_logging:716      :   local pidstr=
+ functions:setup_systemd_logging:717      :   [[ False == \T\r\u\e ]]
+ functions:setup_systemd_logging:721      :   pidstr='(pid=%(process)d) '
+ functions:setup_systemd_logging:723      :   iniset /etc/glance/glance-api.conf DEFAULT logging_debug_format_suffix '[00;33m{{(pid=%(process)d) %(funcName)s %(pathname)s:%(lineno)d}}[00m'
+ functions:setup_systemd_logging:725      :   iniset /etc/glance/glance-api.conf DEFAULT logging_context_format_string '%(color)s%(levelname)s %(name)s [[01;36m%(global_request_id)s %(request_id)s [00;36m%(project_name)s %(user_name)s%(color)s] [01;35m%(instance)s%(color)s%(message)s[00m'
+ functions:setup_systemd_logging:726      :   iniset /etc/glance/glance-api.conf DEFAULT logging_default_format_string '%(color)s%(levelname)s %(name)s [[00;36m-%(color)s] [01;35m%(instance)s%(color)s%(message)s[00m'
+ functions:setup_systemd_logging:727      :   iniset /etc/glance/glance-api.conf DEFAULT logging_exception_prefix 'ERROR %(name)s [01;35m%(instance)s[00m'
+ functions:setup_systemd_logging:730      :   iniset /etc/glance/glance-api.conf DEFAULT log_color False
+ lib/glance:configure_glance:432          :   cp -p /opt/stack/glance/etc/glance-api-paste.ini /etc/glance/glance-api-paste.ini
+ lib/glance:configure_glance:435          :   iniset /etc/glance/glance-cache.conf DEFAULT debug True
+ lib/glance:configure_glance:436          :   iniset /etc/glance/glance-cache.conf DEFAULT use_syslog False
+ lib/glance:configure_glance:437          :   iniset /etc/glance/glance-cache.conf DEFAULT image_cache_dir /opt/stack/data/glance/cache/
+ lib/glance:configure_glance:438          :   iniset /etc/glance/glance-cache.conf DEFAULT image_cache_driver centralized_db
+ lib/glance:configure_glance:441          :   iniset /etc/glance/glance-cache.conf glance_store filesystem_store_datadir /opt/stack/data/glance/images/
+ lib/glance:configure_glance:444          :   iniset /etc/glance/glance-image-import.conf image_import_opts image_import_plugins '[]'
+ lib/glance:configure_glance:445          :   iniset /etc/glance/glance-image-import.conf inject_metadata_properties ignore_user_roles admin
+ lib/glance:configure_glance:446          :   iniset /etc/glance/glance-image-import.conf inject_metadata_properties inject
+ lib/glance:configure_glance:448          :   cp -p /opt/stack/glance/etc/schema-image.json /etc/glance/schema-image.json
+ lib/glance:configure_glance:449          :   cp -p /opt/stack/glance/etc/metadefs/cim-processor-allocation-setting-data.json /opt/stack/glance/etc/metadefs/cim-resource-allocation-setting-data.json /opt/stack/glance/etc/metadefs/cim-storage-allocation-setting-data.json /opt/stack/glance/etc/metadefs/cim-virtual-system-setting-data.json /opt/stack/glance/etc/metadefs/compute-aggr-disk-filter.json /opt/stack/glance/etc/metadefs/compute-aggr-iops-filter.json /opt/stack/glance/etc/metadefs/compute-aggr-num-instances.json /opt/stack/glance/etc/metadefs/compute-cpu-pinning.json /opt/stack/glance/etc/metadefs/compute-guest-memory-backing.json /opt/stack/glance/etc/metadefs/compute-guest-shutdown.json /opt/stack/glance/etc/metadefs/compute-host-capabilities.json /opt/stack/glance/etc/metadefs/compute-hypervisor.json /opt/stack/glance/etc/metadefs/compute-instance-data.json /opt/stack/glance/etc/metadefs/compute-libvirt-image.json /opt/stack/glance/etc/metadefs/compute-libvirt.json /opt/stack/glance/etc/metadefs/compute-quota.json /opt/stack/glance/etc/metadefs/compute-randomgen.json /opt/stack/glance/etc/metadefs/compute-vcputopology.json /opt/stack/glance/etc/metadefs/compute-vmware-flavor.json /opt/stack/glance/etc/metadefs/compute-vmware.json /opt/stack/glance/etc/metadefs/compute-vmware-quota-flavor.json /opt/stack/glance/etc/metadefs/compute-vtpm-hw.json /opt/stack/glance/etc/metadefs/compute-vtpm.json /opt/stack/glance/etc/metadefs/compute-watchdog.json /opt/stack/glance/etc/metadefs/compute-xenapi.json /opt/stack/glance/etc/metadefs/glance-common-image-props.json /opt/stack/glance/etc/metadefs/image-signature-verification.json /opt/stack/glance/etc/metadefs/operating-system.json /opt/stack/glance/etc/metadefs/software-databases.json /opt/stack/glance/etc/metadefs/software-runtimes.json /opt/stack/glance/etc/metadefs/software-webservers.json /opt/stack/glance/etc/metadefs/storage-volume-type.json /etc/glance/metadefs
+ lib/glance:configure_glance:451          :   is_service_enabled tls-proxy
+ functions-common:is_service_enabled:2076 :   return 1
+ lib/glance:configure_glance:459          :   write_local_uwsgi_http_config /etc/glance/glance-uwsgi.ini glance.wsgi.api:application /image glance-api
+ lib/apache:write_local_uwsgi_http_config:319 :   local conf=/etc/glance/glance-uwsgi.ini
+ lib/apache:write_local_uwsgi_http_config:320 :   local wsgi=glance.wsgi.api:application
+ lib/apache:write_local_uwsgi_http_config:321 :   local url=/image
+ lib/apache:write_local_uwsgi_http_config:322 :   local name=glance-api
+ lib/apache:write_local_uwsgi_http_config:324 :   '[' -z glance-api ']'
+ lib/apache:write_local_uwsgi_http_config:332 :   rm -rf /etc/glance/glance-uwsgi.ini
+ lib/apache:write_local_uwsgi_http_config:335 :   [[ glance.wsgi.api:application =~ ^[a-zA-Z0-9_.]+:[a-zA-Z0-9_]+$ ]]
+ lib/apache:write_local_uwsgi_http_config:336 :   iniset /etc/glance/glance-uwsgi.ini uwsgi module glance.wsgi.api:application
++ lib/apache:write_local_uwsgi_http_config:341 :   get_random_port
++ functions:get_random_port:860            :   read lower_port upper_port
++ functions:get_random_port:861            :   true
++ functions:get_random_port:862            :   (( port = upper_port  ))
++ functions:get_random_port:862            :   (( port >= lower_port  ))
++ functions:get_random_port:863            :   sudo lsof -i :60999
++ functions:get_random_port:864            :   [[ 1 > 0 ]]
++ functions:get_random_port:865            :   break 2
++ functions:get_random_port:869            :   echo 60999
+ lib/apache:write_local_uwsgi_http_config:341 :   port=60999
+ lib/apache:write_local_uwsgi_http_config:342 :   iniset /etc/glance/glance-uwsgi.ini uwsgi http-socket 127.0.0.1:60999
+ lib/apache:write_local_uwsgi_http_config:343 :   iniset /etc/glance/glance-uwsgi.ini uwsgi processes 10
+ lib/apache:write_local_uwsgi_http_config:345 :   iniset /etc/glance/glance-uwsgi.ini uwsgi master true
+ lib/apache:write_local_uwsgi_http_config:347 :   iniset /etc/glance/glance-uwsgi.ini uwsgi die-on-term true
+ lib/apache:write_local_uwsgi_http_config:348 :   iniset /etc/glance/glance-uwsgi.ini uwsgi exit-on-reload false
+ lib/apache:write_local_uwsgi_http_config:351 :   iniset /etc/glance/glance-uwsgi.ini uwsgi worker-reload-mercy 80
+ lib/apache:write_local_uwsgi_http_config:352 :   iniset /etc/glance/glance-uwsgi.ini uwsgi enable-threads true
+ lib/apache:write_local_uwsgi_http_config:353 :   iniset /etc/glance/glance-uwsgi.ini uwsgi plugins http,python3
+ lib/apache:write_local_uwsgi_http_config:355 :   iniset /etc/glance/glance-uwsgi.ini uwsgi thunder-lock true
+ lib/apache:write_local_uwsgi_http_config:357 :   iniset /etc/glance/glance-uwsgi.ini uwsgi hook-master-start 'unix_signal:15 gracefully_kill_them_all'
+ lib/apache:write_local_uwsgi_http_config:359 :   iniset /etc/glance/glance-uwsgi.ini uwsgi buffer-size 65535
+ lib/apache:write_local_uwsgi_http_config:361 :   iniset /etc/glance/glance-uwsgi.ini uwsgi add-header 'Connection: close'
+ lib/apache:write_local_uwsgi_http_config:363 :   iniset /etc/glance/glance-uwsgi.ini uwsgi lazy-apps true
+ lib/apache:write_local_uwsgi_http_config:364 :   iniset /etc/glance/glance-uwsgi.ini uwsgi chmod-socket 666
+ lib/apache:write_local_uwsgi_http_config:365 :   iniset /etc/glance/glance-uwsgi.ini uwsgi http-raw-body true
+ lib/apache:write_local_uwsgi_http_config:366 :   iniset /etc/glance/glance-uwsgi.ini uwsgi http-chunked-input true
+ lib/apache:write_local_uwsgi_http_config:367 :   iniset /etc/glance/glance-uwsgi.ini uwsgi http-auto-chunked true
+ lib/apache:write_local_uwsgi_http_config:368 :   iniset /etc/glance/glance-uwsgi.ini uwsgi http-keepalive false
+ lib/apache:write_local_uwsgi_http_config:370 :   iniset /etc/glance/glance-uwsgi.ini uwsgi socket-timeout 30
+ lib/apache:write_local_uwsgi_http_config:372 :   iniset /etc/glance/glance-uwsgi.ini uwsgi start-time %t
+ lib/apache:write_local_uwsgi_http_config:374 :   enable_apache_mod proxy
+ lib/apache:enable_apache_mod:55          :   local mod=proxy
+ lib/apache:enable_apache_mod:56          :   local should_restart=
+ lib/apache:enable_apache_mod:58          :   is_ubuntu
+ functions-common:is_ubuntu:546           :   [[ -z deb ]]
+ functions-common:is_ubuntu:549           :   '[' deb = deb ']'
+ lib/apache:enable_apache_mod:61          :   [[ proxy != \v\e\r\s\i\o\n ]]
+ lib/apache:enable_apache_mod:61          :   a2query -m proxy
proxy (enabled by site administrator)
+ lib/apache:write_local_uwsgi_http_config:375 :   enable_apache_mod proxy_http
+ lib/apache:enable_apache_mod:55          :   local mod=proxy_http
+ lib/apache:enable_apache_mod:56          :   local should_restart=
+ lib/apache:enable_apache_mod:58          :   is_ubuntu
+ functions-common:is_ubuntu:546           :   [[ -z deb ]]
+ functions-common:is_ubuntu:549           :   '[' deb = deb ']'
+ lib/apache:enable_apache_mod:61          :   [[ proxy_http != \v\e\r\s\i\o\n ]]
+ lib/apache:enable_apache_mod:61          :   a2query -m proxy_http
proxy_http (enabled by site administrator)
+ lib/apache:write_local_uwsgi_http_config:376 :   local apache_conf=
++ lib/apache:write_local_uwsgi_http_config:377 :   apache_site_config_for glance-api
++ lib/apache:apache_site_config_for:174    :   local site=glance-api
++ lib/apache:apache_site_config_for:175    :   is_ubuntu
++ functions-common:is_ubuntu:546           :   [[ -z deb ]]
++ functions-common:is_ubuntu:549           :   '[' deb = deb ']'
++ lib/apache:apache_site_config_for:177    :   echo /etc/apache2/sites-available/glance-api.conf
+ lib/apache:write_local_uwsgi_http_config:377 :   apache_conf=/etc/apache2/sites-available/glance-api.conf
+ lib/apache:write_local_uwsgi_http_config:378 :   echo 'KeepAlive Off'
+ lib/apache:write_local_uwsgi_http_config:378 :   sudo tee /etc/apache2/sites-available/glance-api.conf
KeepAlive Off
+ lib/apache:write_local_uwsgi_http_config:379 :   echo 'SetEnv proxy-sendchunked 1'
+ lib/apache:write_local_uwsgi_http_config:379 :   sudo tee -a /etc/apache2/sites-available/glance-api.conf
SetEnv proxy-sendchunked 1
+ lib/apache:write_local_uwsgi_http_config:380 :   echo 'ProxyPass "/image" "http://127.0.0.1:60999" retry=0 acquire=1 '
+ lib/apache:write_local_uwsgi_http_config:380 :   sudo tee -a /etc/apache2/sites-available/glance-api.conf
ProxyPass "/image" "http://127.0.0.1:60999" retry=0 acquire=1 
+ lib/apache:write_local_uwsgi_http_config:381 :   enable_apache_site glance-api
+ lib/apache:enable_apache_site:191        :   local site=glance-api
+ lib/apache:enable_apache_site:193        :   enable_apache_mod version
+ lib/apache:enable_apache_mod:55          :   local mod=version
+ lib/apache:enable_apache_mod:56          :   local should_restart=
+ lib/apache:enable_apache_mod:58          :   is_ubuntu
+ functions-common:is_ubuntu:546           :   [[ -z deb ]]
+ functions-common:is_ubuntu:549           :   '[' deb = deb ']'
+ lib/apache:enable_apache_mod:61          :   [[ version != \v\e\r\s\i\o\n ]]
+ lib/apache:enable_apache_site:194        :   is_ubuntu
+ functions-common:is_ubuntu:546           :   [[ -z deb ]]
+ functions-common:is_ubuntu:549           :   '[' deb = deb ']'
+ lib/apache:enable_apache_site:195        :   sudo a2ensite glance-api
Site glance-api already enabled
+ lib/apache:write_local_uwsgi_http_config:382 :   restart_apache_server
+ lib/apache:restart_apache_server:238     :   restart_service apache2
+ functions-common:restart_service:2304    :   '[' -x /bin/systemctl ']'
+ functions-common:restart_service:2305    :   sudo /bin/systemctl restart apache2
++ lib/glance:configure_glance:463          :   awk '-F= ' '/^http-socket/ { print "http://"$2}' /etc/glance/glance-uwsgi.ini
+ lib/glance:configure_glance:463          :   iniset /etc/glance/glance-api.conf DEFAULT worker_self_reference_url http://127.0.0.1:60999
+ lib/glance:configure_glance:467          :   iniset /etc/glance/glance-api.conf wsgi python_interpreter /opt/stack/data/venv/bin/python3
+ lib/glance:configure_glance:469          :   [[ True == True ]]
+ lib/glance:configure_glance:470          :   iniset /etc/glance/glance-api.conf oslo_policy enforce_new_defaults true
+ lib/glance:configure_glance:471          :   iniset /etc/glance/glance-api.conf DEFAULT enforce_secure_rbac true
+ ./stack.sh:main:948                      :   is_service_enabled cinder
+ functions-common:is_service_enabled:2076 :   return 0
+ ./stack.sh:main:950                      :   stack_install_service cinder
+ lib/stack:stack_install_service:20       :   local service=cinder
+ lib/stack:stack_install_service:21       :   type install_cinder
+ lib/stack:stack_install_service:23       :   [[ False = True ]]
+ lib/stack:stack_install_service:32       :   install_cinder
+ lib/cinder:install_cinder:539            :   git_clone https://opendev.org/openstack/cinder.git /opt/stack/cinder refs/changes/07/969207/55
+ functions-common:git_clone:589           :   local git_remote=https://opendev.org/openstack/cinder.git
+ functions-common:git_clone:590           :   local git_dest=/opt/stack/cinder
+ functions-common:git_clone:591           :   local git_ref=refs/changes/07/969207/55
+ functions-common:git_clone:592           :   local orig_dir
++ functions-common:git_clone:593           :   pwd
+ functions-common:git_clone:593           :   orig_dir=/home/slave/devstack
+ functions-common:git_clone:594           :   local git_clone_flags=
++ functions-common:git_clone:596           :   trueorfalse False RECLONE
+ functions-common:git_clone:596           :   RECLONE=False
+ functions-common:git_clone:597           :   [[ 0 -gt 0 ]]
+ functions-common:git_clone:601           :   [[ False = \T\r\u\e ]]
+ functions-common:git_clone:610           :   echo refs/changes/07/969207/55
+ functions-common:git_clone:610           :   egrep -q '^refs'
+ functions-common:git_clone:612           :   [[ ! -d /opt/stack/cinder ]]
+ functions-common:git_clone:620           :   cd /opt/stack/cinder
+ functions-common:git_clone:621           :   git_timed fetch https://opendev.org/openstack/cinder.git refs/changes/07/969207/55
+ functions-common:git_timed:697           :   local count=0
+ functions-common:git_timed:698           :   local timeout=0
+ functions-common:git_timed:700           :   [[ -n 0 ]]
+ functions-common:git_timed:701           :   timeout=0
+ functions-common:git_timed:704           :   time_start git_timed
+ functions-common:time_start:2406         :   local name=git_timed
+ functions-common:time_start:2407         :   local start_time=
+ functions-common:time_start:2408         :   [[ -n '' ]]
++ functions-common:time_start:2411         :   date +%s%3N
+ functions-common:time_start:2411         :   _TIME_START[$name]=1787877701380
+ functions-common:git_timed:705           :   timeout -s SIGINT 0 git fetch https://opendev.org/openstack/cinder.git refs/changes/07/969207/55
From https://opendev.org/openstack/cinder
 * branch                refs/changes/07/969207/55 -> FETCH_HEAD
+ functions-common:git_timed:719           :   time_stop git_timed
+ functions-common:time_stop:2420          :   local name
+ functions-common:time_stop:2421          :   local end_time
+ functions-common:time_stop:2422          :   local elapsed_time
+ functions-common:time_stop:2423          :   local total
+ functions-common:time_stop:2424          :   local start_time
+ functions-common:time_stop:2426          :   name=git_timed
+ functions-common:time_stop:2427          :   start_time=1787877701380
+ functions-common:time_stop:2429          :   [[ -z 1787877701380 ]]
++ functions-common:time_stop:2432          :   date +%s%3N
+ functions-common:time_stop:2432          :   end_time=1787877704556
+ functions-common:time_stop:2433          :   elapsed_time=3176
+ functions-common:time_stop:2434          :   total=0
+ functions-common:time_stop:2436          :   _TIME_START[$name]=
+ functions-common:time_stop:2437          :   _TIME_TOTAL[$name]=3176
+ functions-common:git_clone:621           :   git checkout FETCH_HEAD
Warning: you are leaving 1 commit behind, not connected to
any of your branches:

  ef53eaefc Support zte vstorage driver

If you want to keep it by creating a new branch, this may be a good time
to do so with:

 git branch <new-branch-name> ef53eaefc

HEAD is now at 6a18b4d95 Support zte vstorage driver
+ functions-common:git_clone:669           :   sudo git config --system --add safe.directory /opt/stack/cinder
+ functions-common:git_clone:672           :   cd /opt/stack/cinder
+ functions-common:git_clone:673           :   git show --oneline
+ functions-common:git_clone:673           :   head -1
6a18b4d95 Support zte vstorage driver
+ functions-common:git_clone:674           :   cd /home/slave/devstack
+ lib/cinder:install_cinder:540            :   setup_develop /opt/stack/cinder
+ inc/python:setup_develop:353             :   local bindep
+ inc/python:setup_develop:354             :   [[ /opt/stack/cinder == -bindep* ]]
+ inc/python:setup_develop:358             :   local project_dir=/opt/stack/cinder
+ inc/python:setup_develop:359             :   local extras=
+ inc/python:setup_develop:360             :   _setup_package_with_constraints_edit /opt/stack/cinder -e
+ inc/python:_setup_package_with_constraints_edit:379 :   local bindep
+ inc/python:_setup_package_with_constraints_edit:380 :   [[ /opt/stack/cinder == -bindep* ]]
+ inc/python:_setup_package_with_constraints_edit:384 :   local project_dir=/opt/stack/cinder
+ inc/python:_setup_package_with_constraints_edit:385 :   local flags=-e
+ inc/python:_setup_package_with_constraints_edit:386 :   local extras=
++ inc/python:_setup_package_with_constraints_edit:393 :   cd /opt/stack/cinder
++ inc/python:_setup_package_with_constraints_edit:393 :   pwd
+ inc/python:_setup_package_with_constraints_edit:393 :   project_dir=/opt/stack/cinder
+ inc/python:_setup_package_with_constraints_edit:395 :   '[' -n /opt/stack/requirements ']'
+ inc/python:_setup_package_with_constraints_edit:399 :   local name
++ inc/python:_setup_package_with_constraints_edit:400 :   awk '/^name.*=/ {print $3}' /opt/stack/cinder/setup.cfg
+ inc/python:_setup_package_with_constraints_edit:400 :   name=cinder
+ inc/python:_setup_package_with_constraints_edit:401 :   '[' -z cinder ']'
+ inc/python:_setup_package_with_constraints_edit:405 :   /opt/stack/requirements/.venv/bin/edit-constraints /opt/stack/requirements/upper-constraints.txt -- cinder
+ inc/python:_setup_package_with_constraints_edit:408 :   setup_package /opt/stack/cinder -e
+ inc/python:setup_package:436             :   local bindep=0
+ inc/python:setup_package:437             :   local bindep_flag=
+ inc/python:setup_package:438             :   local bindep_profiles=
+ inc/python:setup_package:439             :   [[ /opt/stack/cinder == -bindep* ]]
+ inc/python:setup_package:444             :   local project_dir=/opt/stack/cinder
+ inc/python:setup_package:445             :   local flags=-e
+ inc/python:setup_package:446             :   local extras=
+ inc/python:setup_package:450             :   [[ -n -e ]]
+ inc/python:setup_package:450             :   [[ -z '' ]]
+ inc/python:setup_package:450             :   [[ ! -e =~ ^-.* ]]
+ inc/python:setup_package:455             :   [[ ! -z '' ]]
+ inc/python:setup_package:460             :   [[ 0 == 1 ]]
+ inc/python:setup_package:464             :   pip_install -e /opt/stack/cinder
Using python 3.12 to install /opt/stack/cinder
+ inc/python:pip_install:210               :   env http_proxy= https_proxy= no_proxy= PIP_FIND_LINKS= /opt/stack/data/venv/bin/pip install -c /opt/stack/requirements/upper-constraints.txt -e /opt/stack/cinder
Obtaining file:///opt/stack/cinder
  Installing build dependencies: started
  Installing build dependencies: finished with status 'done'
  Checking if build backend supports build_editable: started
  Checking if build backend supports build_editable: finished with status 'done'
  Getting requirements to build editable: started
  Getting requirements to build editable: finished with status 'done'
  Preparing editable metadata (pyproject.toml): started
  Preparing editable metadata (pyproject.toml): finished with status 'done'
Requirement already satisfied: pbr>=5.8.0 in /opt/stack/data/venv/lib/python3.12/site-packages (from cinder==28.1.0.dev277) (7.0.3)
Requirement already satisfied: decorator>=4.4.2 in /opt/stack/data/venv/lib/python3.12/site-packages (from cinder==28.1.0.dev277) (5.3.1)
Requirement already satisfied: eventlet!=0.32.0,>=0.30.1 in /opt/stack/data/venv/lib/python3.12/site-packages (from cinder==28.1.0.dev277) (0.41.2)
Requirement already satisfied: futurist>=3.2.1 in /opt/stack/data/venv/lib/python3.12/site-packages (from cinder==28.1.0.dev277) (3.5.0)
Requirement already satisfied: greenlet>=0.4.16 in /opt/stack/data/venv/lib/python3.12/site-packages (from cinder==28.1.0.dev277) (3.5.5)
Requirement already satisfied: iso8601>=0.1.12 in /opt/stack/data/venv/lib/python3.12/site-packages (from cinder==28.1.0.dev277) (2.1.0)
Requirement already satisfied: jsonschema>=3.2.0 in /opt/stack/data/venv/lib/python3.12/site-packages (from cinder==28.1.0.dev277) (4.26.0)
Requirement already satisfied: keystoneauth1>=4.2.1 in /opt/stack/data/venv/lib/python3.12/site-packages (from cinder==28.1.0.dev277) (5.15.0)
Requirement already satisfied: keystonemiddleware>=9.1.0 in /opt/stack/data/venv/lib/python3.12/site-packages (from cinder==28.1.0.dev277) (13.0.0)
Collecting lxml>=4.5.2 (from cinder==28.1.0.dev277)
  Using cached lxml-6.1.1-cp312-cp312-manylinux_2_26_x86_64.manylinux_2_28_x86_64.whl.metadata (3.5 kB)
Requirement already satisfied: oslo.config>=10.7.0 in /opt/stack/data/venv/lib/python3.12/site-packages (from cinder==28.1.0.dev277) (10.7.0)
Requirement already satisfied: oslo.concurrency>=4.5.0 in /opt/stack/data/venv/lib/python3.12/site-packages (from cinder==28.1.0.dev277) (7.6.1)
Requirement already satisfied: oslo.context>=3.4.0 in /opt/stack/data/venv/lib/python3.12/site-packages (from cinder==28.1.0.dev277) (6.5.0)
Requirement already satisfied: oslo.db>=11.0.0 in /opt/stack/data/venv/lib/python3.12/site-packages (from cinder==28.1.0.dev277) (18.1.0)
Requirement already satisfied: oslo.log>=4.6.1 in /opt/stack/data/venv/lib/python3.12/site-packages (from cinder==28.1.0.dev277) (8.3.0)
Requirement already satisfied: oslo.messaging>=14.6.0 in /opt/stack/data/venv/lib/python3.12/site-packages (from cinder==28.1.0.dev277) (18.2.0)
Requirement already satisfied: oslo.middleware>=4.1.1 in /opt/stack/data/venv/lib/python3.12/site-packages (from cinder==28.1.0.dev277) (8.2.0)
Requirement already satisfied: oslo.policy>=5.0.0 in /opt/stack/data/venv/lib/python3.12/site-packages (from cinder==28.1.0.dev277) (6.0.0)
Requirement already satisfied: oslo.privsep>=2.6.2 in /opt/stack/data/venv/lib/python3.12/site-packages (from cinder==28.1.0.dev277) (3.12.0)
Requirement already satisfied: oslo.reports>=3.2.0 in /opt/stack/data/venv/lib/python3.12/site-packages (from cinder==28.1.0.dev277) (3.9.0)
Requirement already satisfied: oslo.rootwrap>=6.2.0 in /opt/stack/data/venv/lib/python3.12/site-packages (from cinder==28.1.0.dev277) (7.10.0)
Requirement already satisfied: oslo.serialization>=4.2.0 in /opt/stack/data/venv/lib/python3.12/site-packages (from cinder==28.1.0.dev277) (5.11.0)
Requirement already satisfied: oslo.service>=4.5.0 in /opt/stack/data/venv/lib/python3.12/site-packages (from cinder==28.1.0.dev277) (4.8.0)
Requirement already satisfied: oslo.upgradecheck>=1.1.1 in /opt/stack/data/venv/lib/python3.12/site-packages (from cinder==28.1.0.dev277) (2.8.0)
Requirement already satisfied: oslo.utils>=6.0.0 in /opt/stack/data/venv/lib/python3.12/site-packages (from cinder==28.1.0.dev277) (10.1.1)
Collecting oslo.versionedobjects>=2.4.0 (from cinder==28.1.0.dev277)
  Using cached oslo_versionedobjects-3.11.0-py3-none-any.whl.metadata (2.5 kB)
Requirement already satisfied: osprofiler>=3.4.0 in /opt/stack/data/venv/lib/python3.12/site-packages (from cinder==28.1.0.dev277) (4.4.0)
Requirement already satisfied: packaging>=20.9 in /opt/stack/data/venv/lib/python3.12/site-packages (from cinder==28.1.0.dev277) (26.3)
Collecting paramiko>=2.7.2 (from cinder==28.1.0.dev277)
  Using cached paramiko-4.0.0-py3-none-any.whl.metadata (3.9 kB)
Requirement already satisfied: Paste>=3.4.3 in /opt/stack/data/venv/lib/python3.12/site-packages (from cinder==28.1.0.dev277) (3.10.1)
Requirement already satisfied: PasteDeploy>=2.1.0 in /usr/lib/python3/dist-packages (from cinder==28.1.0.dev277) (3.1.0)
Requirement already satisfied: pyparsing>=3.0.0 in /opt/stack/data/venv/lib/python3.12/site-packages (from cinder==28.1.0.dev277) (3.3.2)
Requirement already satisfied: python-barbicanclient>=5.0.1 in /opt/stack/data/venv/lib/python3.12/site-packages (from cinder==28.1.0.dev277) (7.5.0)
Collecting python-glanceclient>=3.2.2 (from cinder==28.1.0.dev277)
  Using cached python_glanceclient-4.12.0-py3-none-any.whl.metadata (4.0 kB)
Requirement already satisfied: python-keystoneclient>=4.1.1 in /opt/stack/data/venv/lib/python3.12/site-packages (from cinder==28.1.0.dev277) (5.8.0)
Collecting python-novaclient>=18.2.0 (from cinder==28.1.0.dev277)
  Using cached python_novaclient-18.13.0-py3-none-any.whl.metadata (3.2 kB)
Requirement already satisfied: requests>=2.25.1 in /opt/stack/data/venv/lib/python3.12/site-packages (from cinder==28.1.0.dev277) (2.34.2)
Requirement already satisfied: urllib3>=2.3.0 in /opt/stack/data/venv/lib/python3.12/site-packages (from cinder==28.1.0.dev277) (2.7.0)
Requirement already satisfied: Routes>=2.4.1 in /usr/lib/python3/dist-packages (from cinder==28.1.0.dev277) (2.5.1)
Requirement already satisfied: taskflow>=4.5.0 in /opt/stack/data/venv/lib/python3.12/site-packages (from cinder==28.1.0.dev277) (6.3.0)
Collecting rtslib-fb>=2.1.74 (from cinder==28.1.0.dev277)
  Using cached rtslib_fb-2.2.4-py3-none-any.whl.metadata (2.4 kB)
Requirement already satisfied: SQLAlchemy>=1.4.23 in /opt/stack/data/venv/lib/python3.12/site-packages (from cinder==28.1.0.dev277) (2.0.52)
Requirement already satisfied: stevedore>=3.2.2 in /opt/stack/data/venv/lib/python3.12/site-packages (from cinder==28.1.0.dev277) (5.9.1)
Collecting tabulate>=0.8.7 (from cinder==28.1.0.dev277)
  Using cached tabulate-0.10.0-py3-none-any.whl.metadata (40 kB)
Requirement already satisfied: tenacity>=6.3.1 in /opt/stack/data/venv/lib/python3.12/site-packages (from cinder==28.1.0.dev277) (9.1.4)
Requirement already satisfied: WebOb>=1.8.6 in /opt/stack/data/venv/lib/python3.12/site-packages (from cinder==28.1.0.dev277) (1.8.11)
Requirement already satisfied: oslo.i18n>=5.1.0 in /opt/stack/data/venv/lib/python3.12/site-packages (from cinder==28.1.0.dev277) (6.9.0)
Collecting oslo.vmware>=3.10.0 (from cinder==28.1.0.dev277)
  Using cached oslo_vmware-4.10.0-py3-none-any.whl.metadata (2.2 kB)
Requirement already satisfied: os-brick>=6.10.0 in /opt/stack/data/venv/lib/python3.12/site-packages (from cinder==28.1.0.dev277) (7.1.1)
Collecting tooz>=2.8.0 (from cinder==28.1.0.dev277)
  Using cached tooz-9.0.1-py3-none-any.whl.metadata (2.8 kB)
Requirement already satisfied: castellan>=3.7.0 in /opt/stack/data/venv/lib/python3.12/site-packages (from cinder==28.1.0.dev277) (5.8.0)
Requirement already satisfied: cryptography>=3.1 in /opt/stack/data/venv/lib/python3.12/site-packages (from cinder==28.1.0.dev277) (43.0.3)
Requirement already satisfied: cursive>=0.2.2 in /opt/stack/data/venv/lib/python3.12/site-packages (from cinder==28.1.0.dev277) (0.3.0)
Collecting zstd>=1.5.0.0 (from cinder==28.1.0.dev277)
  Using cached zstd-1.5.7.2-cp312-cp312-manylinux_2_14_x86_64.whl.metadata (23 kB)
Requirement already satisfied: distro>=1.8.0 in /usr/lib/python3/dist-packages (from cinder==28.1.0.dev277) (1.9.0)
Requirement already satisfied: tzdata>=2022.4 in /opt/stack/data/venv/lib/python3.12/site-packages (from cinder==28.1.0.dev277) (2026.3)
Requirement already satisfied: cachetools>=4.2.1 in /opt/stack/data/venv/lib/python3.12/site-packages (from cinder==28.1.0.dev277) (7.1.7)
Requirement already satisfied: cffi>=1.12 in /opt/stack/data/venv/lib/python3.12/site-packages (from cryptography>=3.1->cinder==28.1.0.dev277) (2.1.1)
Requirement already satisfied: pycparser in /opt/stack/data/venv/lib/python3.12/site-packages (from cffi>=1.12->cryptography>=3.1->cinder==28.1.0.dev277) (3.0)
Requirement already satisfied: dnspython>=1.15.0 in /opt/stack/data/venv/lib/python3.12/site-packages (from eventlet!=0.32.0,>=0.30.1->cinder==28.1.0.dev277) (2.8.0)
Requirement already satisfied: debtcollector>=3.0.0 in /opt/stack/data/venv/lib/python3.12/site-packages (from futurist>=3.2.1->cinder==28.1.0.dev277) (3.1.0)
Requirement already satisfied: wrapt>=2.1.0 in /opt/stack/data/venv/lib/python3.12/site-packages (from debtcollector>=3.0.0->futurist>=3.2.1->cinder==28.1.0.dev277) (2.3.0)
Requirement already satisfied: attrs>=22.2.0 in /opt/stack/data/venv/lib/python3.12/site-packages (from jsonschema>=3.2.0->cinder==28.1.0.dev277) (26.1.0)
Requirement already satisfied: jsonschema-specifications>=2023.03.6 in /opt/stack/data/venv/lib/python3.12/site-packages (from jsonschema>=3.2.0->cinder==28.1.0.dev277) (2025.9.1)
Requirement already satisfied: referencing>=0.28.4 in /opt/stack/data/venv/lib/python3.12/site-packages (from jsonschema>=3.2.0->cinder==28.1.0.dev277) (0.37.0)
Requirement already satisfied: rpds-py>=0.25.0 in /opt/stack/data/venv/lib/python3.12/site-packages (from jsonschema>=3.2.0->cinder==28.1.0.dev277) (2026.6.3)
Requirement already satisfied: os-service-types>=1.2.0 in /opt/stack/data/venv/lib/python3.12/site-packages (from keystoneauth1>=4.2.1->cinder==28.1.0.dev277) (1.9.0)
Requirement already satisfied: typing-extensions>=4.12 in /opt/stack/data/venv/lib/python3.12/site-packages (from keystoneauth1>=4.2.1->cinder==28.1.0.dev277) (4.16.0)
Requirement already satisfied: oslo.cache>=3.11.0 in /opt/stack/data/venv/lib/python3.12/site-packages (from keystonemiddleware>=9.1.0->cinder==28.1.0.dev277) (4.3.0)
Requirement already satisfied: pycadf>=1.1.0 in /opt/stack/data/venv/lib/python3.12/site-packages (from keystonemiddleware>=9.1.0->cinder==28.1.0.dev277) (4.1.0)
Requirement already satisfied: PyJWT>=2.4.0 in /opt/stack/data/venv/lib/python3.12/site-packages (from keystonemiddleware>=9.1.0->cinder==28.1.0.dev277) (2.13.0)
Requirement already satisfied: psutil>=5.7.2 in /opt/stack/data/venv/lib/python3.12/site-packages (from os-brick>=6.10.0->cinder==28.1.0.dev277) (7.2.2)
Requirement already satisfied: dogpile.cache>=1.3.3 in /opt/stack/data/venv/lib/python3.12/site-packages (from oslo.cache>=3.11.0->keystonemiddleware>=9.1.0->cinder==28.1.0.dev277) (1.5.0)
Requirement already satisfied: fasteners>=0.7.0 in /opt/stack/data/venv/lib/python3.12/site-packages (from oslo.concurrency>=4.5.0->cinder==28.1.0.dev277) (0.20)
Requirement already satisfied: netaddr>=0.7.18 in /opt/stack/data/venv/lib/python3.12/site-packages (from oslo.config>=10.7.0->cinder==28.1.0.dev277) (1.3.0)
Requirement already satisfied: rfc3986>=1.2.0 in /usr/lib/python3/dist-packages (from oslo.config>=10.7.0->cinder==28.1.0.dev277) (2.0.0)
Requirement already satisfied: PyYAML>=5.1 in /opt/stack/data/venv/lib/python3.12/site-packages (from oslo.config>=10.7.0->cinder==28.1.0.dev277) (6.0.3)
Requirement already satisfied: alembic>=0.9.6 in /opt/stack/data/venv/lib/python3.12/site-packages (from oslo.db>=11.0.0->cinder==28.1.0.dev277) (1.19.1)
Requirement already satisfied: testresources>=2.0.0 in /opt/stack/data/venv/lib/python3.12/site-packages (from oslo.db>=11.0.0->cinder==28.1.0.dev277) (2.1.2)
Requirement already satisfied: testscenarios>=0.4 in /opt/stack/data/venv/lib/python3.12/site-packages (from oslo.db>=11.0.0->cinder==28.1.0.dev277) (0.6.2)
Requirement already satisfied: Mako in /opt/stack/data/venv/lib/python3.12/site-packages (from alembic>=0.9.6->oslo.db>=11.0.0->cinder==28.1.0.dev277) (1.4.1)
Requirement already satisfied: python-dateutil>=2.7.0 in /opt/stack/data/venv/lib/python3.12/site-packages (from oslo.log>=4.6.1->cinder==28.1.0.dev277) (2.9.0.post0)
Requirement already satisfied: amqp>=2.5.2 in /opt/stack/data/venv/lib/python3.12/site-packages (from oslo.messaging>=14.6.0->cinder==28.1.0.dev277) (5.3.1)
Requirement already satisfied: kombu>=5.2.0 in /opt/stack/data/venv/lib/python3.12/site-packages (from oslo.messaging>=14.6.0->cinder==28.1.0.dev277) (5.6.2)
Requirement already satisfied: oslo.metrics>=0.2.1 in /opt/stack/data/venv/lib/python3.12/site-packages (from oslo.messaging>=14.6.0->cinder==28.1.0.dev277) (0.16.0)
Requirement already satisfied: vine<6.0.0,>=5.0.0 in /opt/stack/data/venv/lib/python3.12/site-packages (from amqp>=2.5.2->oslo.messaging>=14.6.0->cinder==28.1.0.dev277) (5.1.0)
Requirement already satisfied: prometheus-client>=0.6.0 in /opt/stack/data/venv/lib/python3.12/site-packages (from oslo.metrics>=0.2.1->oslo.messaging>=14.6.0->cinder==28.1.0.dev277) (0.26.0)
Requirement already satisfied: bcrypt>=3.1.3 in /opt/stack/data/venv/lib/python3.12/site-packages (from oslo.middleware>=4.1.1->cinder==28.1.0.dev277) (5.0.0)
Requirement already satisfied: Jinja2>=2.10 in /opt/stack/data/venv/lib/python3.12/site-packages (from oslo.middleware>=4.1.1->cinder==28.1.0.dev277) (3.1.6)
Requirement already satisfied: statsd>=3.2.1 in /usr/lib/python3/dist-packages (from oslo.middleware>=4.1.1->cinder==28.1.0.dev277) (4.0.1)
Requirement already satisfied: MarkupSafe>=2.0 in /opt/stack/data/venv/lib/python3.12/site-packages (from Jinja2>=2.10->oslo.middleware>=4.1.1->cinder==28.1.0.dev277) (3.0.3)
Requirement already satisfied: msgpack>=0.6.0 in /opt/stack/data/venv/lib/python3.12/site-packages (from oslo.privsep>=2.6.2->cinder==28.1.0.dev277) (1.2.1)
Requirement already satisfied: Yappi>=1.0 in /opt/stack/data/venv/lib/python3.12/site-packages (from oslo.service>=4.5.0->cinder==28.1.0.dev277) (1.7.6)
Requirement already satisfied: cotyledon>=2.2.0 in /opt/stack/data/venv/lib/python3.12/site-packages (from oslo.service[threading]>=4.5.0->cinder==28.1.0.dev277) (2.2.0)
Requirement already satisfied: setproctitle in /opt/stack/data/venv/lib/python3.12/site-packages (from cotyledon>=2.2.0->oslo.service[threading]>=4.5.0->cinder==28.1.0.dev277) (1.3.7)
Requirement already satisfied: PrettyTable>=0.7.1 in /opt/stack/data/venv/lib/python3.12/site-packages (from oslo.upgradecheck>=1.1.1->cinder==28.1.0.dev277) (3.18.0)
Collecting suds-community>=0.6 (from oslo.vmware>=3.10.0->cinder==28.1.0.dev277)
  Using cached suds_community-1.2.0-py3-none-any.whl.metadata (1.6 kB)
Collecting invoke>=2.0 (from paramiko>=2.7.2->cinder==28.1.0.dev277)
  Using cached invoke-3.0.3-py3-none-any.whl.metadata (3.2 kB)
Collecting pynacl>=1.5 (from paramiko>=2.7.2->cinder==28.1.0.dev277)
  Using cached pynacl-1.6.2-cp38-abi3-manylinux_2_34_x86_64.whl.metadata (10.0 kB)
Requirement already satisfied: setuptools in /opt/stack/data/venv/lib/python3.12/site-packages (from Paste>=3.4.3->cinder==28.1.0.dev277) (84.0.0)
Requirement already satisfied: wcwidth>=0.3.5 in /opt/stack/data/venv/lib/python3.12/site-packages (from PrettyTable>=0.7.1->oslo.upgradecheck>=1.1.1->cinder==28.1.0.dev277) (0.8.2)
Requirement already satisfied: cliff>=2.8.0 in /opt/stack/data/venv/lib/python3.12/site-packages (from python-barbicanclient>=5.0.1->cinder==28.1.0.dev277) (4.15.0)
Requirement already satisfied: autopage>=0.4.0 in /opt/stack/data/venv/lib/python3.12/site-packages (from cliff>=2.8.0->python-barbicanclient>=5.0.1->cinder==28.1.0.dev277) (0.6.0)
Requirement already satisfied: cmd2>=3.0.0 in /opt/stack/data/venv/lib/python3.12/site-packages (from cliff>=2.8.0->python-barbicanclient>=5.0.1->cinder==28.1.0.dev277) (4.2.0)
Requirement already satisfied: prompt-toolkit>=3.0.53 in /opt/stack/data/venv/lib/python3.12/site-packages (from cmd2>=3.0.0->cliff>=2.8.0->python-barbicanclient>=5.0.1->cinder==28.1.0.dev277) (3.0.53)
Requirement already satisfied: pyperclip>=1.8.2 in /opt/stack/data/venv/lib/python3.12/site-packages (from cmd2>=3.0.0->cliff>=2.8.0->python-barbicanclient>=5.0.1->cinder==28.1.0.dev277) (1.11.0)
Requirement already satisfied: rich>=15.0.0 in /opt/stack/data/venv/lib/python3.12/site-packages (from cmd2>=3.0.0->cliff>=2.8.0->python-barbicanclient>=5.0.1->cinder==28.1.0.dev277) (15.0.0)
Requirement already satisfied: rich-argparse>=1.7.2 in /opt/stack/data/venv/lib/python3.12/site-packages (from cmd2>=3.0.0->cliff>=2.8.0->python-barbicanclient>=5.0.1->cinder==28.1.0.dev277) (1.8.0)
Requirement already satisfied: six>=1.5 in /opt/stack/data/venv/lib/python3.12/site-packages (from python-dateutil>=2.7.0->oslo.log>=4.6.1->cinder==28.1.0.dev277) (1.17.0)
Collecting warlock>=1.2.0 (from python-glanceclient>=3.2.2->cinder==28.1.0.dev277)
  Using cached warlock-2.1.0-py3-none-any.whl.metadata (4.0 kB)
Requirement already satisfied: pyOpenSSL>=17.1.0 in /opt/stack/data/venv/lib/python3.12/site-packages (from python-glanceclient>=3.2.2->cinder==28.1.0.dev277) (24.2.1)
Requirement already satisfied: charset_normalizer<4,>=2 in /opt/stack/data/venv/lib/python3.12/site-packages (from requests>=2.25.1->cinder==28.1.0.dev277) (3.5.0)
Requirement already satisfied: idna<4,>=2.5 in /opt/stack/data/venv/lib/python3.12/site-packages (from requests>=2.25.1->cinder==28.1.0.dev277) (3.18)
Requirement already satisfied: certifi>=2023.5.7 in /usr/lib/python3/dist-packages (from requests>=2.25.1->cinder==28.1.0.dev277) (2023.11.17)
Requirement already satisfied: markdown-it-py>=2.2.0 in /opt/stack/data/venv/lib/python3.12/site-packages (from rich>=15.0.0->cmd2>=3.0.0->cliff>=2.8.0->python-barbicanclient>=5.0.1->cinder==28.1.0.dev277) (4.2.0)
Requirement already satisfied: pygments<3.0.0,>=2.13.0 in /opt/stack/data/venv/lib/python3.12/site-packages (from rich>=15.0.0->cmd2>=3.0.0->cliff>=2.8.0->python-barbicanclient>=5.0.1->cinder==28.1.0.dev277) (2.20.0)
Requirement already satisfied: mdurl~=0.1 in /usr/lib/python3/dist-packages (from markdown-it-py>=2.2.0->rich>=15.0.0->cmd2>=3.0.0->cliff>=2.8.0->python-barbicanclient>=5.0.1->cinder==28.1.0.dev277) (0.1.2)
Collecting pyudev~=0.18 (from rtslib-fb>=2.1.74->cinder==28.1.0.dev277)
  Using cached pyudev-0.24.4-py3-none-any.whl.metadata (4.4 kB)
Requirement already satisfied: networkx>=2.1.0 in /opt/stack/data/venv/lib/python3.12/site-packages (from taskflow>=4.5.0->cinder==28.1.0.dev277) (3.6.1)
Requirement already satisfied: automaton>=1.9.0 in /opt/stack/data/venv/lib/python3.12/site-packages (from taskflow>=4.5.0->cinder==28.1.0.dev277) (3.4.0)
Requirement already satisfied: pydot>=1.2.4 in /opt/stack/data/venv/lib/python3.12/site-packages (from taskflow>=4.5.0->cinder==28.1.0.dev277) (4.0.1)
Collecting voluptuous>=0.8.9 (from tooz>=2.8.0->cinder==28.1.0.dev277)
  Using cached voluptuous-0.16.0-py3-none-any.whl.metadata (20 kB)
Requirement already satisfied: jsonpatch~=1.0 in /opt/stack/data/venv/lib/python3.12/site-packages (from warlock>=1.2.0->python-glanceclient>=3.2.2->cinder==28.1.0.dev277) (1.33)
Requirement already satisfied: jsonpointer>=1.9 in /opt/stack/data/venv/lib/python3.12/site-packages (from jsonpatch~=1.0->warlock>=1.2.0->python-glanceclient>=3.2.2->cinder==28.1.0.dev277) (3.1.1)
Using cached lxml-6.1.1-cp312-cp312-manylinux_2_26_x86_64.manylinux_2_28_x86_64.whl (5.2 MB)
Using cached oslo_versionedobjects-3.11.0-py3-none-any.whl (108 kB)
Using cached oslo_vmware-4.10.0-py3-none-any.whl (624 kB)
Using cached paramiko-4.0.0-py3-none-any.whl (223 kB)
Using cached invoke-3.0.3-py3-none-any.whl (160 kB)
Using cached pynacl-1.6.2-cp38-abi3-manylinux_2_34_x86_64.whl (1.4 MB)
Using cached python_glanceclient-4.12.0-py3-none-any.whl (202 kB)
Using cached python_novaclient-18.13.0-py3-none-any.whl (336 kB)
Using cached rtslib_fb-2.2.4-py3-none-any.whl (92 kB)
Using cached pyudev-0.24.4-py3-none-any.whl (62 kB)
Using cached suds_community-1.2.0-py3-none-any.whl (145 kB)
Using cached tabulate-0.10.0-py3-none-any.whl (39 kB)
Using cached tooz-9.0.1-py3-none-any.whl (90 kB)
Using cached voluptuous-0.16.0-py3-none-any.whl (31 kB)
Using cached warlock-2.1.0-py3-none-any.whl (10 kB)
Using cached zstd-1.5.7.2-cp312-cp312-manylinux_2_14_x86_64.whl (302 kB)
Building wheels for collected packages: cinder
  Building editable for cinder (pyproject.toml): started
  Building editable for cinder (pyproject.toml): finished with status 'done'
  Created wheel for cinder: filename=cinder-28.1.0.dev277-0.editable-py3-none-any.whl size=9270 sha256=c6576557a2f60ee13a3f8c8be619760f2c36f8589e88bd5436461bca11b36233
  Stored in directory: /tmp/pip-ephem-wheel-cache-jzci4jw1/wheels/0f/5b/25/75b4581977dff7afefb19bb31542a98ba75eafb8d1b2a69ccb
Successfully built cinder
Installing collected packages: zstd, voluptuous, tabulate, suds-community, pyudev, lxml, invoke, rtslib-fb, pynacl, paramiko, warlock, tooz, python-novaclient, python-glanceclient, oslo.vmware, oslo.versionedobjects, cinder
  Attempting uninstall: voluptuous
    Found existing installation: voluptuous 0.14.2
    Not uninstalling voluptuous at /usr/lib/python3/dist-packages, outside environment /opt/stack/data/venv
    Can't uninstall 'voluptuous'. No files were found to uninstall.
  Attempting uninstall: pyudev
    Found existing installation: pyudev 0.24.0
    Not uninstalling pyudev at /usr/lib/python3/dist-packages, outside environment /opt/stack/data/venv
    Can't uninstall 'pyudev'. No files were found to uninstall.
  Attempting uninstall: lxml
    Found existing installation: lxml 5.2.1
    Not uninstalling lxml at /usr/lib/python3/dist-packages, outside environment /opt/stack/data/venv
    Can't uninstall 'lxml'. No files were found to uninstall.

Successfully installed cinder-28.1.0.dev277 invoke-3.0.3 lxml-6.1.1 oslo.versionedobjects-3.11.0 oslo.vmware-4.10.0 paramiko-4.0.0 pynacl-1.6.2 python-glanceclient-4.12.0 python-novaclient-18.13.0 pyudev-0.24.4 rtslib-fb-2.2.4 suds-community-1.2.0 tabulate-0.10.0 tooz-9.0.1 voluptuous-0.16.0 warlock-2.1.0 zstd-1.5.7.2
+ inc/python:pip_install:216               :   result=0
+ inc/python:pip_install:218               :   time_stop pip_install
+ functions-common:time_stop:2420          :   local name
+ functions-common:time_stop:2421          :   local end_time
+ functions-common:time_stop:2422          :   local elapsed_time
+ functions-common:time_stop:2423          :   local total
+ functions-common:time_stop:2424          :   local start_time
+ functions-common:time_stop:2426          :   name=pip_install
+ functions-common:time_stop:2427          :   start_time=1787877704821
+ functions-common:time_stop:2429          :   [[ -z 1787877704821 ]]
++ functions-common:time_stop:2432          :   date +%s%3N
+ functions-common:time_stop:2432          :   end_time=1787877715222
+ functions-common:time_stop:2433          :   elapsed_time=10401
+ functions-common:time_stop:2434          :   total=74425
+ functions-common:time_stop:2436          :   _TIME_START[$name]=
+ functions-common:time_stop:2437          :   _TIME_TOTAL[$name]=84826
+ inc/python:pip_install:219               :   return 0
+ inc/python:setup_package:466             :   [[ -e == \-\e ]]
+ inc/python:setup_package:466             :   [[ True == \F\a\l\s\e ]]
+ inc/python:_setup_package_with_constraints_edit:412 :   use_library_from_git /opt/stack/cinder
+ inc/python:use_library_from_git:266      :   local name=/opt/stack/cinder
+ inc/python:use_library_from_git:267      :   local enabled=1
+ inc/python:use_library_from_git:268      :   [[ os-brick = \A\L\L ]]
+ inc/python:use_library_from_git:268      :   [[ ,os-brick, =~ ,/opt/stack/cinder, ]]
+ inc/python:use_library_from_git:269      :   return 1
+ lib/cinder:install_cinder:541            :   [[ lioadm == \t\g\t\a\d\m ]]
+ lib/cinder:install_cinder:543            :   [[ lioadm == \l\i\o\a\d\m ]]
+ lib/cinder:install_cinder:544            :   is_ubuntu
+ functions-common:is_ubuntu:546           :   [[ -z deb ]]
+ functions-common:is_ubuntu:549           :   '[' deb = deb ']'
+ lib/cinder:install_cinder:546            :   sudo mkdir -p /etc/target
+ lib/cinder:install_cinder:548            :   install_package targetcli-fb
+ functions-common:install_package:1438    :   update_package_repo
+ functions-common:update_package_repo:1412 :   NO_UPDATE_REPOS=False
+ functions-common:update_package_repo:1413 :   REPOS_UPDATED=True
+ functions-common:update_package_repo:1414 :   RETRY_UPDATE=False
+ functions-common:update_package_repo:1416 :   [[ False = \T\r\u\e ]]
+ functions-common:update_package_repo:1420 :   is_ubuntu
+ functions-common:is_ubuntu:546           :   [[ -z deb ]]
+ functions-common:is_ubuntu:549           :   '[' deb = deb ']'
+ functions-common:update_package_repo:1421 :   apt_get_update
+ functions-common:apt_get_update:1166     :   [[ True == \T\r\u\e ]]
+ functions-common:apt_get_update:1166     :   [[ False != \T\r\u\e ]]
+ functions-common:apt_get_update:1167     :   return
+ functions-common:install_package:1439    :   real_install_package targetcli-fb
+ functions-common:real_install_package:1426 :   is_ubuntu
+ functions-common:is_ubuntu:546           :   [[ -z deb ]]
+ functions-common:is_ubuntu:549           :   '[' deb = deb ']'
+ functions-common:real_install_package:1427 :   apt_get install targetcli-fb
+ functions-common:apt_get:1207            :   sudo DEBIAN_FRONTEND=noninteractive http_proxy= https_proxy= no_proxy= apt-get --option Dpkg::Options::=--force-confold --assume-yes install targetcli-fb
Reading package lists...
Building dependency tree...
Reading state information...
targetcli-fb is already the newest version (1:2.1.53-1ubuntu3).
The following packages were automatically installed and are no longer required:
  alembic keystone-common pycadf-common python3-alembic python3-amqp
  python3-aniso8601 python3-asgiref python3-bs4 python3-cssselect
  python3-debtcollector python3-decorator python3-defusedxml python3-dnspython
  python3-dogpile.cache python3-elementpath python3-eventlet python3-fasteners
  python3-flask python3-flask-restful python3-futurist python3-greenlet
  python3-html5lib python3-iso8601 python3-itsdangerous python3-keystoneauth1
  python3-keystoneclient python3-keystonemiddleware python3-kombu python3-ldap
  python3-lxml python3-mako python3-memcache python3-migrate python3-monotonic
  python3-msgpack python3-os-service-types python3-oslo.cache
  python3-oslo.concurrency python3-oslo.config python3-oslo.context
  python3-oslo.db python3-oslo.i18n python3-oslo.log python3-oslo.metrics
  python3-oslo.middleware python3-oslo.policy python3-oslo.serialization
  python3-oslo.upgradecheck python3-oslo.utils python3-osprofiler
  python3-passlib python3-paste python3-pastedeploy python3-pastedeploy-tpl
  python3-pastescript python3-prometheus-client python3-pyasyncore
  python3-pycadf python3-pyinotify python3-pymysql python3-pysaml2
  python3-repoze.lru python3-rfc3986 python3-routes python3-scrypt
  python3-simplejson python3-soupsieve python3-sqlalchemy
  python3-sqlalchemy-ext python3-sqlparse python3-statsd python3-tempita
  python3-tenacity python3-testscenarios python3-vine python3-webencodings
  python3-webob python3-werkzeug python3-wrapt python3-xmlschema xmlsec1
Use 'sudo apt autoremove' to remove them.
0 upgraded, 0 newly installed, 0 to remove and 80 not upgraded.
+ functions-common:apt_get:1211            :   result=0
+ functions-common:apt_get:1214            :   time_stop apt-get
+ functions-common:time_stop:2420          :   local name
+ functions-common:time_stop:2421          :   local end_time
+ functions-common:time_stop:2422          :   local elapsed_time
+ functions-common:time_stop:2423          :   local total
+ functions-common:time_stop:2424          :   local start_time
+ functions-common:time_stop:2426          :   name=apt-get
+ functions-common:time_stop:2427          :   start_time=1787877715331
+ functions-common:time_stop:2429          :   [[ -z 1787877715331 ]]
++ functions-common:time_stop:2432          :   date +%s%3N
+ functions-common:time_stop:2432          :   end_time=1787877715953
+ functions-common:time_stop:2433          :   elapsed_time=622
+ functions-common:time_stop:2434          :   total=3529
+ functions-common:time_stop:2436          :   _TIME_START[$name]=
+ functions-common:time_stop:2437          :   _TIME_TOTAL[$name]=4151
+ functions-common:apt_get:1215            :   return 0
+ lib/stack:stack_install_service:33       :   [[ False = True ]]
+ ./stack.sh:main:951                      :   configure_cinder
+ lib/cinder:configure_cinder:297          :   sudo install -d -o slave -m 755 /etc/cinder
+ lib/cinder:configure_cinder:299          :   rm -f /etc/cinder/cinder.conf
+ lib/cinder:configure_cinder:301          :   configure_rootwrap cinder
+ inc/rootwrap:configure_rootwrap:43       :   local project=cinder
+ inc/rootwrap:configure_rootwrap:44       :   local project_uc
++ inc/rootwrap:configure_rootwrap:45       :   echo cinder
++ inc/rootwrap:configure_rootwrap:45       :   tr a-z A-Z
+ inc/rootwrap:configure_rootwrap:45       :   project_uc=CINDER
+ inc/rootwrap:configure_rootwrap:46       :   local bin_dir=CINDER_BIN_DIR
+ inc/rootwrap:configure_rootwrap:47       :   bin_dir=/opt/stack/data/venv/bin
+ inc/rootwrap:configure_rootwrap:48       :   local project_dir=CINDER_DIR
+ inc/rootwrap:configure_rootwrap:49       :   project_dir=/opt/stack/cinder
+ inc/rootwrap:configure_rootwrap:51       :   local rootwrap_conf_src_dir=/opt/stack/cinder/etc/cinder
+ inc/rootwrap:configure_rootwrap:52       :   local rootwrap_bin=/opt/stack/data/venv/bin/cinder-rootwrap
+ inc/rootwrap:configure_rootwrap:55       :   sudo rm -rf /etc/cinder/rootwrap.d
+ inc/rootwrap:configure_rootwrap:56       :   sudo install -d -o root -g root -m 755 /etc/cinder/rootwrap.d
+ inc/rootwrap:configure_rootwrap:57       :   sudo install -o root -g root -m 644 /opt/stack/cinder/etc/cinder/rootwrap.d/volume.filters /etc/cinder/rootwrap.d
+ inc/rootwrap:configure_rootwrap:60       :   sudo install -o root -g root -m 644 /opt/stack/cinder/etc/cinder/rootwrap.conf /etc/cinder/rootwrap.conf
+ inc/rootwrap:configure_rootwrap:61       :   sudo sed -e 's:^filters_path=.*$:filters_path=/etc/cinder/rootwrap.d:' -i /etc/cinder/rootwrap.conf
+ inc/rootwrap:configure_rootwrap:66       :   sudo sed -e 's/^exec_dirs=.*/#&/' -i /etc/cinder/rootwrap.conf
+ inc/rootwrap:configure_rootwrap:69       :   local tempfile
++ inc/rootwrap:configure_rootwrap:70       :   mktemp
+ inc/rootwrap:configure_rootwrap:70       :   tempfile=/tmp/tmp.tiqRwcpdp2
+ inc/rootwrap:configure_rootwrap:72       :   rootwrap_sudo_cmd='/opt/stack/data/venv/bin/cinder-rootwrap /etc/cinder/rootwrap.conf *'
+ inc/rootwrap:configure_rootwrap:73       :   echo 'slave ALL=(root) NOPASSWD: /opt/stack/data/venv/bin/cinder-rootwrap /etc/cinder/rootwrap.conf *'
+ inc/rootwrap:configure_rootwrap:74       :   '[' -f /opt/stack/data/venv/bin/cinder-rootwrap-daemon ']'
+ inc/rootwrap:configure_rootwrap:79       :   chmod 0440 /tmp/tmp.tiqRwcpdp2
+ inc/rootwrap:configure_rootwrap:80       :   sudo chown root:root /tmp/tmp.tiqRwcpdp2
+ inc/rootwrap:configure_rootwrap:81       :   sudo mv /tmp/tmp.tiqRwcpdp2 /etc/sudoers.d/cinder-rootwrap
++ inc/rootwrap:configure_rootwrap:85       :   dirname /opt/stack/data/venv/bin/cinder-rootwrap
+ inc/rootwrap:configure_rootwrap:85       :   add_sudo_secure_path /opt/stack/data/venv/bin
+ inc/rootwrap:add_sudo_secure_path:21     :   local dir=/opt/stack/data/venv/bin
+ inc/rootwrap:add_sudo_secure_path:22     :   local line
+ inc/rootwrap:add_sudo_secure_path:25     :   [[ -r /etc/sudoers.d/zz-secure-path ]]
+ inc/rootwrap:add_sudo_secure_path:28     :   line='Defaults:slave secure_path=/usr/local/sbin:/usr/local/bin:/usr/sbin:/sbin:/usr/bin:/bin'
+ inc/rootwrap:add_sudo_secure_path:32     :   [[ ! Defaults:slave secure_path=/usr/local/sbin:/usr/local/bin:/usr/sbin:/sbin:/usr/bin:/bin =~ /opt/stack/data/venv/bin ]]
+ inc/rootwrap:add_sudo_secure_path:33     :   echo 'Defaults:slave secure_path=/usr/local/sbin:/usr/local/bin:/usr/sbin:/sbin:/usr/bin:/bin:/opt/stack/data/venv/bin'
+ inc/rootwrap:add_sudo_secure_path:33     :   sudo tee /etc/sudoers.d/zz-secure-path
Defaults:slave secure_path=/usr/local/sbin:/usr/local/bin:/usr/sbin:/sbin:/usr/bin:/bin:/opt/stack/data/venv/bin
+ inc/rootwrap:add_sudo_secure_path:34     :   sudo chmod 400 /etc/sudoers.d/zz-secure-path
+ inc/rootwrap:add_sudo_secure_path:35     :   sudo chown root:root /etc/sudoers.d/zz-secure-path
+ lib/cinder:configure_cinder:303          :   [[ -f /opt/stack/cinder/etc/cinder/resource_filters.json ]]
+ lib/cinder:configure_cinder:304          :   cp -p /opt/stack/cinder/etc/cinder/resource_filters.json /etc/cinder/resource_filters.json
+ lib/cinder:configure_cinder:307          :   cp /opt/stack/cinder/etc/cinder/api-paste.ini /etc/cinder/api-paste.ini
+ lib/cinder:configure_cinder:309          :   configure_keystone_authtoken_middleware /etc/cinder/cinder.conf cinder
+ lib/keystone:configure_keystone_authtoken_middleware:413 :   local conf_file=/etc/cinder/cinder.conf
+ lib/keystone:configure_keystone_authtoken_middleware:414 :   local admin_user=cinder
+ lib/keystone:configure_keystone_authtoken_middleware:415 :   local section=keystone_authtoken
+ lib/keystone:configure_keystone_authtoken_middleware:416 :   local service_type=
+ lib/keystone:configure_keystone_authtoken_middleware:418 :   configure_keystoneauth /etc/cinder/cinder.conf cinder keystone_authtoken
+ lib/keystone:configure_keystoneauth:391  :   local conf_file=/etc/cinder/cinder.conf
+ lib/keystone:configure_keystoneauth:392  :   local admin_user=cinder
+ lib/keystone:configure_keystoneauth:393  :   local section=keystone_authtoken
+ lib/keystone:configure_keystoneauth:395  :   iniset /etc/cinder/cinder.conf keystone_authtoken auth_type password
+ lib/keystone:configure_keystoneauth:396  :   iniset /etc/cinder/cinder.conf keystone_authtoken interface public
+ lib/keystone:configure_keystoneauth:397  :   iniset /etc/cinder/cinder.conf keystone_authtoken auth_url http://172.21.16.48/identity
+ lib/keystone:configure_keystoneauth:398  :   iniset /etc/cinder/cinder.conf keystone_authtoken username cinder
+ lib/keystone:configure_keystoneauth:399  :   iniset /etc/cinder/cinder.conf keystone_authtoken password ossdbg1stack
+ lib/keystone:configure_keystoneauth:400  :   iniset /etc/cinder/cinder.conf keystone_authtoken user_domain_name Default
+ lib/keystone:configure_keystoneauth:401  :   iniset /etc/cinder/cinder.conf keystone_authtoken project_name service
+ lib/keystone:configure_keystoneauth:402  :   iniset /etc/cinder/cinder.conf keystone_authtoken project_domain_name Default
+ lib/keystone:configure_keystone_authtoken_middleware:419 :   iniset /etc/cinder/cinder.conf keystone_authtoken www_authenticate_uri http://172.21.16.48/identity
+ lib/keystone:configure_keystone_authtoken_middleware:420 :   iniset /etc/cinder/cinder.conf keystone_authtoken cafile /opt/stack/data/ca-bundle.pem
+ lib/keystone:configure_keystone_authtoken_middleware:421 :   iniset /etc/cinder/cinder.conf keystone_authtoken memcached_servers localhost:11211
+ lib/keystone:configure_keystone_authtoken_middleware:422 :   [[ -n '' ]]
+ lib/cinder:configure_cinder:311          :   iniset /etc/cinder/cinder.conf DEFAULT debug True
+ lib/cinder:configure_cinder:313          :   iniset /etc/cinder/cinder.conf DEFAULT target_helper lioadm
++ lib/cinder:configure_cinder:314          :   database_connection_url cinder
++ lib/database:database_connection_url:134 :   local db=cinder
++ lib/database:database_connection_url:135 :   database_connection_url_mysql cinder
++ lib/databases/mysql:database_connection_url_mysql:251 :   local db=cinder
++ lib/databases/mysql:database_connection_url_mysql:252 :   local plugin
++ lib/databases/mysql:database_connection_url_mysql:256 :   [[ True == \T\r\u\e ]]
++ lib/databases/mysql:database_connection_url_mysql:257 :   is_service_enabled mysql
++ functions-common:is_service_enabled:2076 :   return 0
++ lib/databases/mysql:database_connection_url_mysql:258 :   plugin='&plugin=dbcounter'
++ lib/databases/mysql:database_connection_url_mysql:262 :   echo 'mysql+pymysql://root:ossdbg1stack@127.0.0.1/cinder?charset=utf8&plugin=dbcounter'
+ lib/cinder:configure_cinder:314          :   iniset /etc/cinder/cinder.conf database connection 'mysql+pymysql://root:ossdbg1stack@127.0.0.1/cinder?charset=utf8&plugin=dbcounter'
+ lib/cinder:configure_cinder:315          :   iniset /etc/cinder/cinder.conf DEFAULT api_paste_config /etc/cinder/api-paste.ini
+ lib/cinder:configure_cinder:316          :   iniset /etc/cinder/cinder.conf DEFAULT rootwrap_config /etc/cinder/rootwrap.conf
+ lib/cinder:configure_cinder:317          :   iniset /etc/cinder/cinder.conf DEFAULT osapi_volume_extension cinder.api.contrib.standard_extensions
+ lib/cinder:configure_cinder:318          :   iniset /etc/cinder/cinder.conf DEFAULT state_path /opt/stack/data/cinder
+ lib/cinder:configure_cinder:319          :   iniset /etc/cinder/cinder.conf oslo_concurrency lock_path /opt/stack/data/cinder
+ lib/cinder:configure_cinder:320          :   iniset /etc/cinder/cinder.conf DEFAULT my_ip 172.21.16.48
+ lib/cinder:configure_cinder:321          :   iniset /etc/cinder/cinder.conf key_manager backend cinder.keymgr.conf_key_mgr.ConfKeyManager
++ lib/cinder:configure_cinder:322          :   openssl rand -hex 16
+ lib/cinder:configure_cinder:322          :   iniset /etc/cinder/cinder.conf key_manager fixed_key 9653d6037ea64a67111e6b6c88d00a83
+ lib/cinder:configure_cinder:323          :   [[ -n '' ]]
+ lib/cinder:configure_cinder:328          :   iniset /etc/cinder/cinder.conf DEFAULT quota_volumes 10
+ lib/cinder:configure_cinder:329          :   iniset /etc/cinder/cinder.conf DEFAULT quota_backups 10
+ lib/cinder:configure_cinder:330          :   iniset /etc/cinder/cinder.conf DEFAULT quota_snapshots 10
+ lib/cinder:configure_cinder:335          :   iniset /etc/cinder/cinder.conf DEFAULT rpc_response_timeout 120
+ lib/cinder:configure_cinder:337          :   iniset /etc/cinder/cinder.conf DEFAULT report_interval 120
+ lib/cinder:configure_cinder:338          :   iniset /etc/cinder/cinder.conf DEFAULT service_down_time 720
+ lib/cinder:configure_cinder:340          :   is_service_enabled c-vol
+ functions-common:is_service_enabled:2076 :   return 0
+ lib/cinder:configure_cinder:340          :   [[ -n lvm:lvmdriver-1 ]]
+ lib/cinder:configure_cinder:341          :   local enabled_backends=
+ lib/cinder:configure_cinder:342          :   local default_name=
+ lib/cinder:configure_cinder:343          :   local be be_name be_type
+ lib/cinder:configure_cinder:344          :   for be in ${CINDER_ENABLED_BACKENDS//,/ }
+ lib/cinder:configure_cinder:345          :   be_type=lvm
+ lib/cinder:configure_cinder:346          :   be_name=lvmdriver-1
+ lib/cinder:configure_cinder:347          :   type configure_cinder_backend_lvm
+ lib/cinder:configure_cinder:348          :   configure_cinder_backend_lvm lvmdriver-1
+ lib/cinder_backends/lvm:configure_cinder_backend_lvm:48 :   local be_name=lvmdriver-1
+ lib/cinder_backends/lvm:configure_cinder_backend_lvm:50 :   iniset /etc/cinder/cinder.conf lvmdriver-1 volume_backend_name lvmdriver-1
+ lib/cinder_backends/lvm:configure_cinder_backend_lvm:51 :   iniset /etc/cinder/cinder.conf lvmdriver-1 volume_driver cinder.volume.drivers.lvm.LVMVolumeDriver
+ lib/cinder_backends/lvm:configure_cinder_backend_lvm:52 :   iniset /etc/cinder/cinder.conf lvmdriver-1 volume_group stack-volumes-lvmdriver-1
+ lib/cinder_backends/lvm:configure_cinder_backend_lvm:53 :   iniset /etc/cinder/cinder.conf lvmdriver-1 target_helper lioadm
+ lib/cinder_backends/lvm:configure_cinder_backend_lvm:54 :   iniset /etc/cinder/cinder.conf lvmdriver-1 target_protocol iscsi
+ lib/cinder_backends/lvm:configure_cinder_backend_lvm:55 :   iniset /etc/cinder/cinder.conf lvmdriver-1 target_port 3260
+ lib/cinder_backends/lvm:configure_cinder_backend_lvm:56 :   iniset /etc/cinder/cinder.conf lvmdriver-1 target_prefix iqn.2010-10.org.openstack:
+ lib/cinder_backends/lvm:configure_cinder_backend_lvm:57 :   iniset /etc/cinder/cinder.conf lvmdriver-1 lvm_type auto
+ lib/cinder_backends/lvm:configure_cinder_backend_lvm:58 :   iniset /etc/cinder/cinder.conf lvmdriver-1 volume_clear zero
+ lib/cinder:configure_cinder:350          :   [[ -z '' ]]
+ lib/cinder:configure_cinder:351          :   default_name=lvmdriver-1
+ lib/cinder:configure_cinder:353          :   enabled_backends+=lvmdriver-1,
+ lib/cinder:configure_cinder:355          :   iniset /etc/cinder/cinder.conf DEFAULT enabled_backends lvmdriver-1
+ lib/cinder:configure_cinder:356          :   [[ -n lvmdriver-1 ]]
+ lib/cinder:configure_cinder:357          :   iniset /etc/cinder/cinder.conf DEFAULT default_volume_type lvmdriver-1
+ lib/cinder:configure_cinder:359          :   configure_cinder_image_volume_cache
+ lib/cinder:configure_cinder_image_volume_cache:730 :   for be in ${CINDER_CACHE_ENABLED_FOR_BACKENDS//,/ }
+ lib/cinder:configure_cinder_image_volume_cache:731 :   local be_name=lvmdriver-1
+ lib/cinder:configure_cinder_image_volume_cache:733 :   iniset /etc/cinder/cinder.conf lvmdriver-1 image_volume_cache_enabled True
+ lib/cinder:configure_cinder_image_volume_cache:735 :   [[ -n '' ]]
+ lib/cinder:configure_cinder_image_volume_cache:739 :   [[ -n '' ]]
+ lib/cinder:configure_cinder:364          :   [[ False == \T\r\u\e ]]
+ lib/cinder:configure_cinder:368          :   [[ lvmdriver-1, =~ ceph ]]
+ lib/cinder:configure_cinder:373          :   is_service_enabled c-bak
+ functions-common:is_service_enabled:2076 :   return 1
+ lib/cinder:configure_cinder:381          :   is_service_enabled ceilometer
+ functions-common:is_service_enabled:2076 :   return 1
+ lib/cinder:configure_cinder:385          :   is_service_enabled tls-proxy
+ functions-common:is_service_enabled:2076 :   return 1
+ lib/cinder:configure_cinder:392          :   '[' False '!=' False ']'
+ lib/cinder:configure_cinder:396          :   iniset_rpc_backend cinder /etc/cinder/cinder.conf
+ lib/rpc_backend:iniset_rpc_backend:144   :   local package=cinder
+ lib/rpc_backend:iniset_rpc_backend:145   :   local file=/etc/cinder/cinder.conf
+ lib/rpc_backend:iniset_rpc_backend:146   :   local section=DEFAULT
+ lib/rpc_backend:iniset_rpc_backend:147   :   local virtual_host=
+ lib/rpc_backend:iniset_rpc_backend:148   :   is_service_enabled rabbit
+ functions-common:is_service_enabled:2076 :   return 0
++ lib/rpc_backend:iniset_rpc_backend:149   :   get_transport_url ''
++ lib/rpc_backend:get_transport_url:126    :   local virtual_host=
++ lib/rpc_backend:get_transport_url:127    :   is_service_enabled rabbit
++ functions-common:is_service_enabled:2076 :   return 0
++ lib/rpc_backend:get_transport_url:128    :   echo rabbit://stackrabbit:ossdbg1stack@172.21.16.48:5672/
+ lib/rpc_backend:iniset_rpc_backend:149   :   iniset /etc/cinder/cinder.conf DEFAULT transport_url rabbit://stackrabbit:ossdbg1stack@172.21.16.48:5672/
+ lib/rpc_backend:iniset_rpc_backend:150   :   '[' -n '' ']'
+ lib/rpc_backend:iniset_rpc_backend:153   :   '[' -n '' ']'
+ lib/cinder:configure_cinder:399          :   setup_logging /etc/cinder/cinder.conf
+ functions:setup_logging:693              :   setup_systemd_logging /etc/cinder/cinder.conf
+ functions:setup_systemd_logging:710      :   local conf_file=/etc/cinder/cinder.conf
++ functions:setup_systemd_logging:715      :   trueorfalse False USE_JOURNAL
+ functions:setup_systemd_logging:715      :   USE_JOURNAL=False
+ functions:setup_systemd_logging:716      :   local pidstr=
+ functions:setup_systemd_logging:717      :   [[ False == \T\r\u\e ]]
+ functions:setup_systemd_logging:721      :   pidstr='(pid=%(process)d) '
+ functions:setup_systemd_logging:723      :   iniset /etc/cinder/cinder.conf DEFAULT logging_debug_format_suffix '[00;33m{{(pid=%(process)d) %(funcName)s %(pathname)s:%(lineno)d}}[00m'
+ functions:setup_systemd_logging:725      :   iniset /etc/cinder/cinder.conf DEFAULT logging_context_format_string '%(color)s%(levelname)s %(name)s [[01;36m%(global_request_id)s %(request_id)s [00;36m%(project_name)s %(user_name)s%(color)s] [01;35m%(instance)s%(color)s%(message)s[00m'
+ functions:setup_systemd_logging:726      :   iniset /etc/cinder/cinder.conf DEFAULT logging_default_format_string '%(color)s%(levelname)s %(name)s [[00;36m-%(color)s] [01;35m%(instance)s%(color)s%(message)s[00m'
+ functions:setup_systemd_logging:727      :   iniset /etc/cinder/cinder.conf DEFAULT logging_exception_prefix 'ERROR %(name)s [01;35m%(instance)s[00m'
+ functions:setup_systemd_logging:730      :   iniset /etc/cinder/cinder.conf DEFAULT log_color False
+ lib/cinder:configure_cinder:401          :   is_service_enabled c-api
+ functions-common:is_service_enabled:2076 :   return 0
+ lib/cinder:configure_cinder:402          :   write_uwsgi_config /etc/cinder/cinder-api-uwsgi.ini cinder.wsgi.api:application /volume '' cinder-api
+ lib/apache:write_uwsgi_config:243        :   local conf=/etc/cinder/cinder-api-uwsgi.ini
+ lib/apache:write_uwsgi_config:244        :   local wsgi=cinder.wsgi.api:application
+ lib/apache:write_uwsgi_config:245        :   local url=/volume
+ lib/apache:write_uwsgi_config:246        :   local http=
+ lib/apache:write_uwsgi_config:247        :   local name=cinder-api
+ lib/apache:write_uwsgi_config:249        :   '[' -z cinder-api ']'
+ lib/apache:write_uwsgi_config:255        :   local socket_dir=/var/run/uwsgi
+ lib/apache:write_uwsgi_config:259        :   sudo mkdir -p /etc/tmpfiles.d/
+ lib/apache:write_uwsgi_config:260        :   echo 'd /var/run/uwsgi 0755 slave root'
+ lib/apache:write_uwsgi_config:260        :   sudo tee /etc/tmpfiles.d/uwsgi.conf
d /var/run/uwsgi 0755 slave root
+ lib/apache:write_uwsgi_config:261        :   sudo systemd-tmpfiles --create /etc/tmpfiles.d/uwsgi.conf
/etc/tmpfiles.d/uwsgi.conf:1: Line references path below legacy directory /var/run/, updating /var/run/uwsgi → /run/uwsgi; please update the tmpfiles.d/ drop-in file accordingly.
+ lib/apache:write_uwsgi_config:263        :   local socket=/var/run/uwsgi/cinder-api.socket
+ lib/apache:write_uwsgi_config:266        :   rm -rf /etc/cinder/cinder-api-uwsgi.ini
+ lib/apache:write_uwsgi_config:270        :   [[ cinder.wsgi.api:application =~ ^[a-zA-Z0-9_.]+:[a-zA-Z0-9_]+$ ]]
+ lib/apache:write_uwsgi_config:271        :   iniset /etc/cinder/cinder-api-uwsgi.ini uwsgi module cinder.wsgi.api:application
+ lib/apache:write_uwsgi_config:276        :   iniset /etc/cinder/cinder-api-uwsgi.ini uwsgi processes 10
+ lib/apache:write_uwsgi_config:278        :   iniset /etc/cinder/cinder-api-uwsgi.ini uwsgi master true
+ lib/apache:write_uwsgi_config:280        :   iniset /etc/cinder/cinder-api-uwsgi.ini uwsgi die-on-term true
+ lib/apache:write_uwsgi_config:281        :   iniset /etc/cinder/cinder-api-uwsgi.ini uwsgi exit-on-reload false
+ lib/apache:write_uwsgi_config:284        :   iniset /etc/cinder/cinder-api-uwsgi.ini uwsgi worker-reload-mercy 80
+ lib/apache:write_uwsgi_config:285        :   iniset /etc/cinder/cinder-api-uwsgi.ini uwsgi enable-threads true
+ lib/apache:write_uwsgi_config:286        :   iniset /etc/cinder/cinder-api-uwsgi.ini uwsgi plugins http,python3
+ lib/apache:write_uwsgi_config:288        :   iniset /etc/cinder/cinder-api-uwsgi.ini uwsgi thunder-lock true
+ lib/apache:write_uwsgi_config:290        :   iniset /etc/cinder/cinder-api-uwsgi.ini uwsgi hook-master-start 'unix_signal:15 gracefully_kill_them_all'
+ lib/apache:write_uwsgi_config:292        :   iniset /etc/cinder/cinder-api-uwsgi.ini uwsgi buffer-size 65535
+ lib/apache:write_uwsgi_config:294        :   iniset /etc/cinder/cinder-api-uwsgi.ini uwsgi add-header 'Connection: close'
+ lib/apache:write_uwsgi_config:296        :   iniset /etc/cinder/cinder-api-uwsgi.ini uwsgi lazy-apps true
+ lib/apache:write_uwsgi_config:298        :   iniset /etc/cinder/cinder-api-uwsgi.ini uwsgi start-time %t
+ lib/apache:write_uwsgi_config:301        :   [[ -n '' ]]
+ lib/apache:write_uwsgi_config:304        :   local apache_conf=
++ lib/apache:write_uwsgi_config:305        :   apache_site_config_for cinder-api
++ lib/apache:apache_site_config_for:174    :   local site=cinder-api
++ lib/apache:apache_site_config_for:175    :   is_ubuntu
++ functions-common:is_ubuntu:546           :   [[ -z deb ]]
++ functions-common:is_ubuntu:549           :   '[' deb = deb ']'
++ lib/apache:apache_site_config_for:177    :   echo /etc/apache2/sites-available/cinder-api.conf
+ lib/apache:write_uwsgi_config:305        :   apache_conf=/etc/apache2/sites-available/cinder-api.conf
+ lib/apache:write_uwsgi_config:306        :   iniset /etc/cinder/cinder-api-uwsgi.ini uwsgi socket /var/run/uwsgi/cinder-api.socket
+ lib/apache:write_uwsgi_config:307        :   iniset /etc/cinder/cinder-api-uwsgi.ini uwsgi chmod-socket 666
+ lib/apache:write_uwsgi_config:308        :   echo 'ProxyPass "/volume" "unix:/var/run/uwsgi/cinder-api.socket|uwsgi://uwsgi-uds-cinder-api" retry=0 acquire=1 '
+ lib/apache:write_uwsgi_config:308        :   sudo tee -a /etc/apache2/sites-available/cinder-api.conf
ProxyPass "/volume" "unix:/var/run/uwsgi/cinder-api.socket|uwsgi://uwsgi-uds-cinder-api" retry=0 acquire=1 
+ lib/apache:write_uwsgi_config:309        :   enable_apache_site cinder-api
+ lib/apache:enable_apache_site:191        :   local site=cinder-api
+ lib/apache:enable_apache_site:193        :   enable_apache_mod version
+ lib/apache:enable_apache_mod:55          :   local mod=version
+ lib/apache:enable_apache_mod:56          :   local should_restart=
+ lib/apache:enable_apache_mod:58          :   is_ubuntu
+ functions-common:is_ubuntu:546           :   [[ -z deb ]]
+ functions-common:is_ubuntu:549           :   '[' deb = deb ']'
+ lib/apache:enable_apache_mod:61          :   [[ version != \v\e\r\s\i\o\n ]]
+ lib/apache:enable_apache_site:194        :   is_ubuntu
+ functions-common:is_ubuntu:546           :   [[ -z deb ]]
+ functions-common:is_ubuntu:549           :   '[' deb = deb ']'
+ lib/apache:enable_apache_site:195        :   sudo a2ensite cinder-api
Site cinder-api already enabled
+ lib/apache:write_uwsgi_config:310        :   restart_apache_server
+ lib/apache:restart_apache_server:238     :   restart_service apache2
+ functions-common:restart_service:2304    :   '[' -x /bin/systemctl ']'
+ functions-common:restart_service:2305    :   sudo /bin/systemctl restart apache2
+ lib/cinder:configure_cinder:405          :   [[ -r /home/slave/devstack/lib/cinder_plugins/default ]]
+ lib/cinder:configure_cinder:409          :   iniset /etc/cinder/cinder.conf DEFAULT glance_api_servers http://172.21.16.48/image
+ lib/cinder:configure_cinder:410          :   is_service_enabled tls-proxy
+ functions-common:is_service_enabled:2076 :   return 1
+ lib/cinder:configure_cinder:416          :   configure_keystone_authtoken_middleware /etc/cinder/cinder.conf glance glance
+ lib/keystone:configure_keystone_authtoken_middleware:413 :   local conf_file=/etc/cinder/cinder.conf
+ lib/keystone:configure_keystone_authtoken_middleware:414 :   local admin_user=glance
+ lib/keystone:configure_keystone_authtoken_middleware:415 :   local section=glance
+ lib/keystone:configure_keystone_authtoken_middleware:416 :   local service_type=
+ lib/keystone:configure_keystone_authtoken_middleware:418 :   configure_keystoneauth /etc/cinder/cinder.conf glance glance
+ lib/keystone:configure_keystoneauth:391  :   local conf_file=/etc/cinder/cinder.conf
+ lib/keystone:configure_keystoneauth:392  :   local admin_user=glance
+ lib/keystone:configure_keystoneauth:393  :   local section=glance
+ lib/keystone:configure_keystoneauth:395  :   iniset /etc/cinder/cinder.conf glance auth_type password
+ lib/keystone:configure_keystoneauth:396  :   iniset /etc/cinder/cinder.conf glance interface public
+ lib/keystone:configure_keystoneauth:397  :   iniset /etc/cinder/cinder.conf glance auth_url http://172.21.16.48/identity
+ lib/keystone:configure_keystoneauth:398  :   iniset /etc/cinder/cinder.conf glance username glance
+ lib/keystone:configure_keystoneauth:399  :   iniset /etc/cinder/cinder.conf glance password ossdbg1stack
+ lib/keystone:configure_keystoneauth:400  :   iniset /etc/cinder/cinder.conf glance user_domain_name Default
+ lib/keystone:configure_keystoneauth:401  :   iniset /etc/cinder/cinder.conf glance project_name service
+ lib/keystone:configure_keystoneauth:402  :   iniset /etc/cinder/cinder.conf glance project_domain_name Default
+ lib/keystone:configure_keystone_authtoken_middleware:419 :   iniset /etc/cinder/cinder.conf glance www_authenticate_uri http://172.21.16.48/identity
+ lib/keystone:configure_keystone_authtoken_middleware:420 :   iniset /etc/cinder/cinder.conf glance cafile /opt/stack/data/ca-bundle.pem
+ lib/keystone:configure_keystone_authtoken_middleware:421 :   iniset /etc/cinder/cinder.conf glance memcached_servers localhost:11211
+ lib/keystone:configure_keystone_authtoken_middleware:422 :   [[ -n '' ]]
+ lib/cinder:configure_cinder:419          :   configure_keystoneauth /etc/cinder/cinder.conf nova nova
+ lib/keystone:configure_keystoneauth:391  :   local conf_file=/etc/cinder/cinder.conf
+ lib/keystone:configure_keystoneauth:392  :   local admin_user=nova
+ lib/keystone:configure_keystoneauth:393  :   local section=nova
+ lib/keystone:configure_keystoneauth:395  :   iniset /etc/cinder/cinder.conf nova auth_type password
+ lib/keystone:configure_keystoneauth:396  :   iniset /etc/cinder/cinder.conf nova interface public
+ lib/keystone:configure_keystoneauth:397  :   iniset /etc/cinder/cinder.conf nova auth_url http://172.21.16.48/identity
+ lib/keystone:configure_keystoneauth:398  :   iniset /etc/cinder/cinder.conf nova username nova
+ lib/keystone:configure_keystoneauth:399  :   iniset /etc/cinder/cinder.conf nova password ossdbg1stack
+ lib/keystone:configure_keystoneauth:400  :   iniset /etc/cinder/cinder.conf nova user_domain_name Default
+ lib/keystone:configure_keystoneauth:401  :   iniset /etc/cinder/cinder.conf nova project_name service
+ lib/keystone:configure_keystoneauth:402  :   iniset /etc/cinder/cinder.conf nova project_domain_name Default
+ lib/cinder:configure_cinder:420          :   iniset /etc/cinder/cinder.conf nova region_name RegionOne
+ lib/cinder:configure_cinder:421          :   iniset /etc/cinder/cinder.conf DEFAULT graceful_shutdown_timeout 5
+ lib/cinder:configure_cinder:423          :   [[ ! -z '' ]]
+ lib/cinder:configure_cinder:425          :   is_service_enabled etcd3
+ functions-common:is_service_enabled:2076 :   return 0
+ lib/cinder:configure_cinder:428          :   iniset /etc/cinder/cinder.conf coordination backend_url 'etcd3+http://172.21.16.48:2379?api_version=v3'
+ lib/cinder:configure_cinder:431          :   [[ True == True ]]
+ lib/cinder:configure_cinder:432          :   iniset /etc/cinder/cinder.conf oslo_policy enforce_new_defaults true
+ lib/cinder:configure_cinder:437          :   '[' True == True ']'
+ lib/cinder:configure_cinder:438          :   init_cinder_service_user_conf
+ lib/cinder:init_cinder_service_user_conf:759 :   iniset /etc/cinder/cinder.conf service_user send_service_user_token True
+ lib/cinder:init_cinder_service_user_conf:760 :   configure_keystoneauth /etc/cinder/cinder.conf cinder service_user
+ lib/keystone:configure_keystoneauth:391  :   local conf_file=/etc/cinder/cinder.conf
+ lib/keystone:configure_keystoneauth:392  :   local admin_user=cinder
+ lib/keystone:configure_keystoneauth:393  :   local section=service_user
+ lib/keystone:configure_keystoneauth:395  :   iniset /etc/cinder/cinder.conf service_user auth_type password
+ lib/keystone:configure_keystoneauth:396  :   iniset /etc/cinder/cinder.conf service_user interface public
+ lib/keystone:configure_keystoneauth:397  :   iniset /etc/cinder/cinder.conf service_user auth_url http://172.21.16.48/identity
+ lib/keystone:configure_keystoneauth:398  :   iniset /etc/cinder/cinder.conf service_user username cinder
+ lib/keystone:configure_keystoneauth:399  :   iniset /etc/cinder/cinder.conf service_user password ossdbg1stack
+ lib/keystone:configure_keystoneauth:400  :   iniset /etc/cinder/cinder.conf service_user user_domain_name Default
+ lib/keystone:configure_keystoneauth:401  :   iniset /etc/cinder/cinder.conf service_user project_name service
+ lib/keystone:configure_keystoneauth:402  :   iniset /etc/cinder/cinder.conf service_user project_domain_name Default
+ ./stack.sh:main:954                      :   is_service_enabled neutron
+ functions-common:is_service_enabled:2076 :   return 0
+ ./stack.sh:main:956                      :   stack_install_service neutron
+ lib/stack:stack_install_service:20       :   local service=neutron
+ lib/stack:stack_install_service:21       :   type install_neutron
+ lib/stack:stack_install_service:23       :   [[ False = True ]]
+ lib/stack:stack_install_service:32       :   install_neutron
+ lib/neutron:install_neutron:516          :   use_library_from_git neutron-lib
+ inc/python:use_library_from_git:266      :   local name=neutron-lib
+ inc/python:use_library_from_git:267      :   local enabled=1
+ inc/python:use_library_from_git:268      :   [[ os-brick = \A\L\L ]]
+ inc/python:use_library_from_git:268      :   [[ ,os-brick, =~ ,neutron-lib, ]]
+ inc/python:use_library_from_git:269      :   return 1
+ lib/neutron:install_neutron:523          :   use_library_from_git sqlalchemy
+ inc/python:use_library_from_git:266      :   local name=sqlalchemy
+ inc/python:use_library_from_git:267      :   local enabled=1
+ inc/python:use_library_from_git:268      :   [[ os-brick = \A\L\L ]]
+ inc/python:use_library_from_git:268      :   [[ ,os-brick, =~ ,sqlalchemy, ]]
+ inc/python:use_library_from_git:269      :   return 1
+ lib/neutron:install_neutron:527          :   use_library_from_git alembic
+ inc/python:use_library_from_git:266      :   local name=alembic
+ inc/python:use_library_from_git:267      :   local enabled=1
+ inc/python:use_library_from_git:268      :   [[ os-brick = \A\L\L ]]
+ inc/python:use_library_from_git:268      :   [[ ,os-brick, =~ ,alembic, ]]
+ inc/python:use_library_from_git:269      :   return 1
+ lib/neutron:install_neutron:532          :   git_clone https://opendev.org/openstack/neutron.git /opt/stack/neutron master
+ functions-common:git_clone:589           :   local git_remote=https://opendev.org/openstack/neutron.git
+ functions-common:git_clone:590           :   local git_dest=/opt/stack/neutron
+ functions-common:git_clone:591           :   local git_ref=master
+ functions-common:git_clone:592           :   local orig_dir
++ functions-common:git_clone:593           :   pwd
+ functions-common:git_clone:593           :   orig_dir=/home/slave/devstack
+ functions-common:git_clone:594           :   local git_clone_flags=
++ functions-common:git_clone:596           :   trueorfalse False RECLONE
+ functions-common:git_clone:596           :   RECLONE=False
+ functions-common:git_clone:597           :   [[ 0 -gt 0 ]]
+ functions-common:git_clone:601           :   [[ False = \T\r\u\e ]]
+ functions-common:git_clone:610           :   echo master
+ functions-common:git_clone:610           :   egrep -q '^refs'
+ functions-common:git_clone:624           :   [[ ! -d /opt/stack/neutron ]]
+ functions-common:git_clone:634           :   [[ False = \T\r\u\e ]]
+ functions-common:git_clone:669           :   sudo git config --system --add safe.directory /opt/stack/neutron
+ functions-common:git_clone:672           :   cd /opt/stack/neutron
+ functions-common:git_clone:673           :   git show --oneline
+ functions-common:git_clone:673           :   head -1
d04539fe75 Merge "Reduce ``test_get_and_delete_gateway`` privsep load"
+ functions-common:git_clone:674           :   cd /home/slave/devstack
+ lib/neutron:install_neutron:533          :   setup_develop /opt/stack/neutron
+ inc/python:setup_develop:353             :   local bindep
+ inc/python:setup_develop:354             :   [[ /opt/stack/neutron == -bindep* ]]
+ inc/python:setup_develop:358             :   local project_dir=/opt/stack/neutron
+ inc/python:setup_develop:359             :   local extras=
+ inc/python:setup_develop:360             :   _setup_package_with_constraints_edit /opt/stack/neutron -e
+ inc/python:_setup_package_with_constraints_edit:379 :   local bindep
+ inc/python:_setup_package_with_constraints_edit:380 :   [[ /opt/stack/neutron == -bindep* ]]
+ inc/python:_setup_package_with_constraints_edit:384 :   local project_dir=/opt/stack/neutron
+ inc/python:_setup_package_with_constraints_edit:385 :   local flags=-e
+ inc/python:_setup_package_with_constraints_edit:386 :   local extras=
++ inc/python:_setup_package_with_constraints_edit:393 :   cd /opt/stack/neutron
++ inc/python:_setup_package_with_constraints_edit:393 :   pwd
+ inc/python:_setup_package_with_constraints_edit:393 :   project_dir=/opt/stack/neutron
+ inc/python:_setup_package_with_constraints_edit:395 :   '[' -n /opt/stack/requirements ']'
+ inc/python:_setup_package_with_constraints_edit:399 :   local name
++ inc/python:_setup_package_with_constraints_edit:400 :   awk '/^name.*=/ {print $3}' /opt/stack/neutron/setup.cfg
+ inc/python:_setup_package_with_constraints_edit:400 :   name=neutron
+ inc/python:_setup_package_with_constraints_edit:401 :   '[' -z neutron ']'
+ inc/python:_setup_package_with_constraints_edit:405 :   /opt/stack/requirements/.venv/bin/edit-constraints /opt/stack/requirements/upper-constraints.txt -- neutron
+ inc/python:_setup_package_with_constraints_edit:408 :   setup_package /opt/stack/neutron -e
+ inc/python:setup_package:436             :   local bindep=0
+ inc/python:setup_package:437             :   local bindep_flag=
+ inc/python:setup_package:438             :   local bindep_profiles=
+ inc/python:setup_package:439             :   [[ /opt/stack/neutron == -bindep* ]]
+ inc/python:setup_package:444             :   local project_dir=/opt/stack/neutron
+ inc/python:setup_package:445             :   local flags=-e
+ inc/python:setup_package:446             :   local extras=
+ inc/python:setup_package:450             :   [[ -n -e ]]
+ inc/python:setup_package:450             :   [[ -z '' ]]
+ inc/python:setup_package:450             :   [[ ! -e =~ ^-.* ]]
+ inc/python:setup_package:455             :   [[ ! -z '' ]]
+ inc/python:setup_package:460             :   [[ 0 == 1 ]]
+ inc/python:setup_package:464             :   pip_install -e /opt/stack/neutron
Using python 3.12 to install /opt/stack/neutron
+ inc/python:pip_install:210               :   env http_proxy= https_proxy= no_proxy= PIP_FIND_LINKS= /opt/stack/data/venv/bin/pip install -c /opt/stack/requirements/upper-constraints.txt -e /opt/stack/neutron
Obtaining file:///opt/stack/neutron
  Installing build dependencies: started
  Installing build dependencies: finished with status 'done'
  Checking if build backend supports build_editable: started
  Checking if build backend supports build_editable: finished with status 'done'
  Getting requirements to build editable: started
  Getting requirements to build editable: finished with status 'done'
  Preparing editable metadata (pyproject.toml): started
  Preparing editable metadata (pyproject.toml): finished with status 'done'
Requirement already satisfied: pbr>=6.0.0 in /opt/stack/data/venv/lib/python3.12/site-packages (from neutron==29.0.0.0b2.dev138) (7.0.3)
Requirement already satisfied: Paste>=2.0.2 in /opt/stack/data/venv/lib/python3.12/site-packages (from neutron==29.0.0.0b2.dev138) (3.10.1)
Requirement already satisfied: PasteDeploy>=1.5.0 in /usr/lib/python3/dist-packages (from neutron==29.0.0.0b2.dev138) (3.1.0)
Requirement already satisfied: Routes>=2.3.1 in /usr/lib/python3/dist-packages (from neutron==29.0.0.0b2.dev138) (2.5.1)
Requirement already satisfied: debtcollector>=1.19.0 in /opt/stack/data/venv/lib/python3.12/site-packages (from neutron==29.0.0.0b2.dev138) (3.1.0)
Requirement already satisfied: decorator>=4.1.0 in /opt/stack/data/venv/lib/python3.12/site-packages (from neutron==29.0.0.0b2.dev138) (5.3.1)
Collecting pecan>=1.4.0 (from neutron==29.0.0.0b2.dev138)
  Using cached pecan-1.8.0-py3-none-any.whl.metadata (1.6 kB)
Requirement already satisfied: httplib2>=0.22.0 in /opt/stack/data/venv/lib/python3.12/site-packages (from neutron==29.0.0.0b2.dev138) (0.32.0)
Requirement already satisfied: requests>=2.32.3 in /opt/stack/data/venv/lib/python3.12/site-packages (from neutron==29.0.0.0b2.dev138) (2.34.2)
Requirement already satisfied: Jinja2>=2.10 in /opt/stack/data/venv/lib/python3.12/site-packages (from neutron==29.0.0.0b2.dev138) (3.1.6)
Requirement already satisfied: keystonemiddleware>=5.1.0 in /opt/stack/data/venv/lib/python3.12/site-packages (from neutron==29.0.0.0b2.dev138) (13.0.0)
Requirement already satisfied: netaddr>=0.7.18 in /opt/stack/data/venv/lib/python3.12/site-packages (from neutron==29.0.0.0b2.dev138) (1.3.0)
Collecting neutron-lib>=5.0.0 (from neutron==29.0.0.0b2.dev138)
  Using cached neutron_lib-5.0.0-py3-none-any.whl.metadata (2.4 kB)
Requirement already satisfied: tenacity>=6.0.0 in /opt/stack/data/venv/lib/python3.12/site-packages (from neutron==29.0.0.0b2.dev138) (9.1.4)
Requirement already satisfied: SQLAlchemy>=1.4.23 in /opt/stack/data/venv/lib/python3.12/site-packages (from neutron==29.0.0.0b2.dev138) (2.0.52)
Requirement already satisfied: WebOb>=1.8.2 in /opt/stack/data/venv/lib/python3.12/site-packages (from neutron==29.0.0.0b2.dev138) (1.8.11)
Requirement already satisfied: keystoneauth1>=3.14.0 in /opt/stack/data/venv/lib/python3.12/site-packages (from neutron==29.0.0.0b2.dev138) (5.15.0)
Requirement already satisfied: alembic>=1.18.1 in /opt/stack/data/venv/lib/python3.12/site-packages (from neutron==29.0.0.0b2.dev138) (1.19.1)
Requirement already satisfied: stevedore>=2.0.1 in /opt/stack/data/venv/lib/python3.12/site-packages (from neutron==29.0.0.0b2.dev138) (5.9.1)
Requirement already satisfied: oslo.cache>=1.26.0 in /opt/stack/data/venv/lib/python3.12/site-packages (from neutron==29.0.0.0b2.dev138) (4.3.0)
Requirement already satisfied: oslo.concurrency>=3.26.0 in /opt/stack/data/venv/lib/python3.12/site-packages (from neutron==29.0.0.0b2.dev138) (7.6.1)
Requirement already satisfied: oslo.config>=10.2.0 in /opt/stack/data/venv/lib/python3.12/site-packages (from neutron==29.0.0.0b2.dev138) (10.7.0)
Requirement already satisfied: oslo.context>=2.22.0 in /opt/stack/data/venv/lib/python3.12/site-packages (from neutron==29.0.0.0b2.dev138) (6.5.0)
Requirement already satisfied: oslo.db>=4.44.0 in /opt/stack/data/venv/lib/python3.12/site-packages (from neutron==29.0.0.0b2.dev138) (18.1.0)
Requirement already satisfied: oslo.i18n>=3.20.0 in /opt/stack/data/venv/lib/python3.12/site-packages (from neutron==29.0.0.0b2.dev138) (6.9.0)
Requirement already satisfied: oslo.log>=5.3.0 in /opt/stack/data/venv/lib/python3.12/site-packages (from neutron==29.0.0.0b2.dev138) (8.3.0)
Requirement already satisfied: oslo.messaging>=7.0.0 in /opt/stack/data/venv/lib/python3.12/site-packages (from neutron==29.0.0.0b2.dev138) (18.2.0)
Requirement already satisfied: oslo.middleware>=3.31.0 in /opt/stack/data/venv/lib/python3.12/site-packages (from neutron==29.0.0.0b2.dev138) (8.2.0)
Requirement already satisfied: oslo.policy>=6.0.0 in /opt/stack/data/venv/lib/python3.12/site-packages (from neutron==29.0.0.0b2.dev138) (6.0.0)
Requirement already satisfied: oslo.privsep>=2.3.0 in /opt/stack/data/venv/lib/python3.12/site-packages (from neutron==29.0.0.0b2.dev138) (3.12.0)
Requirement already satisfied: oslo.reports>=1.18.0 in /opt/stack/data/venv/lib/python3.12/site-packages (from neutron==29.0.0.0b2.dev138) (3.9.0)
Requirement already satisfied: oslo.rootwrap>=5.15.0 in /opt/stack/data/venv/lib/python3.12/site-packages (from neutron==29.0.0.0b2.dev138) (7.10.0)
Requirement already satisfied: oslo.serialization>=5.5.0 in /opt/stack/data/venv/lib/python3.12/site-packages (from neutron==29.0.0.0b2.dev138) (5.11.0)
Requirement already satisfied: oslo.service>=4.2.1 in /opt/stack/data/venv/lib/python3.12/site-packages (from oslo.service[threading]>=4.2.1->neutron==29.0.0.0b2.dev138) (4.8.0)
Requirement already satisfied: oslo.upgradecheck>=1.3.0 in /opt/stack/data/venv/lib/python3.12/site-packages (from neutron==29.0.0.0b2.dev138) (2.8.0)
Requirement already satisfied: oslo.utils>=7.3.0 in /opt/stack/data/venv/lib/python3.12/site-packages (from neutron==29.0.0.0b2.dev138) (10.1.1)
Requirement already satisfied: oslo.versionedobjects>=1.35.1 in /opt/stack/data/venv/lib/python3.12/site-packages (from neutron==29.0.0.0b2.dev138) (3.11.0)
Requirement already satisfied: osprofiler>=2.3.0 in /opt/stack/data/venv/lib/python3.12/site-packages (from neutron==29.0.0.0b2.dev138) (4.4.0)
Collecting os-ken>=4.2.1 (from neutron==29.0.0.0b2.dev138)
  Using cached os_ken-4.2.2-py3-none-any.whl.metadata (2.0 kB)
Collecting os-resource-classes>=1.1.0 (from neutron==29.0.0.0b2.dev138)
  Using cached os_resource_classes-1.1.0-py3-none-any.whl.metadata (1.9 kB)
Collecting ovs>3.3.0 (from neutron==29.0.0.0b2.dev138)
  Using cached ovs-3.7.1-py3-none-any.whl
Collecting ovsdbapp>=2.18.0 (from neutron==29.0.0.0b2.dev138)
  Using cached ovsdbapp-2.19.0-py3-none-any.whl.metadata (1.9 kB)
Requirement already satisfied: psutil>=6.1.0 in /opt/stack/data/venv/lib/python3.12/site-packages (from neutron==29.0.0.0b2.dev138) (7.2.2)
Collecting pyroute2>=0.7.3 (from neutron==29.0.0.0b2.dev138)
  Using cached pyroute2-0.8.1-py3-none-any.whl.metadata (8.2 kB)
Requirement already satisfied: pyOpenSSL>=17.1.0 in /opt/stack/data/venv/lib/python3.12/site-packages (from neutron==29.0.0.0b2.dev138) (24.2.1)
Requirement already satisfied: python-novaclient>=9.1.0 in /opt/stack/data/venv/lib/python3.12/site-packages (from neutron==29.0.0.0b2.dev138) (18.13.0)
Requirement already satisfied: openstacksdk>=0.31.2 in /opt/stack/data/venv/lib/python3.12/site-packages (from neutron==29.0.0.0b2.dev138) (4.18.0)
Collecting python-designateclient>=2.7.0 (from neutron==29.0.0.0b2.dev138)
  Using cached python_designateclient-7.0.0-py3-none-any.whl.metadata (3.1 kB)
Collecting os-vif>=3.1.0 (from neutron==29.0.0.0b2.dev138)
  Using cached os_vif-5.2.0-py3-none-any.whl.metadata (2.1 kB)
Requirement already satisfied: futurist>=1.2.0 in /opt/stack/data/venv/lib/python3.12/site-packages (from neutron==29.0.0.0b2.dev138) (3.5.0)
Requirement already satisfied: tooz>=1.58.0 in /opt/stack/data/venv/lib/python3.12/site-packages (from neutron==29.0.0.0b2.dev138) (9.0.1)
Requirement already satisfied: Mako in /opt/stack/data/venv/lib/python3.12/site-packages (from alembic>=1.18.1->neutron==29.0.0.0b2.dev138) (1.4.1)
Requirement already satisfied: typing-extensions>=4.12 in /opt/stack/data/venv/lib/python3.12/site-packages (from alembic>=1.18.1->neutron==29.0.0.0b2.dev138) (4.16.0)
Requirement already satisfied: wrapt>=2.1.0 in /opt/stack/data/venv/lib/python3.12/site-packages (from debtcollector>=1.19.0->neutron==29.0.0.0b2.dev138) (2.3.0)
Requirement already satisfied: pyparsing<4,>=3.1 in /opt/stack/data/venv/lib/python3.12/site-packages (from httplib2>=0.22.0->neutron==29.0.0.0b2.dev138) (3.3.2)
Requirement already satisfied: MarkupSafe>=2.0 in /opt/stack/data/venv/lib/python3.12/site-packages (from Jinja2>=2.10->neutron==29.0.0.0b2.dev138) (3.0.3)
Requirement already satisfied: iso8601>=2.0.0 in /opt/stack/data/venv/lib/python3.12/site-packages (from keystoneauth1>=3.14.0->neutron==29.0.0.0b2.dev138) (2.1.0)
Requirement already satisfied: os-service-types>=1.2.0 in /opt/stack/data/venv/lib/python3.12/site-packages (from keystoneauth1>=3.14.0->neutron==29.0.0.0b2.dev138) (1.9.0)
Requirement already satisfied: pycadf>=1.1.0 in /opt/stack/data/venv/lib/python3.12/site-packages (from keystonemiddleware>=5.1.0->neutron==29.0.0.0b2.dev138) (4.1.0)
Requirement already satisfied: PyJWT>=2.4.0 in /opt/stack/data/venv/lib/python3.12/site-packages (from keystonemiddleware>=5.1.0->neutron==29.0.0.0b2.dev138) (2.13.0)
Requirement already satisfied: python-keystoneclient>=3.20.0 in /opt/stack/data/venv/lib/python3.12/site-packages (from keystonemiddleware>=5.1.0->neutron==29.0.0.0b2.dev138) (5.8.0)
Requirement already satisfied: setproctitle>=1.1.10 in /opt/stack/data/venv/lib/python3.12/site-packages (from neutron-lib>=5.0.0->neutron==29.0.0.0b2.dev138) (1.3.7)
Collecting os-traits>=0.9.0 (from neutron-lib>=5.0.0->neutron==29.0.0.0b2.dev138)
  Using cached os_traits-3.9.0-py3-none-any.whl.metadata (1.9 kB)
Requirement already satisfied: cryptography>=2.7 in /opt/stack/data/venv/lib/python3.12/site-packages (from openstacksdk>=0.31.2->neutron==29.0.0.0b2.dev138) (43.0.3)
Requirement already satisfied: dogpile.cache>=0.6.5 in /opt/stack/data/venv/lib/python3.12/site-packages (from openstacksdk>=0.31.2->neutron==29.0.0.0b2.dev138) (1.5.0)
Requirement already satisfied: jmespath>=0.9.0 in /opt/stack/data/venv/lib/python3.12/site-packages (from openstacksdk>=0.31.2->neutron==29.0.0.0b2.dev138) (1.1.0)
Requirement already satisfied: jsonpatch!=1.20,>=1.16 in /opt/stack/data/venv/lib/python3.12/site-packages (from openstacksdk>=0.31.2->neutron==29.0.0.0b2.dev138) (1.33)
Requirement already satisfied: platformdirs>=3 in /opt/stack/data/venv/lib/python3.12/site-packages (from openstacksdk>=0.31.2->neutron==29.0.0.0b2.dev138) (4.11.3)
Requirement already satisfied: PyYAML>=3.13 in /opt/stack/data/venv/lib/python3.12/site-packages (from openstacksdk>=0.31.2->neutron==29.0.0.0b2.dev138) (6.0.3)
Requirement already satisfied: cffi>=1.12 in /opt/stack/data/venv/lib/python3.12/site-packages (from cryptography>=2.7->openstacksdk>=0.31.2->neutron==29.0.0.0b2.dev138) (2.1.1)
Requirement already satisfied: pycparser in /opt/stack/data/venv/lib/python3.12/site-packages (from cffi>=1.12->cryptography>=2.7->openstacksdk>=0.31.2->neutron==29.0.0.0b2.dev138) (3.0)
Requirement already satisfied: jsonpointer>=1.9 in /opt/stack/data/venv/lib/python3.12/site-packages (from jsonpatch!=1.20,>=1.16->openstacksdk>=0.31.2->neutron==29.0.0.0b2.dev138) (3.1.1)
Requirement already satisfied: eventlet>=0.27.0 in /opt/stack/data/venv/lib/python3.12/site-packages (from os-ken>=4.2.1->neutron==29.0.0.0b2.dev138) (0.41.2)
Requirement already satisfied: msgpack>=1.0.0 in /opt/stack/data/venv/lib/python3.12/site-packages (from os-ken>=4.2.1->neutron==29.0.0.0b2.dev138) (1.2.1)
Collecting ncclient>=0.6.13 (from os-ken>=4.2.1->neutron==29.0.0.0b2.dev138)
  Using cached ncclient-0.7.1-py3-none-any.whl.metadata (12 kB)
Requirement already satisfied: packaging>=20.4 in /opt/stack/data/venv/lib/python3.12/site-packages (from os-ken>=4.2.1->neutron==29.0.0.0b2.dev138) (26.3)
Requirement already satisfied: dnspython>=1.15.0 in /opt/stack/data/venv/lib/python3.12/site-packages (from eventlet>=0.27.0->os-ken>=4.2.1->neutron==29.0.0.0b2.dev138) (2.8.0)
Requirement already satisfied: greenlet>=1.0 in /opt/stack/data/venv/lib/python3.12/site-packages (from eventlet>=0.27.0->os-ken>=4.2.1->neutron==29.0.0.0b2.dev138) (3.5.5)
Requirement already satisfied: lxml>=3.3.0 in /opt/stack/data/venv/lib/python3.12/site-packages (from ncclient>=0.6.13->os-ken>=4.2.1->neutron==29.0.0.0b2.dev138) (6.1.1)
Requirement already satisfied: paramiko>=3.2.0 in /opt/stack/data/venv/lib/python3.12/site-packages (from ncclient>=0.6.13->os-ken>=4.2.1->neutron==29.0.0.0b2.dev138) (4.0.0)
Requirement already satisfied: fasteners>=0.7.0 in /opt/stack/data/venv/lib/python3.12/site-packages (from oslo.concurrency>=3.26.0->neutron==29.0.0.0b2.dev138) (0.20)
Requirement already satisfied: rfc3986>=1.2.0 in /usr/lib/python3/dist-packages (from oslo.config>=10.2.0->neutron==29.0.0.0b2.dev138) (2.0.0)
Requirement already satisfied: testresources>=2.0.0 in /opt/stack/data/venv/lib/python3.12/site-packages (from oslo.db>=4.44.0->neutron==29.0.0.0b2.dev138) (2.1.2)
Requirement already satisfied: testscenarios>=0.4 in /opt/stack/data/venv/lib/python3.12/site-packages (from oslo.db>=4.44.0->neutron==29.0.0.0b2.dev138) (0.6.2)
Requirement already satisfied: python-dateutil>=2.7.0 in /opt/stack/data/venv/lib/python3.12/site-packages (from oslo.log>=5.3.0->neutron==29.0.0.0b2.dev138) (2.9.0.post0)
Requirement already satisfied: cachetools>=2.0.0 in /opt/stack/data/venv/lib/python3.12/site-packages (from oslo.messaging>=7.0.0->neutron==29.0.0.0b2.dev138) (7.1.7)
Requirement already satisfied: amqp>=2.5.2 in /opt/stack/data/venv/lib/python3.12/site-packages (from oslo.messaging>=7.0.0->neutron==29.0.0.0b2.dev138) (5.3.1)
Requirement already satisfied: kombu>=5.2.0 in /opt/stack/data/venv/lib/python3.12/site-packages (from oslo.messaging>=7.0.0->neutron==29.0.0.0b2.dev138) (5.6.2)
Requirement already satisfied: oslo.metrics>=0.2.1 in /opt/stack/data/venv/lib/python3.12/site-packages (from oslo.messaging>=7.0.0->neutron==29.0.0.0b2.dev138) (0.16.0)
Requirement already satisfied: vine<6.0.0,>=5.0.0 in /opt/stack/data/venv/lib/python3.12/site-packages (from amqp>=2.5.2->oslo.messaging>=7.0.0->neutron==29.0.0.0b2.dev138) (5.1.0)
Requirement already satisfied: tzdata>=2025.2 in /opt/stack/data/venv/lib/python3.12/site-packages (from kombu>=5.2.0->oslo.messaging>=7.0.0->neutron==29.0.0.0b2.dev138) (2026.3)
Requirement already satisfied: prometheus-client>=0.6.0 in /opt/stack/data/venv/lib/python3.12/site-packages (from oslo.metrics>=0.2.1->oslo.messaging>=7.0.0->neutron==29.0.0.0b2.dev138) (0.26.0)
Requirement already satisfied: bcrypt>=3.1.3 in /opt/stack/data/venv/lib/python3.12/site-packages (from oslo.middleware>=3.31.0->neutron==29.0.0.0b2.dev138) (5.0.0)
Requirement already satisfied: statsd>=3.2.1 in /usr/lib/python3/dist-packages (from oslo.middleware>=3.31.0->neutron==29.0.0.0b2.dev138) (4.0.1)
Requirement already satisfied: Yappi>=1.0 in /opt/stack/data/venv/lib/python3.12/site-packages (from oslo.service>=4.2.1->oslo.service[threading]>=4.2.1->neutron==29.0.0.0b2.dev138) (1.7.6)
Requirement already satisfied: cotyledon>=2.2.0 in /opt/stack/data/venv/lib/python3.12/site-packages (from oslo.service[threading]>=4.2.1->neutron==29.0.0.0b2.dev138) (2.2.0)
Requirement already satisfied: PrettyTable>=0.7.1 in /opt/stack/data/venv/lib/python3.12/site-packages (from oslo.upgradecheck>=1.3.0->neutron==29.0.0.0b2.dev138) (3.18.0)
Requirement already satisfied: sortedcontainers in /usr/lib/python3/dist-packages (from ovs>3.3.0->neutron==29.0.0.0b2.dev138) (2.4.0)
Collecting fixtures>=3.0.0 (from ovsdbapp>=2.18.0->neutron==29.0.0.0b2.dev138)
  Using cached fixtures-4.3.2-py3-none-any.whl.metadata (22 kB)
Requirement already satisfied: invoke>=2.0 in /opt/stack/data/venv/lib/python3.12/site-packages (from paramiko>=3.2.0->ncclient>=0.6.13->os-ken>=4.2.1->neutron==29.0.0.0b2.dev138) (3.0.3)
Requirement already satisfied: pynacl>=1.5 in /opt/stack/data/venv/lib/python3.12/site-packages (from paramiko>=3.2.0->ncclient>=0.6.13->os-ken>=4.2.1->neutron==29.0.0.0b2.dev138) (1.6.2)
Requirement already satisfied: setuptools in /opt/stack/data/venv/lib/python3.12/site-packages (from Paste>=2.0.2->neutron==29.0.0.0b2.dev138) (84.0.0)
Requirement already satisfied: wcwidth>=0.3.5 in /opt/stack/data/venv/lib/python3.12/site-packages (from PrettyTable>=0.7.1->oslo.upgradecheck>=1.3.0->neutron==29.0.0.0b2.dev138) (0.8.2)
Requirement already satisfied: six>=1.5 in /opt/stack/data/venv/lib/python3.12/site-packages (from python-dateutil>=2.7.0->oslo.log>=5.3.0->neutron==29.0.0.0b2.dev138) (1.17.0)
Requirement already satisfied: cliff!=2.9.0,>=2.8.0 in /opt/stack/data/venv/lib/python3.12/site-packages (from python-designateclient>=2.7.0->neutron==29.0.0.0b2.dev138) (4.15.0)
Requirement already satisfied: jsonschema>=3.2.0 in /opt/stack/data/venv/lib/python3.12/site-packages (from python-designateclient>=2.7.0->neutron==29.0.0.0b2.dev138) (4.26.0)
Collecting osc-lib>=1.8.0 (from python-designateclient>=2.7.0->neutron==29.0.0.0b2.dev138)
  Using cached osc_lib-4.7.0-py3-none-any.whl.metadata (3.8 kB)
Requirement already satisfied: autopage>=0.4.0 in /opt/stack/data/venv/lib/python3.12/site-packages (from cliff!=2.9.0,>=2.8.0->python-designateclient>=2.7.0->neutron==29.0.0.0b2.dev138) (0.6.0)
Requirement already satisfied: cmd2>=3.0.0 in /opt/stack/data/venv/lib/python3.12/site-packages (from cliff!=2.9.0,>=2.8.0->python-designateclient>=2.7.0->neutron==29.0.0.0b2.dev138) (4.2.0)
Requirement already satisfied: prompt-toolkit>=3.0.53 in /opt/stack/data/venv/lib/python3.12/site-packages (from cmd2>=3.0.0->cliff!=2.9.0,>=2.8.0->python-designateclient>=2.7.0->neutron==29.0.0.0b2.dev138) (3.0.53)
Requirement already satisfied: pyperclip>=1.8.2 in /opt/stack/data/venv/lib/python3.12/site-packages (from cmd2>=3.0.0->cliff!=2.9.0,>=2.8.0->python-designateclient>=2.7.0->neutron==29.0.0.0b2.dev138) (1.11.0)
Requirement already satisfied: rich>=15.0.0 in /opt/stack/data/venv/lib/python3.12/site-packages (from cmd2>=3.0.0->cliff!=2.9.0,>=2.8.0->python-designateclient>=2.7.0->neutron==29.0.0.0b2.dev138) (15.0.0)
Requirement already satisfied: rich-argparse>=1.7.2 in /opt/stack/data/venv/lib/python3.12/site-packages (from cmd2>=3.0.0->cliff!=2.9.0,>=2.8.0->python-designateclient>=2.7.0->neutron==29.0.0.0b2.dev138) (1.8.0)
Requirement already satisfied: attrs>=22.2.0 in /opt/stack/data/venv/lib/python3.12/site-packages (from jsonschema>=3.2.0->python-designateclient>=2.7.0->neutron==29.0.0.0b2.dev138) (26.1.0)
Requirement already satisfied: jsonschema-specifications>=2023.03.6 in /opt/stack/data/venv/lib/python3.12/site-packages (from jsonschema>=3.2.0->python-designateclient>=2.7.0->neutron==29.0.0.0b2.dev138) (2025.9.1)
Requirement already satisfied: referencing>=0.28.4 in /opt/stack/data/venv/lib/python3.12/site-packages (from jsonschema>=3.2.0->python-designateclient>=2.7.0->neutron==29.0.0.0b2.dev138) (0.37.0)
Requirement already satisfied: rpds-py>=0.25.0 in /opt/stack/data/venv/lib/python3.12/site-packages (from jsonschema>=3.2.0->python-designateclient>=2.7.0->neutron==29.0.0.0b2.dev138) (2026.6.3)
Requirement already satisfied: charset_normalizer<4,>=2 in /opt/stack/data/venv/lib/python3.12/site-packages (from requests>=2.32.3->neutron==29.0.0.0b2.dev138) (3.5.0)
Requirement already satisfied: idna<4,>=2.5 in /opt/stack/data/venv/lib/python3.12/site-packages (from requests>=2.32.3->neutron==29.0.0.0b2.dev138) (3.18)
Requirement already satisfied: urllib3<3,>=1.26 in /opt/stack/data/venv/lib/python3.12/site-packages (from requests>=2.32.3->neutron==29.0.0.0b2.dev138) (2.7.0)
Requirement already satisfied: certifi>=2023.5.7 in /usr/lib/python3/dist-packages (from requests>=2.32.3->neutron==29.0.0.0b2.dev138) (2023.11.17)
Requirement already satisfied: markdown-it-py>=2.2.0 in /opt/stack/data/venv/lib/python3.12/site-packages (from rich>=15.0.0->cmd2>=3.0.0->cliff!=2.9.0,>=2.8.0->python-designateclient>=2.7.0->neutron==29.0.0.0b2.dev138) (4.2.0)
Requirement already satisfied: pygments<3.0.0,>=2.13.0 in /opt/stack/data/venv/lib/python3.12/site-packages (from rich>=15.0.0->cmd2>=3.0.0->cliff!=2.9.0,>=2.8.0->python-designateclient>=2.7.0->neutron==29.0.0.0b2.dev138) (2.20.0)
Requirement already satisfied: mdurl~=0.1 in /usr/lib/python3/dist-packages (from markdown-it-py>=2.2.0->rich>=15.0.0->cmd2>=3.0.0->cliff!=2.9.0,>=2.8.0->python-designateclient>=2.7.0->neutron==29.0.0.0b2.dev138) (0.1.2)
Requirement already satisfied: voluptuous>=0.8.9 in /opt/stack/data/venv/lib/python3.12/site-packages (from tooz>=1.58.0->neutron==29.0.0.0b2.dev138) (0.16.0)
Using cached neutron_lib-5.0.0-py3-none-any.whl (656 kB)
Using cached os_ken-4.2.2-py3-none-any.whl (2.0 MB)
Using cached ncclient-0.7.1-py3-none-any.whl (94 kB)
Using cached os_resource_classes-1.1.0-py3-none-any.whl (11 kB)
Using cached os_traits-3.9.0-py3-none-any.whl (44 kB)
Using cached os_vif-5.2.0-py3-none-any.whl (104 kB)
Using cached ovsdbapp-2.19.0-py3-none-any.whl (158 kB)
Using cached fixtures-4.3.2-py3-none-any.whl (41 kB)
Using cached pecan-1.8.0-py3-none-any.whl (144 kB)
Using cached pyroute2-0.8.1-py3-none-any.whl (474 kB)
Using cached python_designateclient-7.0.0-py3-none-any.whl (99 kB)
Using cached osc_lib-4.7.0-py3-none-any.whl (97 kB)
Building wheels for collected packages: neutron
  Building editable for neutron (pyproject.toml): started
  Building editable for neutron (pyproject.toml): finished with status 'done'
  Created wheel for neutron: filename=neutron-29.0.0.0b2.dev138-0.editable-py3-none-any.whl size=16069 sha256=535731d596a1a49b8712ab18655533c223761109e1a74f5a71c33aa114517580
  Stored in directory: /tmp/pip-ephem-wheel-cache-2ez9nc2e/wheels/85/41/4b/b676c3191efff247eca42312d2ef97517d6d981ada429e2e98
Successfully built neutron
Installing collected packages: pyroute2, ovs, fixtures, pecan, ovsdbapp, os-traits, os-resource-classes, ncclient, os-ken, osc-lib, python-designateclient, os-vif, neutron-lib, neutron
  Attempting uninstall: ovs
    Found existing installation: ovs 3.3.9
    Not uninstalling ovs at /usr/lib/python3/dist-packages, outside environment /opt/stack/data/venv
    Can't uninstall 'ovs'. No files were found to uninstall.
  Attempting uninstall: fixtures
    Found existing installation: fixtures 4.0.1
    Not uninstalling fixtures at /usr/lib/python3/dist-packages, outside environment /opt/stack/data/venv
    Can't uninstall 'fixtures'. No files were found to uninstall.

Successfully installed fixtures-4.3.2 ncclient-0.7.1 neutron-29.0.0.0b2.dev138 neutron-lib-5.0.0 os-ken-4.2.2 os-resource-classes-1.1.0 os-traits-3.9.0 os-vif-5.2.0 osc-lib-4.7.0 ovs-3.7.1 ovsdbapp-2.19.0 pecan-1.8.0 pyroute2-0.8.1 python-designateclient-7.0.0
+ inc/python:pip_install:216               :   result=0
+ inc/python:pip_install:218               :   time_stop pip_install
+ functions-common:time_stop:2420          :   local name
+ functions-common:time_stop:2421          :   local end_time
+ functions-common:time_stop:2422          :   local elapsed_time
+ functions-common:time_stop:2423          :   local total
+ functions-common:time_stop:2424          :   local start_time
+ functions-common:time_stop:2426          :   name=pip_install
+ functions-common:time_stop:2427          :   start_time=1787877719842
+ functions-common:time_stop:2429          :   [[ -z 1787877719842 ]]
++ functions-common:time_stop:2432          :   date +%s%3N
+ functions-common:time_stop:2432          :   end_time=1787877731954
+ functions-common:time_stop:2433          :   elapsed_time=12112
+ functions-common:time_stop:2434          :   total=84826
+ functions-common:time_stop:2436          :   _TIME_START[$name]=
+ functions-common:time_stop:2437          :   _TIME_TOTAL[$name]=96938
+ inc/python:pip_install:219               :   return 0
+ inc/python:setup_package:466             :   [[ -e == \-\e ]]
+ inc/python:setup_package:466             :   [[ True == \F\a\l\s\e ]]
+ inc/python:_setup_package_with_constraints_edit:412 :   use_library_from_git /opt/stack/neutron
+ inc/python:use_library_from_git:266      :   local name=/opt/stack/neutron
+ inc/python:use_library_from_git:267      :   local enabled=1
+ inc/python:use_library_from_git:268      :   [[ os-brick = \A\L\L ]]
+ inc/python:use_library_from_git:268      :   [[ ,os-brick, =~ ,/opt/stack/neutron, ]]
+ inc/python:use_library_from_git:269      :   return 1
+ lib/neutron:install_neutron:535          :   [[ ovn == \o\v\n ]]
+ lib/neutron:install_neutron:536          :   install_ovn
+ lib/neutron_plugins/ovn_agent:install_ovn:407 :   echo 'Installing OVN and dependent packages'
Installing OVN and dependent packages
+ lib/neutron_plugins/ovn_agent:install_ovn:410 :   ovn_sanity_check
+ lib/neutron_plugins/ovn_agent:ovn_sanity_check:394 :   is_service_enabled q-agt neutron-agent
+ functions-common:is_service_enabled:2076 :   return 1
+ lib/neutron_plugins/ovn_agent:ovn_sanity_check:396 :   is_service_enabled q-l3 neutron-l3
+ functions-common:is_service_enabled:2076 :   return 1
+ lib/neutron_plugins/ovn_agent:ovn_sanity_check:398 :   is_service_enabled q-svc neutron-api
+ functions-common:is_service_enabled:2076 :   return 0
+ lib/neutron_plugins/ovn_agent:ovn_sanity_check:398 :   [[ ! ovn =~ ovn ]]
+ lib/neutron_plugins/ovn_agent:ovn_sanity_check:400 :   is_service_enabled q-svc neutron-api
+ functions-common:is_service_enabled:2076 :   return 0
+ lib/neutron_plugins/ovn_agent:ovn_sanity_check:400 :   [[ ! local,flat,vlan,geneve =~ geneve ]]
+ lib/neutron_plugins/ovn_agent:install_ovn:412 :   sudo mkdir -p /var/run/openvswitch
++ lib/neutron_plugins/ovn_agent:install_ovn:413 :   whoami
+ lib/neutron_plugins/ovn_agent:install_ovn:413 :   sudo chown slave /var/run/openvswitch
+ lib/neutron_plugins/ovn_agent:install_ovn:415 :   [[ False == \T\r\u\e ]]
++ lib/neutron_plugins/ovn_agent:install_ovn:437 :   get_packages openvswitch
+ lib/neutron_plugins/ovn_agent:install_ovn:437 :   install_package fakeroot make openvswitch-switch
+ functions-common:install_package:1438    :   update_package_repo
+ functions-common:update_package_repo:1412 :   NO_UPDATE_REPOS=False
+ functions-common:update_package_repo:1413 :   REPOS_UPDATED=True
+ functions-common:update_package_repo:1414 :   RETRY_UPDATE=False
+ functions-common:update_package_repo:1416 :   [[ False = \T\r\u\e ]]
+ functions-common:update_package_repo:1420 :   is_ubuntu
+ functions-common:is_ubuntu:546           :   [[ -z deb ]]
+ functions-common:is_ubuntu:549           :   '[' deb = deb ']'
+ functions-common:update_package_repo:1421 :   apt_get_update
+ functions-common:apt_get_update:1166     :   [[ True == \T\r\u\e ]]
+ functions-common:apt_get_update:1166     :   [[ False != \T\r\u\e ]]
+ functions-common:apt_get_update:1167     :   return
+ functions-common:install_package:1439    :   real_install_package fakeroot make openvswitch-switch
+ functions-common:real_install_package:1426 :   is_ubuntu
+ functions-common:is_ubuntu:546           :   [[ -z deb ]]
+ functions-common:is_ubuntu:549           :   '[' deb = deb ']'
+ functions-common:real_install_package:1427 :   apt_get install fakeroot make openvswitch-switch
+ functions-common:apt_get:1207            :   sudo DEBIAN_FRONTEND=noninteractive http_proxy= https_proxy= no_proxy= apt-get --option Dpkg::Options::=--force-confold --assume-yes install fakeroot make openvswitch-switch
Reading package lists...
Building dependency tree...
Reading state information...
fakeroot is already the newest version (1.33-1).
make is already the newest version (4.3-4.1build2).
openvswitch-switch is already the newest version (3.3.9-0ubuntu0.24.04.1).
The following packages were automatically installed and are no longer required:
  alembic keystone-common pycadf-common python3-alembic python3-amqp
  python3-aniso8601 python3-asgiref python3-bs4 python3-cssselect
  python3-debtcollector python3-decorator python3-defusedxml python3-dnspython
  python3-dogpile.cache python3-elementpath python3-eventlet python3-fasteners
  python3-flask python3-flask-restful python3-futurist python3-greenlet
  python3-html5lib python3-iso8601 python3-itsdangerous python3-keystoneauth1
  python3-keystoneclient python3-keystonemiddleware python3-kombu python3-ldap
  python3-lxml python3-mako python3-memcache python3-migrate python3-monotonic
  python3-msgpack python3-os-service-types python3-oslo.cache
  python3-oslo.concurrency python3-oslo.config python3-oslo.context
  python3-oslo.db python3-oslo.i18n python3-oslo.log python3-oslo.metrics
  python3-oslo.middleware python3-oslo.policy python3-oslo.serialization
  python3-oslo.upgradecheck python3-oslo.utils python3-osprofiler
  python3-passlib python3-paste python3-pastedeploy python3-pastedeploy-tpl
  python3-pastescript python3-prometheus-client python3-pyasyncore
  python3-pycadf python3-pyinotify python3-pymysql python3-pysaml2
  python3-repoze.lru python3-rfc3986 python3-routes python3-scrypt
  python3-simplejson python3-soupsieve python3-sqlalchemy
  python3-sqlalchemy-ext python3-sqlparse python3-statsd python3-tempita
  python3-tenacity python3-testscenarios python3-vine python3-webencodings
  python3-webob python3-werkzeug python3-wrapt python3-xmlschema xmlsec1
Use 'sudo apt autoremove' to remove them.
0 upgraded, 0 newly installed, 0 to remove and 80 not upgraded.
+ functions-common:apt_get:1211            :   result=0
+ functions-common:apt_get:1214            :   time_stop apt-get
+ functions-common:time_stop:2420          :   local name
+ functions-common:time_stop:2421          :   local end_time
+ functions-common:time_stop:2422          :   local elapsed_time
+ functions-common:time_stop:2423          :   local total
+ functions-common:time_stop:2424          :   local start_time
+ functions-common:time_stop:2426          :   name=apt-get
+ functions-common:time_stop:2427          :   start_time=1787877732170
+ functions-common:time_stop:2429          :   [[ -z 1787877732170 ]]
++ functions-common:time_stop:2432          :   date +%s%3N
+ functions-common:time_stop:2432          :   end_time=1787877732733
+ functions-common:time_stop:2433          :   elapsed_time=563
+ functions-common:time_stop:2434          :   total=4151
+ functions-common:time_stop:2436          :   _TIME_START[$name]=
+ functions-common:time_stop:2437          :   _TIME_TOTAL[$name]=4714
+ functions-common:apt_get:1215            :   return 0
++ lib/neutron_plugins/ovn_agent:install_ovn:438 :   get_packages ovn
+ lib/neutron_plugins/ovn_agent:install_ovn:438 :   install_package ovn-central ovn-controller-vtep ovn-host
+ functions-common:install_package:1438    :   update_package_repo
+ functions-common:update_package_repo:1412 :   NO_UPDATE_REPOS=False
+ functions-common:update_package_repo:1413 :   REPOS_UPDATED=True
+ functions-common:update_package_repo:1414 :   RETRY_UPDATE=False
+ functions-common:update_package_repo:1416 :   [[ False = \T\r\u\e ]]
+ functions-common:update_package_repo:1420 :   is_ubuntu
+ functions-common:is_ubuntu:546           :   [[ -z deb ]]
+ functions-common:is_ubuntu:549           :   '[' deb = deb ']'
+ functions-common:update_package_repo:1421 :   apt_get_update
+ functions-common:apt_get_update:1166     :   [[ True == \T\r\u\e ]]
+ functions-common:apt_get_update:1166     :   [[ False != \T\r\u\e ]]
+ functions-common:apt_get_update:1167     :   return
+ functions-common:install_package:1439    :   real_install_package ovn-central ovn-controller-vtep ovn-host
+ functions-common:real_install_package:1426 :   is_ubuntu
+ functions-common:is_ubuntu:546           :   [[ -z deb ]]
+ functions-common:is_ubuntu:549           :   '[' deb = deb ']'
+ functions-common:real_install_package:1427 :   apt_get install ovn-central ovn-controller-vtep ovn-host
+ functions-common:apt_get:1207            :   sudo DEBIAN_FRONTEND=noninteractive http_proxy= https_proxy= no_proxy= apt-get --option Dpkg::Options::=--force-confold --assume-yes install ovn-central ovn-controller-vtep ovn-host
Reading package lists...
Building dependency tree...
Reading state information...
ovn-central is already the newest version (24.03.6-0ubuntu0.24.04.1).
ovn-controller-vtep is already the newest version (24.03.6-0ubuntu0.24.04.1).
ovn-host is already the newest version (24.03.6-0ubuntu0.24.04.1).
The following packages were automatically installed and are no longer required:
  alembic keystone-common pycadf-common python3-alembic python3-amqp
  python3-aniso8601 python3-asgiref python3-bs4 python3-cssselect
  python3-debtcollector python3-decorator python3-defusedxml python3-dnspython
  python3-dogpile.cache python3-elementpath python3-eventlet python3-fasteners
  python3-flask python3-flask-restful python3-futurist python3-greenlet
  python3-html5lib python3-iso8601 python3-itsdangerous python3-keystoneauth1
  python3-keystoneclient python3-keystonemiddleware python3-kombu python3-ldap
  python3-lxml python3-mako python3-memcache python3-migrate python3-monotonic
  python3-msgpack python3-os-service-types python3-oslo.cache
  python3-oslo.concurrency python3-oslo.config python3-oslo.context
  python3-oslo.db python3-oslo.i18n python3-oslo.log python3-oslo.metrics
  python3-oslo.middleware python3-oslo.policy python3-oslo.serialization
  python3-oslo.upgradecheck python3-oslo.utils python3-osprofiler
  python3-passlib python3-paste python3-pastedeploy python3-pastedeploy-tpl
  python3-pastescript python3-prometheus-client python3-pyasyncore
  python3-pycadf python3-pyinotify python3-pymysql python3-pysaml2
  python3-repoze.lru python3-rfc3986 python3-routes python3-scrypt
  python3-simplejson python3-soupsieve python3-sqlalchemy
  python3-sqlalchemy-ext python3-sqlparse python3-statsd python3-tempita
  python3-tenacity python3-testscenarios python3-vine python3-webencodings
  python3-webob python3-werkzeug python3-wrapt python3-xmlschema xmlsec1
Use 'sudo apt autoremove' to remove them.
0 upgraded, 0 newly installed, 0 to remove and 80 not upgraded.
+ functions-common:apt_get:1211            :   result=0
+ functions-common:apt_get:1214            :   time_stop apt-get
+ functions-common:time_stop:2420          :   local name
+ functions-common:time_stop:2421          :   local end_time
+ functions-common:time_stop:2422          :   local elapsed_time
+ functions-common:time_stop:2423          :   local total
+ functions-common:time_stop:2424          :   local start_time
+ functions-common:time_stop:2426          :   name=apt-get
+ functions-common:time_stop:2427          :   start_time=1787877732820
+ functions-common:time_stop:2429          :   [[ -z 1787877732820 ]]
++ functions-common:time_stop:2432          :   date +%s%3N
+ functions-common:time_stop:2432          :   end_time=1787877733434
+ functions-common:time_stop:2433          :   elapsed_time=614
+ functions-common:time_stop:2434          :   total=4714
+ functions-common:time_stop:2436          :   _TIME_START[$name]=
+ functions-common:time_stop:2437          :   _TIME_TOTAL[$name]=5328
+ functions-common:apt_get:1215            :   return 0
+ lib/neutron_plugins/ovn_agent:install_ovn:442 :   export PATH=/bin:/opt/stack/data/venv/bin:/usr/local/sbin:/usr/local/bin:/usr/sbin:/usr/bin:/sbin:/bin:/usr/games:/usr/local/games:/snap/bin:/usr/local/bin:/usr/local/sbin:/usr/sbin:/sbin
+ lib/neutron_plugins/ovn_agent:install_ovn:442 :   PATH=/bin:/opt/stack/data/venv/bin:/usr/local/sbin:/usr/local/bin:/usr/sbin:/usr/bin:/sbin:/bin:/usr/games:/usr/local/games:/snap/bin:/usr/local/bin:/usr/local/sbin:/usr/sbin:/sbin
+ lib/neutron_plugins/ovn_agent:install_ovn:445 :   local log_archive_dir=/opt/stack/logs/archive
+ lib/neutron_plugins/ovn_agent:install_ovn:446 :   mkdir -p /opt/stack/logs/archive
+ lib/neutron_plugins/ovn_agent:install_ovn:447 :   for logfile in ovs-vswitchd.log ovn-northd.log ovn-controller.log ovn-controller-vtep.log ovs-vtep.log ovsdb-server.log ovsdb-server-nb.log ovsdb-server-sb.log
+ lib/neutron_plugins/ovn_agent:install_ovn:448 :   '[' -f /opt/stack/logs/ovs-vswitchd.log ']'
+ lib/neutron_plugins/ovn_agent:install_ovn:447 :   for logfile in ovs-vswitchd.log ovn-northd.log ovn-controller.log ovn-controller-vtep.log ovs-vtep.log ovsdb-server.log ovsdb-server-nb.log ovsdb-server-sb.log
+ lib/neutron_plugins/ovn_agent:install_ovn:448 :   '[' -f /opt/stack/logs/ovn-northd.log ']'
+ lib/neutron_plugins/ovn_agent:install_ovn:447 :   for logfile in ovs-vswitchd.log ovn-northd.log ovn-controller.log ovn-controller-vtep.log ovs-vtep.log ovsdb-server.log ovsdb-server-nb.log ovsdb-server-sb.log
+ lib/neutron_plugins/ovn_agent:install_ovn:448 :   '[' -f /opt/stack/logs/ovn-controller.log ']'
+ lib/neutron_plugins/ovn_agent:install_ovn:447 :   for logfile in ovs-vswitchd.log ovn-northd.log ovn-controller.log ovn-controller-vtep.log ovs-vtep.log ovsdb-server.log ovsdb-server-nb.log ovsdb-server-sb.log
+ lib/neutron_plugins/ovn_agent:install_ovn:448 :   '[' -f /opt/stack/logs/ovn-controller-vtep.log ']'
+ lib/neutron_plugins/ovn_agent:install_ovn:447 :   for logfile in ovs-vswitchd.log ovn-northd.log ovn-controller.log ovn-controller-vtep.log ovs-vtep.log ovsdb-server.log ovsdb-server-nb.log ovsdb-server-sb.log
+ lib/neutron_plugins/ovn_agent:install_ovn:448 :   '[' -f /opt/stack/logs/ovs-vtep.log ']'
+ lib/neutron_plugins/ovn_agent:install_ovn:447 :   for logfile in ovs-vswitchd.log ovn-northd.log ovn-controller.log ovn-controller-vtep.log ovs-vtep.log ovsdb-server.log ovsdb-server-nb.log ovsdb-server-sb.log
+ lib/neutron_plugins/ovn_agent:install_ovn:448 :   '[' -f /opt/stack/logs/ovsdb-server.log ']'
+ lib/neutron_plugins/ovn_agent:install_ovn:447 :   for logfile in ovs-vswitchd.log ovn-northd.log ovn-controller.log ovn-controller-vtep.log ovs-vtep.log ovsdb-server.log ovsdb-server-nb.log ovsdb-server-sb.log
+ lib/neutron_plugins/ovn_agent:install_ovn:448 :   '[' -f /opt/stack/logs/ovsdb-server-nb.log ']'
+ lib/neutron_plugins/ovn_agent:install_ovn:447 :   for logfile in ovs-vswitchd.log ovn-northd.log ovn-controller.log ovn-controller-vtep.log ovs-vtep.log ovsdb-server.log ovsdb-server-nb.log ovsdb-server-sb.log
+ lib/neutron_plugins/ovn_agent:install_ovn:448 :   '[' -f /opt/stack/logs/ovsdb-server-sb.log ']'
+ lib/neutron_plugins/ovn_agent:install_ovn:454 :   use_library_from_git ovsdbapp
+ inc/python:use_library_from_git:266      :   local name=ovsdbapp
+ inc/python:use_library_from_git:267      :   local enabled=1
+ inc/python:use_library_from_git:268      :   [[ os-brick = \A\L\L ]]
+ inc/python:use_library_from_git:268      :   [[ ,os-brick, =~ ,ovsdbapp, ]]
+ inc/python:use_library_from_git:269      :   return 1
+ lib/neutron_plugins/ovn_agent:install_ovn:460 :   [[ False == \T\r\u\e ]]
+ lib/stack:stack_install_service:33       :   [[ False = True ]]
+ ./stack.sh:main:959                      :   is_service_enabled nova
+ functions-common:is_service_enabled:2076 :   return 0
+ ./stack.sh:main:961                      :   stack_install_service nova
+ lib/stack:stack_install_service:20       :   local service=nova
+ lib/stack:stack_install_service:21       :   type install_nova
+ lib/stack:stack_install_service:23       :   [[ False = True ]]
+ lib/stack:stack_install_service:32       :   install_nova
+ lib/nova:install_nova:912                :   use_library_from_git os-vif
+ inc/python:use_library_from_git:266      :   local name=os-vif
+ inc/python:use_library_from_git:267      :   local enabled=1
+ inc/python:use_library_from_git:268      :   [[ os-brick = \A\L\L ]]
+ inc/python:use_library_from_git:268      :   [[ ,os-brick, =~ ,os-vif, ]]
+ inc/python:use_library_from_git:269      :   return 1
+ lib/nova:install_nova:917                :   is_service_enabled n-cpu
+ functions-common:is_service_enabled:2076 :   return 0
+ lib/nova:install_nova:917                :   [[ -r /home/slave/devstack/lib/nova_plugins/hypervisor-libvirt ]]
+ lib/nova:install_nova:918                :   install_nova_hypervisor
+ lib/nova_plugins/hypervisor-libvirt:install_nova_hypervisor:91 :   install_libvirt
+ lib/nova_plugins/functions-libvirt:install_libvirt:80 :   [[ noble =~ bookworm ]]
+ lib/nova_plugins/functions-libvirt:install_libvirt:93 :   /opt/stack/requirements/.venv/bin/edit-constraints /opt/stack/requirements/upper-constraints.txt -- libvirt-python
+ lib/nova_plugins/functions-libvirt:install_libvirt:95 :   is_ubuntu
+ functions-common:is_ubuntu:546           :   [[ -z deb ]]
+ functions-common:is_ubuntu:549           :   '[' deb = deb ']'
+ lib/nova_plugins/functions-libvirt:install_libvirt:96 :   install_package qemu-system libvirt-clients libvirt-daemon-system libvirt-dev python3-libvirt systemd-coredump
+ functions-common:install_package:1438    :   update_package_repo
+ functions-common:update_package_repo:1412 :   NO_UPDATE_REPOS=False
+ functions-common:update_package_repo:1413 :   REPOS_UPDATED=True
+ functions-common:update_package_repo:1414 :   RETRY_UPDATE=False
+ functions-common:update_package_repo:1416 :   [[ False = \T\r\u\e ]]
+ functions-common:update_package_repo:1420 :   is_ubuntu
+ functions-common:is_ubuntu:546           :   [[ -z deb ]]
+ functions-common:is_ubuntu:549           :   '[' deb = deb ']'
+ functions-common:update_package_repo:1421 :   apt_get_update
+ functions-common:apt_get_update:1166     :   [[ True == \T\r\u\e ]]
+ functions-common:apt_get_update:1166     :   [[ False != \T\r\u\e ]]
+ functions-common:apt_get_update:1167     :   return
+ functions-common:install_package:1439    :   real_install_package qemu-system libvirt-clients libvirt-daemon-system libvirt-dev python3-libvirt systemd-coredump
+ functions-common:real_install_package:1426 :   is_ubuntu
+ functions-common:is_ubuntu:546           :   [[ -z deb ]]
+ functions-common:is_ubuntu:549           :   '[' deb = deb ']'
+ functions-common:real_install_package:1427 :   apt_get install qemu-system libvirt-clients libvirt-daemon-system libvirt-dev python3-libvirt systemd-coredump
+ functions-common:apt_get:1207            :   sudo DEBIAN_FRONTEND=noninteractive http_proxy= https_proxy= no_proxy= apt-get --option Dpkg::Options::=--force-confold --assume-yes install qemu-system libvirt-clients libvirt-daemon-system libvirt-dev python3-libvirt systemd-coredump
Reading package lists...
Building dependency tree...
Reading state information...
qemu-system is already the newest version (1:8.2.2+ds-0ubuntu1.18).
libvirt-clients is already the newest version (10.0.0-2ubuntu8.16).
libvirt-daemon-system is already the newest version (10.0.0-2ubuntu8.16).
libvirt-dev is already the newest version (10.0.0-2ubuntu8.16).
python3-libvirt is already the newest version (10.0.0-1build1).
systemd-coredump is already the newest version (255.4-1ubuntu8.17).
The following packages were automatically installed and are no longer required:
  alembic keystone-common pycadf-common python3-alembic python3-amqp
  python3-aniso8601 python3-asgiref python3-bs4 python3-cssselect
  python3-debtcollector python3-decorator python3-defusedxml python3-dnspython
  python3-dogpile.cache python3-elementpath python3-eventlet python3-fasteners
  python3-flask python3-flask-restful python3-futurist python3-greenlet
  python3-html5lib python3-iso8601 python3-itsdangerous python3-keystoneauth1
  python3-keystoneclient python3-keystonemiddleware python3-kombu python3-ldap
  python3-lxml python3-mako python3-memcache python3-migrate python3-monotonic
  python3-msgpack python3-os-service-types python3-oslo.cache
  python3-oslo.concurrency python3-oslo.config python3-oslo.context
  python3-oslo.db python3-oslo.i18n python3-oslo.log python3-oslo.metrics
  python3-oslo.middleware python3-oslo.policy python3-oslo.serialization
  python3-oslo.upgradecheck python3-oslo.utils python3-osprofiler
  python3-passlib python3-paste python3-pastedeploy python3-pastedeploy-tpl
  python3-pastescript python3-prometheus-client python3-pyasyncore
  python3-pycadf python3-pyinotify python3-pymysql python3-pysaml2
  python3-repoze.lru python3-rfc3986 python3-routes python3-scrypt
  python3-simplejson python3-soupsieve python3-sqlalchemy
  python3-sqlalchemy-ext python3-sqlparse python3-statsd python3-tempita
  python3-tenacity python3-testscenarios python3-vine python3-webencodings
  python3-webob python3-werkzeug python3-wrapt python3-xmlschema xmlsec1
Use 'sudo apt autoremove' to remove them.
0 upgraded, 0 newly installed, 0 to remove and 80 not upgraded.
+ functions-common:apt_get:1211            :   result=0
+ functions-common:apt_get:1214            :   time_stop apt-get
+ functions-common:time_stop:2420          :   local name
+ functions-common:time_stop:2421          :   local end_time
+ functions-common:time_stop:2422          :   local elapsed_time
+ functions-common:time_stop:2423          :   local total
+ functions-common:time_stop:2424          :   local start_time
+ functions-common:time_stop:2426          :   name=apt-get
+ functions-common:time_stop:2427          :   start_time=1787877733752
+ functions-common:time_stop:2429          :   [[ -z 1787877733752 ]]
++ functions-common:time_stop:2432          :   date +%s%3N
+ functions-common:time_stop:2432          :   end_time=1787877734365
+ functions-common:time_stop:2433          :   elapsed_time=613
+ functions-common:time_stop:2434          :   total=5328
+ functions-common:time_stop:2436          :   _TIME_START[$name]=
+ functions-common:time_stop:2437          :   _TIME_TOTAL[$name]=5941
+ functions-common:apt_get:1215            :   return 0
+ lib/nova_plugins/functions-libvirt:install_libvirt:97 :   install_package ovmf swtpm swtpm-tools mdevctl
+ functions-common:install_package:1438    :   update_package_repo
+ functions-common:update_package_repo:1412 :   NO_UPDATE_REPOS=False
+ functions-common:update_package_repo:1413 :   REPOS_UPDATED=True
+ functions-common:update_package_repo:1414 :   RETRY_UPDATE=False
+ functions-common:update_package_repo:1416 :   [[ False = \T\r\u\e ]]
+ functions-common:update_package_repo:1420 :   is_ubuntu
+ functions-common:is_ubuntu:546           :   [[ -z deb ]]
+ functions-common:is_ubuntu:549           :   '[' deb = deb ']'
+ functions-common:update_package_repo:1421 :   apt_get_update
+ functions-common:apt_get_update:1166     :   [[ True == \T\r\u\e ]]
+ functions-common:apt_get_update:1166     :   [[ False != \T\r\u\e ]]
+ functions-common:apt_get_update:1167     :   return
+ functions-common:install_package:1439    :   real_install_package ovmf swtpm swtpm-tools mdevctl
+ functions-common:real_install_package:1426 :   is_ubuntu
+ functions-common:is_ubuntu:546           :   [[ -z deb ]]
+ functions-common:is_ubuntu:549           :   '[' deb = deb ']'
+ functions-common:real_install_package:1427 :   apt_get install ovmf swtpm swtpm-tools mdevctl
+ functions-common:apt_get:1207            :   sudo DEBIAN_FRONTEND=noninteractive http_proxy= https_proxy= no_proxy= apt-get --option Dpkg::Options::=--force-confold --assume-yes install ovmf swtpm swtpm-tools mdevctl
Reading package lists...
Building dependency tree...
Reading state information...
ovmf is already the newest version (2024.02-2ubuntu0.9).
swtpm is already the newest version (0.7.3-0ubuntu5.24.04.1).
swtpm-tools is already the newest version (0.7.3-0ubuntu5.24.04.1).
mdevctl is already the newest version (1.3.0-1ubuntu2.1).
The following packages were automatically installed and are no longer required:
  alembic keystone-common pycadf-common python3-alembic python3-amqp
  python3-aniso8601 python3-asgiref python3-bs4 python3-cssselect
  python3-debtcollector python3-decorator python3-defusedxml python3-dnspython
  python3-dogpile.cache python3-elementpath python3-eventlet python3-fasteners
  python3-flask python3-flask-restful python3-futurist python3-greenlet
  python3-html5lib python3-iso8601 python3-itsdangerous python3-keystoneauth1
  python3-keystoneclient python3-keystonemiddleware python3-kombu python3-ldap
  python3-lxml python3-mako python3-memcache python3-migrate python3-monotonic
  python3-msgpack python3-os-service-types python3-oslo.cache
  python3-oslo.concurrency python3-oslo.config python3-oslo.context
  python3-oslo.db python3-oslo.i18n python3-oslo.log python3-oslo.metrics
  python3-oslo.middleware python3-oslo.policy python3-oslo.serialization
  python3-oslo.upgradecheck python3-oslo.utils python3-osprofiler
  python3-passlib python3-paste python3-pastedeploy python3-pastedeploy-tpl
  python3-pastescript python3-prometheus-client python3-pyasyncore
  python3-pycadf python3-pyinotify python3-pymysql python3-pysaml2
  python3-repoze.lru python3-rfc3986 python3-routes python3-scrypt
  python3-simplejson python3-soupsieve python3-sqlalchemy
  python3-sqlalchemy-ext python3-sqlparse python3-statsd python3-tempita
  python3-tenacity python3-testscenarios python3-vine python3-webencodings
  python3-webob python3-werkzeug python3-wrapt python3-xmlschema xmlsec1
Use 'sudo apt autoremove' to remove them.
0 upgraded, 0 newly installed, 0 to remove and 80 not upgraded.
+ functions-common:apt_get:1211            :   result=0
+ functions-common:apt_get:1214            :   time_stop apt-get
+ functions-common:time_stop:2420          :   local name
+ functions-common:time_stop:2421          :   local end_time
+ functions-common:time_stop:2422          :   local elapsed_time
+ functions-common:time_stop:2423          :   local total
+ functions-common:time_stop:2424          :   local start_time
+ functions-common:time_stop:2426          :   name=apt-get
+ functions-common:time_stop:2427          :   start_time=1787877734429
+ functions-common:time_stop:2429          :   [[ -z 1787877734429 ]]
++ functions-common:time_stop:2432          :   date +%s%3N
+ functions-common:time_stop:2432          :   end_time=1787877735041
+ functions-common:time_stop:2433          :   elapsed_time=612
+ functions-common:time_stop:2434          :   total=5941
+ functions-common:time_stop:2436          :   _TIME_START[$name]=
+ functions-common:time_stop:2437          :   _TIME_TOTAL[$name]=6553
+ functions-common:apt_get:1215            :   return 0
+ lib/nova_plugins/functions-libvirt:install_libvirt:98 :   is_arch aarch64
++ functions-common:is_arch:519             :   uname -m
+ functions-common:is_arch:519             :   [[ x86_64 == \a\a\r\c\h\6\4 ]]
+ lib/nova_plugins/functions-libvirt:install_libvirt:103 :   [[ noble =~ bookworm ]]
+ lib/nova_plugins/functions-libvirt:install_libvirt:103 :   [[ noble =~ trixie ]]
+ lib/nova_plugins/functions-libvirt:install_libvirt:145 :   [[ False == True ]]
+ lib/nova_plugins/hypervisor-libvirt:install_nova_hypervisor:96 :   [[ kvm == \l\x\c ]]
+ lib/nova_plugins/hypervisor-libvirt:install_nova_hypervisor:108 :   [[ '' == \T\r\u\e ]]
+ lib/nova:install_nova:921                :   is_service_enabled n-novnc
+ functions-common:is_service_enabled:2076 :   return 0
++ lib/nova:install_nova:923                :   trueorfalse False NOVNC_FROM_PACKAGE
+ lib/nova:install_nova:923                :   NOVNC_FROM_PACKAGE=False
+ lib/nova:install_nova:924                :   '[' False = True ']'
+ lib/nova:install_nova:943                :   NOVNC_WEB_DIR=/opt/stack/novnc
+ lib/nova:install_nova:944                :   git_clone https://github.com/novnc/novnc.git /opt/stack/novnc v1.3.0
+ functions-common:git_clone:589           :   local git_remote=https://github.com/novnc/novnc.git
+ functions-common:git_clone:590           :   local git_dest=/opt/stack/novnc
+ functions-common:git_clone:591           :   local git_ref=v1.3.0
+ functions-common:git_clone:592           :   local orig_dir
++ functions-common:git_clone:593           :   pwd
+ functions-common:git_clone:593           :   orig_dir=/home/slave/devstack
+ functions-common:git_clone:594           :   local git_clone_flags=
++ functions-common:git_clone:596           :   trueorfalse False RECLONE
+ functions-common:git_clone:596           :   RECLONE=False
+ functions-common:git_clone:597           :   [[ 0 -gt 0 ]]
+ functions-common:git_clone:601           :   [[ False = \T\r\u\e ]]
+ functions-common:git_clone:610           :   echo v1.3.0
+ functions-common:git_clone:610           :   egrep -q '^refs'
+ functions-common:git_clone:624           :   [[ ! -d /opt/stack/novnc ]]
+ functions-common:git_clone:634           :   [[ False = \T\r\u\e ]]
+ functions-common:git_clone:669           :   sudo git config --system --add safe.directory /opt/stack/novnc
+ functions-common:git_clone:672           :   cd /opt/stack/novnc
+ functions-common:git_clone:673           :   git show --oneline
+ functions-common:git_clone:673           :   head -1
463c39e noVNC 1.3.0
+ functions-common:git_clone:674           :   cd /home/slave/devstack
+ lib/nova:install_nova:948                :   is_service_enabled n-spice
+ functions-common:is_service_enabled:2076 :   return 1
+ lib/nova:install_nova:960                :   git_clone https://opendev.org/openstack/nova.git /opt/stack/nova master
+ functions-common:git_clone:589           :   local git_remote=https://opendev.org/openstack/nova.git
+ functions-common:git_clone:590           :   local git_dest=/opt/stack/nova
+ functions-common:git_clone:591           :   local git_ref=master
+ functions-common:git_clone:592           :   local orig_dir
++ functions-common:git_clone:593           :   pwd
+ functions-common:git_clone:593           :   orig_dir=/home/slave/devstack
+ functions-common:git_clone:594           :   local git_clone_flags=
++ functions-common:git_clone:596           :   trueorfalse False RECLONE
+ functions-common:git_clone:596           :   RECLONE=False
+ functions-common:git_clone:597           :   [[ 0 -gt 0 ]]
+ functions-common:git_clone:601           :   [[ False = \T\r\u\e ]]
+ functions-common:git_clone:610           :   echo master
+ functions-common:git_clone:610           :   egrep -q '^refs'
+ functions-common:git_clone:624           :   [[ ! -d /opt/stack/nova ]]
+ functions-common:git_clone:634           :   [[ False = \T\r\u\e ]]
+ functions-common:git_clone:669           :   sudo git config --system --add safe.directory /opt/stack/nova
+ functions-common:git_clone:672           :   cd /opt/stack/nova
+ functions-common:git_clone:673           :   git show --oneline
+ functions-common:git_clone:673           :   head -1
5a9d04d193 Merge "Use service shutdown related config options in nova-graceful-shutdown"
+ functions-common:git_clone:674           :   cd /home/slave/devstack
+ lib/nova:install_nova:961                :   setup_develop /opt/stack/nova
+ inc/python:setup_develop:353             :   local bindep
+ inc/python:setup_develop:354             :   [[ /opt/stack/nova == -bindep* ]]
+ inc/python:setup_develop:358             :   local project_dir=/opt/stack/nova
+ inc/python:setup_develop:359             :   local extras=
+ inc/python:setup_develop:360             :   _setup_package_with_constraints_edit /opt/stack/nova -e
+ inc/python:_setup_package_with_constraints_edit:379 :   local bindep
+ inc/python:_setup_package_with_constraints_edit:380 :   [[ /opt/stack/nova == -bindep* ]]
+ inc/python:_setup_package_with_constraints_edit:384 :   local project_dir=/opt/stack/nova
+ inc/python:_setup_package_with_constraints_edit:385 :   local flags=-e
+ inc/python:_setup_package_with_constraints_edit:386 :   local extras=
++ inc/python:_setup_package_with_constraints_edit:393 :   cd /opt/stack/nova
++ inc/python:_setup_package_with_constraints_edit:393 :   pwd
+ inc/python:_setup_package_with_constraints_edit:393 :   project_dir=/opt/stack/nova
+ inc/python:_setup_package_with_constraints_edit:395 :   '[' -n /opt/stack/requirements ']'
+ inc/python:_setup_package_with_constraints_edit:399 :   local name
++ inc/python:_setup_package_with_constraints_edit:400 :   awk '/^name.*=/ {print $3}' /opt/stack/nova/setup.cfg
+ inc/python:_setup_package_with_constraints_edit:400 :   name=nova
+ inc/python:_setup_package_with_constraints_edit:401 :   '[' -z nova ']'
+ inc/python:_setup_package_with_constraints_edit:405 :   /opt/stack/requirements/.venv/bin/edit-constraints /opt/stack/requirements/upper-constraints.txt -- nova
+ inc/python:_setup_package_with_constraints_edit:408 :   setup_package /opt/stack/nova -e
+ inc/python:setup_package:436             :   local bindep=0
+ inc/python:setup_package:437             :   local bindep_flag=
+ inc/python:setup_package:438             :   local bindep_profiles=
+ inc/python:setup_package:439             :   [[ /opt/stack/nova == -bindep* ]]
+ inc/python:setup_package:444             :   local project_dir=/opt/stack/nova
+ inc/python:setup_package:445             :   local flags=-e
+ inc/python:setup_package:446             :   local extras=
+ inc/python:setup_package:450             :   [[ -n -e ]]
+ inc/python:setup_package:450             :   [[ -z '' ]]
+ inc/python:setup_package:450             :   [[ ! -e =~ ^-.* ]]
+ inc/python:setup_package:455             :   [[ ! -z '' ]]
+ inc/python:setup_package:460             :   [[ 0 == 1 ]]
+ inc/python:setup_package:464             :   pip_install -e /opt/stack/nova
Using python 3.12 to install /opt/stack/nova
+ inc/python:pip_install:210               :   env http_proxy= https_proxy= no_proxy= PIP_FIND_LINKS= /opt/stack/data/venv/bin/pip install -c /opt/stack/requirements/upper-constraints.txt -e /opt/stack/nova
Obtaining file:///opt/stack/nova
  Installing build dependencies: started
  Installing build dependencies: finished with status 'done'
  Checking if build backend supports build_editable: started
  Checking if build backend supports build_editable: finished with status 'done'
  Getting requirements to build editable: started
  Getting requirements to build editable: finished with status 'done'
  Preparing editable metadata (pyproject.toml): started
  Preparing editable metadata (pyproject.toml): finished with status 'done'
Requirement already satisfied: pbr>=5.8.0 in /opt/stack/data/venv/lib/python3.12/site-packages (from nova==33.1.0.dev375) (7.0.3)
Requirement already satisfied: SQLAlchemy>=1.4.13 in /opt/stack/data/venv/lib/python3.12/site-packages (from nova==33.1.0.dev375) (2.0.52)
Requirement already satisfied: decorator>=4.1.0 in /opt/stack/data/venv/lib/python3.12/site-packages (from nova==33.1.0.dev375) (5.3.1)
Requirement already satisfied: eventlet>=0.30.1 in /opt/stack/data/venv/lib/python3.12/site-packages (from nova==33.1.0.dev375) (0.41.2)
Requirement already satisfied: Jinja2>=2.10 in /opt/stack/data/venv/lib/python3.12/site-packages (from nova==33.1.0.dev375) (3.1.6)
Requirement already satisfied: keystonemiddleware>=4.20.0 in /opt/stack/data/venv/lib/python3.12/site-packages (from nova==33.1.0.dev375) (13.0.0)
Requirement already satisfied: lxml>=4.5.0 in /opt/stack/data/venv/lib/python3.12/site-packages (from nova==33.1.0.dev375) (6.1.1)
Requirement already satisfied: Routes>=2.3.1 in /usr/lib/python3/dist-packages (from nova==33.1.0.dev375) (2.5.1)
Requirement already satisfied: cryptography>=2.7 in /opt/stack/data/venv/lib/python3.12/site-packages (from nova==33.1.0.dev375) (43.0.3)
Requirement already satisfied: WebOb>=1.8.2 in /opt/stack/data/venv/lib/python3.12/site-packages (from nova==33.1.0.dev375) (1.8.11)
Requirement already satisfied: greenlet>=0.4.15 in /opt/stack/data/venv/lib/python3.12/site-packages (from nova==33.1.0.dev375) (3.5.5)
Requirement already satisfied: PasteDeploy>=1.5.0 in /usr/lib/python3/dist-packages (from nova==33.1.0.dev375) (3.1.0)
Requirement already satisfied: Paste>=2.0.2 in /opt/stack/data/venv/lib/python3.12/site-packages (from nova==33.1.0.dev375) (3.10.1)
Requirement already satisfied: PrettyTable>=0.7.1 in /opt/stack/data/venv/lib/python3.12/site-packages (from nova==33.1.0.dev375) (3.18.0)
Requirement already satisfied: alembic>=1.5.0 in /opt/stack/data/venv/lib/python3.12/site-packages (from nova==33.1.0.dev375) (1.19.1)
Requirement already satisfied: netaddr>=0.7.18 in /opt/stack/data/venv/lib/python3.12/site-packages (from nova==33.1.0.dev375) (1.3.0)
Requirement already satisfied: paramiko>=2.7.1 in /opt/stack/data/venv/lib/python3.12/site-packages (from nova==33.1.0.dev375) (4.0.0)
Requirement already satisfied: jsonschema>=4.0.0 in /opt/stack/data/venv/lib/python3.12/site-packages (from nova==33.1.0.dev375) (4.26.0)
Requirement already satisfied: python-cinderclient>=4.0.1 in /opt/stack/data/venv/lib/python3.12/site-packages (from nova==33.1.0.dev375) (9.9.0)
Requirement already satisfied: keystoneauth1>=3.16.0 in /opt/stack/data/venv/lib/python3.12/site-packages (from nova==33.1.0.dev375) (5.15.0)
Collecting python-neutronclient>=7.1.0 (from nova==33.1.0.dev375)
  Using cached python_neutronclient-13.0.0-py3-none-any.whl.metadata (3.5 kB)
Requirement already satisfied: python-glanceclient>=4.7.0 in /opt/stack/data/venv/lib/python3.12/site-packages (from nova==33.1.0.dev375) (4.12.0)
Requirement already satisfied: requests>=2.25.1 in /opt/stack/data/venv/lib/python3.12/site-packages (from nova==33.1.0.dev375) (2.34.2)
Requirement already satisfied: stevedore>=1.20.0 in /opt/stack/data/venv/lib/python3.12/site-packages (from nova==33.1.0.dev375) (5.9.1)
Collecting websockify>=0.9.0 (from nova==33.1.0.dev375)
  Using cached websockify-0.13.0-py3-none-any.whl.metadata (14 kB)
Requirement already satisfied: oslo.cache>=1.26.0 in /opt/stack/data/venv/lib/python3.12/site-packages (from nova==33.1.0.dev375) (4.3.0)
Requirement already satisfied: oslo.concurrency>=5.0.1 in /opt/stack/data/venv/lib/python3.12/site-packages (from nova==33.1.0.dev375) (7.6.1)
Requirement already satisfied: oslo.config>=9.3.0 in /opt/stack/data/venv/lib/python3.12/site-packages (from nova==33.1.0.dev375) (10.7.0)
Requirement already satisfied: oslo.context>=3.4.0 in /opt/stack/data/venv/lib/python3.12/site-packages (from nova==33.1.0.dev375) (6.5.0)
Requirement already satisfied: oslo.log>=4.6.1 in /opt/stack/data/venv/lib/python3.12/site-packages (from nova==33.1.0.dev375) (8.3.0)
Requirement already satisfied: oslo.limit>=2.9.2 in /opt/stack/data/venv/lib/python3.12/site-packages (from nova==33.1.0.dev375) (2.12.0)
Requirement already satisfied: oslo.reports>=1.18.0 in /opt/stack/data/venv/lib/python3.12/site-packages (from nova==33.1.0.dev375) (3.9.0)
Requirement already satisfied: oslo.serialization>=4.2.0 in /opt/stack/data/venv/lib/python3.12/site-packages (from nova==33.1.0.dev375) (5.11.0)
Requirement already satisfied: oslo.upgradecheck>=1.3.0 in /opt/stack/data/venv/lib/python3.12/site-packages (from nova==33.1.0.dev375) (2.8.0)
Requirement already satisfied: oslo.utils>=8.0.0 in /opt/stack/data/venv/lib/python3.12/site-packages (from nova==33.1.0.dev375) (10.1.1)
Requirement already satisfied: oslo.db>=10.0.0 in /opt/stack/data/venv/lib/python3.12/site-packages (from nova==33.1.0.dev375) (18.1.0)
Requirement already satisfied: oslo.rootwrap>=5.15.0 in /opt/stack/data/venv/lib/python3.12/site-packages (from nova==33.1.0.dev375) (7.10.0)
Requirement already satisfied: oslo.messaging>=14.1.0 in /opt/stack/data/venv/lib/python3.12/site-packages (from nova==33.1.0.dev375) (18.2.0)
Requirement already satisfied: oslo.policy>=6.0.0 in /opt/stack/data/venv/lib/python3.12/site-packages (from nova==33.1.0.dev375) (6.0.0)
Requirement already satisfied: oslo.privsep>=3.11.0 in /opt/stack/data/venv/lib/python3.12/site-packages (from nova==33.1.0.dev375) (3.12.0)
Requirement already satisfied: oslo.i18n>=5.1.0 in /opt/stack/data/venv/lib/python3.12/site-packages (from nova==33.1.0.dev375) (6.9.0)
Requirement already satisfied: oslo.service>=4.5.0 in /opt/stack/data/venv/lib/python3.12/site-packages (from oslo.service[threading]>=4.5.0->nova==33.1.0.dev375) (4.8.0)
Requirement already satisfied: rfc3986>=1.2.0 in /usr/lib/python3/dist-packages (from nova==33.1.0.dev375) (2.0.0)
Requirement already satisfied: oslo.middleware>=3.31.0 in /opt/stack/data/venv/lib/python3.12/site-packages (from nova==33.1.0.dev375) (8.2.0)
Requirement already satisfied: psutil>=3.2.2 in /opt/stack/data/venv/lib/python3.12/site-packages (from nova==33.1.0.dev375) (7.2.2)
Requirement already satisfied: oslo.versionedobjects>=1.35.0 in /opt/stack/data/venv/lib/python3.12/site-packages (from nova==33.1.0.dev375) (3.11.0)
Requirement already satisfied: os-brick>=6.10.0 in /opt/stack/data/venv/lib/python3.12/site-packages (from nova==33.1.0.dev375) (7.1.1)
Requirement already satisfied: os-resource-classes>=1.1.0 in /opt/stack/data/venv/lib/python3.12/site-packages (from nova==33.1.0.dev375) (1.1.0)
Requirement already satisfied: os-traits>=3.8.0 in /opt/stack/data/venv/lib/python3.12/site-packages (from nova==33.1.0.dev375) (3.9.0)
Requirement already satisfied: os-vif>=3.1.0 in /opt/stack/data/venv/lib/python3.12/site-packages (from nova==33.1.0.dev375) (5.2.0)
Requirement already satisfied: castellan>=0.16.0 in /opt/stack/data/venv/lib/python3.12/site-packages (from nova==33.1.0.dev375) (5.8.0)
Collecting microversion-parse>=0.2.1 (from nova==33.1.0.dev375)
  Using cached microversion_parse-2.1.0-py3-none-any.whl.metadata (5.1 kB)
Requirement already satisfied: tooz>=1.58.0 in /opt/stack/data/venv/lib/python3.12/site-packages (from nova==33.1.0.dev375) (9.0.1)
Requirement already satisfied: cursive>=0.2.1 in /opt/stack/data/venv/lib/python3.12/site-packages (from nova==33.1.0.dev375) (0.3.0)
Requirement already satisfied: retrying>=1.3.3 in /opt/stack/data/venv/lib/python3.12/site-packages (from nova==33.1.0.dev375) (1.4.2)
Requirement already satisfied: os-service-types>=1.7.0 in /opt/stack/data/venv/lib/python3.12/site-packages (from nova==33.1.0.dev375) (1.9.0)
Requirement already satisfied: python-dateutil>=2.7.0 in /opt/stack/data/venv/lib/python3.12/site-packages (from nova==33.1.0.dev375) (2.9.0.post0)
Requirement already satisfied: futurist>=3.2.1 in /opt/stack/data/venv/lib/python3.12/site-packages (from nova==33.1.0.dev375) (3.5.0)
Requirement already satisfied: openstacksdk>=4.4.0 in /opt/stack/data/venv/lib/python3.12/site-packages (from nova==33.1.0.dev375) (4.18.0)
Requirement already satisfied: PyYAML>=5.1 in /opt/stack/data/venv/lib/python3.12/site-packages (from nova==33.1.0.dev375) (6.0.3)
Requirement already satisfied: Mako in /opt/stack/data/venv/lib/python3.12/site-packages (from alembic>=1.5.0->nova==33.1.0.dev375) (1.4.1)
Requirement already satisfied: typing-extensions>=4.12 in /opt/stack/data/venv/lib/python3.12/site-packages (from alembic>=1.5.0->nova==33.1.0.dev375) (4.16.0)
Requirement already satisfied: python-barbicanclient>=5.5.0 in /opt/stack/data/venv/lib/python3.12/site-packages (from castellan>=0.16.0->nova==33.1.0.dev375) (7.5.0)
Requirement already satisfied: cffi>=1.12 in /opt/stack/data/venv/lib/python3.12/site-packages (from cryptography>=2.7->nova==33.1.0.dev375) (2.1.1)
Requirement already satisfied: pycparser in /opt/stack/data/venv/lib/python3.12/site-packages (from cffi>=1.12->cryptography>=2.7->nova==33.1.0.dev375) (3.0)
Requirement already satisfied: dnspython>=1.15.0 in /opt/stack/data/venv/lib/python3.12/site-packages (from eventlet>=0.30.1->nova==33.1.0.dev375) (2.8.0)
Requirement already satisfied: debtcollector>=3.0.0 in /opt/stack/data/venv/lib/python3.12/site-packages (from futurist>=3.2.1->nova==33.1.0.dev375) (3.1.0)
Requirement already satisfied: wrapt>=2.1.0 in /opt/stack/data/venv/lib/python3.12/site-packages (from debtcollector>=3.0.0->futurist>=3.2.1->nova==33.1.0.dev375) (2.3.0)
Requirement already satisfied: MarkupSafe>=2.0 in /opt/stack/data/venv/lib/python3.12/site-packages (from Jinja2>=2.10->nova==33.1.0.dev375) (3.0.3)
Requirement already satisfied: attrs>=22.2.0 in /opt/stack/data/venv/lib/python3.12/site-packages (from jsonschema>=4.0.0->nova==33.1.0.dev375) (26.1.0)
Requirement already satisfied: jsonschema-specifications>=2023.03.6 in /opt/stack/data/venv/lib/python3.12/site-packages (from jsonschema>=4.0.0->nova==33.1.0.dev375) (2025.9.1)
Requirement already satisfied: referencing>=0.28.4 in /opt/stack/data/venv/lib/python3.12/site-packages (from jsonschema>=4.0.0->nova==33.1.0.dev375) (0.37.0)
Requirement already satisfied: rpds-py>=0.25.0 in /opt/stack/data/venv/lib/python3.12/site-packages (from jsonschema>=4.0.0->nova==33.1.0.dev375) (2026.6.3)
Requirement already satisfied: iso8601>=2.0.0 in /opt/stack/data/venv/lib/python3.12/site-packages (from keystoneauth1>=3.16.0->nova==33.1.0.dev375) (2.1.0)
Requirement already satisfied: pycadf>=1.1.0 in /opt/stack/data/venv/lib/python3.12/site-packages (from keystonemiddleware>=4.20.0->nova==33.1.0.dev375) (4.1.0)
Requirement already satisfied: PyJWT>=2.4.0 in /opt/stack/data/venv/lib/python3.12/site-packages (from keystonemiddleware>=4.20.0->nova==33.1.0.dev375) (2.13.0)
Requirement already satisfied: python-keystoneclient>=3.20.0 in /opt/stack/data/venv/lib/python3.12/site-packages (from keystonemiddleware>=4.20.0->nova==33.1.0.dev375) (5.8.0)
Requirement already satisfied: dogpile.cache>=0.6.5 in /opt/stack/data/venv/lib/python3.12/site-packages (from openstacksdk>=4.4.0->nova==33.1.0.dev375) (1.5.0)
Requirement already satisfied: jmespath>=0.9.0 in /opt/stack/data/venv/lib/python3.12/site-packages (from openstacksdk>=4.4.0->nova==33.1.0.dev375) (1.1.0)
Requirement already satisfied: jsonpatch!=1.20,>=1.16 in /opt/stack/data/venv/lib/python3.12/site-packages (from openstacksdk>=4.4.0->nova==33.1.0.dev375) (1.33)
Requirement already satisfied: platformdirs>=3 in /opt/stack/data/venv/lib/python3.12/site-packages (from openstacksdk>=4.4.0->nova==33.1.0.dev375) (4.11.3)
Requirement already satisfied: jsonpointer>=1.9 in /opt/stack/data/venv/lib/python3.12/site-packages (from jsonpatch!=1.20,>=1.16->openstacksdk>=4.4.0->nova==33.1.0.dev375) (3.1.1)
Requirement already satisfied: tenacity>=6.3.1 in /opt/stack/data/venv/lib/python3.12/site-packages (from os-brick>=6.10.0->nova==33.1.0.dev375) (9.1.4)
Requirement already satisfied: ovsdbapp>=0.12.1 in /opt/stack/data/venv/lib/python3.12/site-packages (from os-vif>=3.1.0->nova==33.1.0.dev375) (2.19.0)
Requirement already satisfied: fasteners>=0.7.0 in /opt/stack/data/venv/lib/python3.12/site-packages (from oslo.concurrency>=5.0.1->nova==33.1.0.dev375) (0.20)
Requirement already satisfied: testresources>=2.0.0 in /opt/stack/data/venv/lib/python3.12/site-packages (from oslo.db>=10.0.0->nova==33.1.0.dev375) (2.1.2)
Requirement already satisfied: testscenarios>=0.4 in /opt/stack/data/venv/lib/python3.12/site-packages (from oslo.db>=10.0.0->nova==33.1.0.dev375) (0.6.2)
Requirement already satisfied: cachetools>=2.0.0 in /opt/stack/data/venv/lib/python3.12/site-packages (from oslo.messaging>=14.1.0->nova==33.1.0.dev375) (7.1.7)
Requirement already satisfied: amqp>=2.5.2 in /opt/stack/data/venv/lib/python3.12/site-packages (from oslo.messaging>=14.1.0->nova==33.1.0.dev375) (5.3.1)
Requirement already satisfied: kombu>=5.2.0 in /opt/stack/data/venv/lib/python3.12/site-packages (from oslo.messaging>=14.1.0->nova==33.1.0.dev375) (5.6.2)
Requirement already satisfied: oslo.metrics>=0.2.1 in /opt/stack/data/venv/lib/python3.12/site-packages (from oslo.messaging>=14.1.0->nova==33.1.0.dev375) (0.16.0)
Requirement already satisfied: vine<6.0.0,>=5.0.0 in /opt/stack/data/venv/lib/python3.12/site-packages (from amqp>=2.5.2->oslo.messaging>=14.1.0->nova==33.1.0.dev375) (5.1.0)
Requirement already satisfied: tzdata>=2025.2 in /opt/stack/data/venv/lib/python3.12/site-packages (from kombu>=5.2.0->oslo.messaging>=14.1.0->nova==33.1.0.dev375) (2026.3)
Requirement already satisfied: packaging in /opt/stack/data/venv/lib/python3.12/site-packages (from kombu>=5.2.0->oslo.messaging>=14.1.0->nova==33.1.0.dev375) (26.3)
Requirement already satisfied: prometheus-client>=0.6.0 in /opt/stack/data/venv/lib/python3.12/site-packages (from oslo.metrics>=0.2.1->oslo.messaging>=14.1.0->nova==33.1.0.dev375) (0.26.0)
Requirement already satisfied: bcrypt>=3.1.3 in /opt/stack/data/venv/lib/python3.12/site-packages (from oslo.middleware>=3.31.0->nova==33.1.0.dev375) (5.0.0)
Requirement already satisfied: statsd>=3.2.1 in /usr/lib/python3/dist-packages (from oslo.middleware>=3.31.0->nova==33.1.0.dev375) (4.0.1)
Requirement already satisfied: msgpack>=0.6.0 in /opt/stack/data/venv/lib/python3.12/site-packages (from oslo.privsep>=3.11.0->nova==33.1.0.dev375) (1.2.1)
Requirement already satisfied: Yappi>=1.0 in /opt/stack/data/venv/lib/python3.12/site-packages (from oslo.service>=4.5.0->oslo.service[threading]>=4.5.0->nova==33.1.0.dev375) (1.7.6)
Requirement already satisfied: cotyledon>=2.2.0 in /opt/stack/data/venv/lib/python3.12/site-packages (from oslo.service[threading]>=4.5.0->nova==33.1.0.dev375) (2.2.0)
Requirement already satisfied: setproctitle in /opt/stack/data/venv/lib/python3.12/site-packages (from cotyledon>=2.2.0->oslo.service[threading]>=4.5.0->nova==33.1.0.dev375) (1.3.7)
Requirement already satisfied: pyparsing>=2.1.0 in /opt/stack/data/venv/lib/python3.12/site-packages (from oslo.utils>=8.0.0->nova==33.1.0.dev375) (3.3.2)
Requirement already satisfied: fixtures>=3.0.0 in /opt/stack/data/venv/lib/python3.12/site-packages (from ovsdbapp>=0.12.1->os-vif>=3.1.0->nova==33.1.0.dev375) (4.3.2)
Requirement already satisfied: ovs>=2.10.0 in /opt/stack/data/venv/lib/python3.12/site-packages (from ovsdbapp>=0.12.1->os-vif>=3.1.0->nova==33.1.0.dev375) (3.7.1)
Requirement already satisfied: sortedcontainers in /usr/lib/python3/dist-packages (from ovs>=2.10.0->ovsdbapp>=0.12.1->os-vif>=3.1.0->nova==33.1.0.dev375) (2.4.0)
Requirement already satisfied: invoke>=2.0 in /opt/stack/data/venv/lib/python3.12/site-packages (from paramiko>=2.7.1->nova==33.1.0.dev375) (3.0.3)
Requirement already satisfied: pynacl>=1.5 in /opt/stack/data/venv/lib/python3.12/site-packages (from paramiko>=2.7.1->nova==33.1.0.dev375) (1.6.2)
Requirement already satisfied: setuptools in /opt/stack/data/venv/lib/python3.12/site-packages (from Paste>=2.0.2->nova==33.1.0.dev375) (84.0.0)
Requirement already satisfied: wcwidth>=0.3.5 in /opt/stack/data/venv/lib/python3.12/site-packages (from PrettyTable>=0.7.1->nova==33.1.0.dev375) (0.8.2)
Requirement already satisfied: cliff>=2.8.0 in /opt/stack/data/venv/lib/python3.12/site-packages (from python-barbicanclient>=5.5.0->castellan>=0.16.0->nova==33.1.0.dev375) (4.15.0)
Requirement already satisfied: autopage>=0.4.0 in /opt/stack/data/venv/lib/python3.12/site-packages (from cliff>=2.8.0->python-barbicanclient>=5.5.0->castellan>=0.16.0->nova==33.1.0.dev375) (0.6.0)
Requirement already satisfied: cmd2>=3.0.0 in /opt/stack/data/venv/lib/python3.12/site-packages (from cliff>=2.8.0->python-barbicanclient>=5.5.0->castellan>=0.16.0->nova==33.1.0.dev375) (4.2.0)
Requirement already satisfied: prompt-toolkit>=3.0.53 in /opt/stack/data/venv/lib/python3.12/site-packages (from cmd2>=3.0.0->cliff>=2.8.0->python-barbicanclient>=5.5.0->castellan>=0.16.0->nova==33.1.0.dev375) (3.0.53)
Requirement already satisfied: pyperclip>=1.8.2 in /opt/stack/data/venv/lib/python3.12/site-packages (from cmd2>=3.0.0->cliff>=2.8.0->python-barbicanclient>=5.5.0->castellan>=0.16.0->nova==33.1.0.dev375) (1.11.0)
Requirement already satisfied: rich>=15.0.0 in /opt/stack/data/venv/lib/python3.12/site-packages (from cmd2>=3.0.0->cliff>=2.8.0->python-barbicanclient>=5.5.0->castellan>=0.16.0->nova==33.1.0.dev375) (15.0.0)
Requirement already satisfied: rich-argparse>=1.7.2 in /opt/stack/data/venv/lib/python3.12/site-packages (from cmd2>=3.0.0->cliff>=2.8.0->python-barbicanclient>=5.5.0->castellan>=0.16.0->nova==33.1.0.dev375) (1.8.0)
Requirement already satisfied: six>=1.5 in /opt/stack/data/venv/lib/python3.12/site-packages (from python-dateutil>=2.7.0->nova==33.1.0.dev375) (1.17.0)
Requirement already satisfied: warlock>=1.2.0 in /opt/stack/data/venv/lib/python3.12/site-packages (from python-glanceclient>=4.7.0->nova==33.1.0.dev375) (2.1.0)
Requirement already satisfied: pyOpenSSL>=17.1.0 in /opt/stack/data/venv/lib/python3.12/site-packages (from python-glanceclient>=4.7.0->nova==33.1.0.dev375) (24.2.1)
Requirement already satisfied: osc-lib>=1.12.0 in /opt/stack/data/venv/lib/python3.12/site-packages (from python-neutronclient>=7.1.0->nova==33.1.0.dev375) (4.7.0)
Requirement already satisfied: charset_normalizer<4,>=2 in /opt/stack/data/venv/lib/python3.12/site-packages (from requests>=2.25.1->nova==33.1.0.dev375) (3.5.0)
Requirement already satisfied: idna<4,>=2.5 in /opt/stack/data/venv/lib/python3.12/site-packages (from requests>=2.25.1->nova==33.1.0.dev375) (3.18)
Requirement already satisfied: urllib3<3,>=1.26 in /opt/stack/data/venv/lib/python3.12/site-packages (from requests>=2.25.1->nova==33.1.0.dev375) (2.7.0)
Requirement already satisfied: certifi>=2023.5.7 in /usr/lib/python3/dist-packages (from requests>=2.25.1->nova==33.1.0.dev375) (2023.11.17)
Requirement already satisfied: markdown-it-py>=2.2.0 in /opt/stack/data/venv/lib/python3.12/site-packages (from rich>=15.0.0->cmd2>=3.0.0->cliff>=2.8.0->python-barbicanclient>=5.5.0->castellan>=0.16.0->nova==33.1.0.dev375) (4.2.0)
Requirement already satisfied: pygments<3.0.0,>=2.13.0 in /opt/stack/data/venv/lib/python3.12/site-packages (from rich>=15.0.0->cmd2>=3.0.0->cliff>=2.8.0->python-barbicanclient>=5.5.0->castellan>=0.16.0->nova==33.1.0.dev375) (2.20.0)
Requirement already satisfied: mdurl~=0.1 in /usr/lib/python3/dist-packages (from markdown-it-py>=2.2.0->rich>=15.0.0->cmd2>=3.0.0->cliff>=2.8.0->python-barbicanclient>=5.5.0->castellan>=0.16.0->nova==33.1.0.dev375) (0.1.2)
Requirement already satisfied: voluptuous>=0.8.9 in /opt/stack/data/venv/lib/python3.12/site-packages (from tooz>=1.58.0->nova==33.1.0.dev375) (0.16.0)
Collecting numpy (from websockify>=0.9.0->nova==33.1.0.dev375)
  Using cached numpy-2.4.6-cp312-cp312-manylinux_2_27_x86_64.manylinux_2_28_x86_64.whl.metadata (6.6 kB)
Collecting jwcrypto (from websockify>=0.9.0->nova==33.1.0.dev375)
  Using cached jwcrypto-1.5.8-py3-none-any.whl.metadata (3.3 kB)
Collecting redis (from websockify>=0.9.0->nova==33.1.0.dev375)
  Using cached redis-8.1.0-py3-none-any.whl.metadata (16 kB)
Using cached microversion_parse-2.1.0-py3-none-any.whl (20 kB)
Using cached python_neutronclient-13.0.0-py3-none-any.whl (235 kB)
Using cached websockify-0.13.0-py3-none-any.whl (41 kB)
Using cached jwcrypto-1.5.8-py3-none-any.whl (96 kB)
Using cached numpy-2.4.6-cp312-cp312-manylinux_2_27_x86_64.manylinux_2_28_x86_64.whl (16.6 MB)
Using cached redis-8.1.0-py3-none-any.whl (560 kB)
Building wheels for collected packages: nova
  Building editable for nova (pyproject.toml): started
  Building editable for nova (pyproject.toml): finished with status 'done'
  Created wheel for nova: filename=nova-33.1.0.dev375-0.editable-py3-none-any.whl size=10636 sha256=f0574e808411880fb23f88b6a224cb9030e945861bdd60d240577cb9c6158042
  Stored in directory: /tmp/pip-ephem-wheel-cache-9960c3w3/wheels/ee/2b/3a/69794dff55dd5d6c4a3613dfc37217369e4acdbc37f2b08153
Successfully built nova
Installing collected packages: redis, numpy, microversion-parse, jwcrypto, websockify, python-neutronclient, nova

Successfully installed jwcrypto-1.5.8 microversion-parse-2.1.0 nova-33.1.0.dev375 numpy-2.4.6 python-neutronclient-13.0.0 redis-8.1.0 websockify-0.13.0
+ inc/python:pip_install:216               :   result=0
+ inc/python:pip_install:218               :   time_stop pip_install
+ functions-common:time_stop:2420          :   local name
+ functions-common:time_stop:2421          :   local end_time
+ functions-common:time_stop:2422          :   local elapsed_time
+ functions-common:time_stop:2423          :   local total
+ functions-common:time_stop:2424          :   local start_time
+ functions-common:time_stop:2426          :   name=pip_install
+ functions-common:time_stop:2427          :   start_time=1787877735483
+ functions-common:time_stop:2429          :   [[ -z 1787877735483 ]]
++ functions-common:time_stop:2432          :   date +%s%3N
+ functions-common:time_stop:2432          :   end_time=1787877748228
+ functions-common:time_stop:2433          :   elapsed_time=12745
+ functions-common:time_stop:2434          :   total=96938
+ functions-common:time_stop:2436          :   _TIME_START[$name]=
+ functions-common:time_stop:2437          :   _TIME_TOTAL[$name]=109683
+ inc/python:pip_install:219               :   return 0
+ inc/python:setup_package:466             :   [[ -e == \-\e ]]
+ inc/python:setup_package:466             :   [[ True == \F\a\l\s\e ]]
+ inc/python:_setup_package_with_constraints_edit:412 :   use_library_from_git /opt/stack/nova
+ inc/python:use_library_from_git:266      :   local name=/opt/stack/nova
+ inc/python:use_library_from_git:267      :   local enabled=1
+ inc/python:use_library_from_git:268      :   [[ os-brick = \A\L\L ]]
+ inc/python:use_library_from_git:268      :   [[ ,os-brick, =~ ,/opt/stack/nova, ]]
+ inc/python:use_library_from_git:269      :   return 1
+ lib/nova:install_nova:962                :   sudo install -D -m 0644 -o slave /opt/stack/nova/tools/nova-manage.bash_completion /etc/bash_completion.d/nova-manage.bash_completion
+ lib/stack:stack_install_service:33       :   [[ False = True ]]
+ ./stack.sh:main:962                      :   configure_nova
+ lib/nova:configure_nova:264              :   sudo install -d -o slave /etc/nova
+ lib/nova:configure_nova:266              :   configure_rootwrap nova
+ inc/rootwrap:configure_rootwrap:43       :   local project=nova
+ inc/rootwrap:configure_rootwrap:44       :   local project_uc
++ inc/rootwrap:configure_rootwrap:45       :   echo nova
++ inc/rootwrap:configure_rootwrap:45       :   tr a-z A-Z
+ inc/rootwrap:configure_rootwrap:45       :   project_uc=NOVA
+ inc/rootwrap:configure_rootwrap:46       :   local bin_dir=NOVA_BIN_DIR
+ inc/rootwrap:configure_rootwrap:47       :   bin_dir=/opt/stack/data/venv/bin
+ inc/rootwrap:configure_rootwrap:48       :   local project_dir=NOVA_DIR
+ inc/rootwrap:configure_rootwrap:49       :   project_dir=/opt/stack/nova
+ inc/rootwrap:configure_rootwrap:51       :   local rootwrap_conf_src_dir=/opt/stack/nova/etc/nova
+ inc/rootwrap:configure_rootwrap:52       :   local rootwrap_bin=/opt/stack/data/venv/bin/nova-rootwrap
+ inc/rootwrap:configure_rootwrap:55       :   sudo rm -rf /etc/nova/rootwrap.d
+ inc/rootwrap:configure_rootwrap:56       :   sudo install -d -o root -g root -m 755 /etc/nova/rootwrap.d
+ inc/rootwrap:configure_rootwrap:57       :   sudo install -o root -g root -m 644 /opt/stack/nova/etc/nova/rootwrap.d/compute.filters /etc/nova/rootwrap.d
+ inc/rootwrap:configure_rootwrap:60       :   sudo install -o root -g root -m 644 /opt/stack/nova/etc/nova/rootwrap.conf /etc/nova/rootwrap.conf
+ inc/rootwrap:configure_rootwrap:61       :   sudo sed -e 's:^filters_path=.*$:filters_path=/etc/nova/rootwrap.d:' -i /etc/nova/rootwrap.conf
+ inc/rootwrap:configure_rootwrap:66       :   sudo sed -e 's/^exec_dirs=.*/#&/' -i /etc/nova/rootwrap.conf
+ inc/rootwrap:configure_rootwrap:69       :   local tempfile
++ inc/rootwrap:configure_rootwrap:70       :   mktemp
+ inc/rootwrap:configure_rootwrap:70       :   tempfile=/tmp/tmp.jsmlMWbjha
+ inc/rootwrap:configure_rootwrap:72       :   rootwrap_sudo_cmd='/opt/stack/data/venv/bin/nova-rootwrap /etc/nova/rootwrap.conf *'
+ inc/rootwrap:configure_rootwrap:73       :   echo 'slave ALL=(root) NOPASSWD: /opt/stack/data/venv/bin/nova-rootwrap /etc/nova/rootwrap.conf *'
+ inc/rootwrap:configure_rootwrap:74       :   '[' -f /opt/stack/data/venv/bin/nova-rootwrap-daemon ']'
+ inc/rootwrap:configure_rootwrap:76       :   rootwrap_sudo_cmd='/opt/stack/data/venv/bin/nova-rootwrap-daemon /etc/nova/rootwrap.conf'
+ inc/rootwrap:configure_rootwrap:77       :   echo 'slave ALL=(root) NOPASSWD: /opt/stack/data/venv/bin/nova-rootwrap-daemon /etc/nova/rootwrap.conf'
+ inc/rootwrap:configure_rootwrap:79       :   chmod 0440 /tmp/tmp.jsmlMWbjha
+ inc/rootwrap:configure_rootwrap:80       :   sudo chown root:root /tmp/tmp.jsmlMWbjha
+ inc/rootwrap:configure_rootwrap:81       :   sudo mv /tmp/tmp.jsmlMWbjha /etc/sudoers.d/nova-rootwrap
++ inc/rootwrap:configure_rootwrap:85       :   dirname /opt/stack/data/venv/bin/nova-rootwrap
+ inc/rootwrap:configure_rootwrap:85       :   add_sudo_secure_path /opt/stack/data/venv/bin
+ inc/rootwrap:add_sudo_secure_path:21     :   local dir=/opt/stack/data/venv/bin
+ inc/rootwrap:add_sudo_secure_path:22     :   local line
+ inc/rootwrap:add_sudo_secure_path:25     :   [[ -r /etc/sudoers.d/zz-secure-path ]]
+ inc/rootwrap:add_sudo_secure_path:28     :   line='Defaults:slave secure_path=/usr/local/sbin:/usr/local/bin:/usr/sbin:/sbin:/usr/bin:/bin'
+ inc/rootwrap:add_sudo_secure_path:32     :   [[ ! Defaults:slave secure_path=/usr/local/sbin:/usr/local/bin:/usr/sbin:/sbin:/usr/bin:/bin =~ /opt/stack/data/venv/bin ]]
+ inc/rootwrap:add_sudo_secure_path:33     :   echo 'Defaults:slave secure_path=/usr/local/sbin:/usr/local/bin:/usr/sbin:/sbin:/usr/bin:/bin:/opt/stack/data/venv/bin'
+ inc/rootwrap:add_sudo_secure_path:33     :   sudo tee /etc/sudoers.d/zz-secure-path
Defaults:slave secure_path=/usr/local/sbin:/usr/local/bin:/usr/sbin:/sbin:/usr/bin:/bin:/opt/stack/data/venv/bin
+ inc/rootwrap:add_sudo_secure_path:34     :   sudo chmod 400 /etc/sudoers.d/zz-secure-path
+ inc/rootwrap:add_sudo_secure_path:35     :   sudo chown root:root /etc/sudoers.d/zz-secure-path
+ lib/nova:configure_nova:268              :   [[ key,n-api,n-cpu,n-cond,n-sch,n-novnc,n-api-meta,placement-api,placement-client,g-api,c-sch,c-api,c-vol,ovn-controller,ovn-northd,ovs-vswitchd,ovsdb-server,q-svc,q-ovn-agent,horizon,rabbit,tempest,mysql,etcd3,dstat =~ n-api ]]
+ lib/nova:configure_nova:270              :   cp /opt/stack/nova/etc/nova/api-paste.ini /etc/nova
+ lib/nova:configure_nova:273              :   is_service_enabled n-cpu
+ functions-common:is_service_enabled:2076 :   return 0
+ lib/nova:configure_nova:275              :   sudo sysctl -w net.ipv4.ip_forward=1
net.ipv4.ip_forward = 1
+ lib/nova:configure_nova:277              :   [[ libvirt = \l\i\b\v\i\r\t ]]
+ lib/nova:configure_nova:281              :   [[ kvm == \k\v\m ]]
+ lib/nova:configure_nova:282              :   sudo modprobe kvm
+ lib/nova:configure_nova:283              :   '[' '!' -e /dev/kvm ']'
+ lib/nova:configure_nova:298              :   [[ kvm == \l\x\c ]]
+ lib/nova:configure_nova:313              :   sudo install -d -o slave /opt/stack/data/nova/instances
+ lib/nova:configure_nova:318              :   '[' -L /dev/disk/by-label/nova-instances ']'
+ lib/nova:configure_nova:327              :   sudo tee /etc/iscsi/initiatorname.iscsi
++ lib/nova:configure_nova:327              :   iscsi-iname
+ lib/nova:configure_nova:327              :   echo InitiatorName=iqn.2016-04.com.open-iscsi:affd8c38a6a6
InitiatorName=iqn.2016-04.com.open-iscsi:affd8c38a6a6
+ lib/nova:configure_nova:329              :   [[ False == \T\r\u\e ]]
+ lib/nova:configure_nova:344              :   iniset -sudo /etc/iscsi/iscsid.conf DEFAULT node.session.auth.chap_algs SHA3-256,SHA256
+ lib/nova:configure_nova:346              :   [[ lioadm != \n\v\m\e\t ]]
+ lib/nova:configure_nova:348              :   restart_service iscsid
+ functions-common:restart_service:2304    :   '[' -x /bin/systemctl ']'
+ functions-common:restart_service:2305    :   sudo /bin/systemctl restart iscsid
+ lib/nova:configure_nova:371              :   create_nova_conf
+ lib/nova:create_nova_conf:441            :   rm -f /opt/stack/nova/bin/nova.conf
+ lib/nova:create_nova_conf:444            :   rm -f /etc/nova/nova.conf
+ lib/nova:create_nova_conf:445            :   iniset /etc/nova/nova.conf DEFAULT debug True
+ lib/nova:create_nova_conf:446            :   '[' True == True ']'
+ lib/nova:create_nova_conf:447            :   iniset /etc/nova/nova.conf DEFAULT allow_resize_to_same_host True
+ lib/nova:create_nova_conf:449            :   iniset /etc/nova/nova.conf wsgi api_paste_config /etc/nova/api-paste.ini
+ lib/nova:create_nova_conf:450            :   iniset /etc/nova/nova.conf DEFAULT rootwrap_config /etc/nova/rootwrap.conf
+ lib/nova:create_nova_conf:451            :   iniset /etc/nova/nova.conf filter_scheduler enabled_filters ComputeFilter,ComputeCapabilitiesFilter,ImagePropertiesFilter,ServerGroupAntiAffinityFilter,ServerGroupAffinityFilter,SameHostFilter,DifferentHostFilter
+ lib/nova:create_nova_conf:452            :   iniset /etc/nova/nova.conf scheduler workers 10
+ lib/nova:create_nova_conf:453            :   iniset /etc/nova/nova.conf neutron default_floating_pool public
+ lib/nova:create_nova_conf:454            :   iniset /etc/nova/nova.conf DEFAULT my_ip 172.21.16.48
+ lib/nova:create_nova_conf:455            :   iniset /etc/nova/nova.conf DEFAULT instance_name_template instance-%08x
+ lib/nova:create_nova_conf:456            :   iniset /etc/nova/nova.conf DEFAULT osapi_compute_listen 0.0.0.0
+ lib/nova:create_nova_conf:457            :   iniset /etc/nova/nova.conf DEFAULT metadata_listen 0.0.0.0
+ lib/nova:create_nova_conf:458            :   iniset /etc/nova/nova.conf DEFAULT shutdown_timeout 0
+ lib/nova:create_nova_conf:462            :   iniset /etc/nova/nova.conf api response_validation error
+ lib/nova:create_nova_conf:464            :   iniset /etc/nova/nova.conf key_manager backend nova.keymgr.conf_key_mgr.ConfKeyManager
+ lib/nova:create_nova_conf:466            :   iniset /etc/nova/nova.conf DEFAULT report_interval 120
+ lib/nova:create_nova_conf:467            :   iniset /etc/nova/nova.conf DEFAULT service_down_time 720
+ lib/nova:create_nova_conf:469            :   is_fedora
+ functions-common:is_fedora:526           :   [[ -z Ubuntu ]]
+ functions-common:is_fedora:530           :   '[' Ubuntu = Fedora ']'
+ functions-common:is_fedora:530           :   '[' Ubuntu = 'Red Hat' ']'
+ functions-common:is_fedora:531           :   '[' Ubuntu = openEuler ']'
+ functions-common:is_fedora:532           :   '[' Ubuntu = RedHatEnterpriseServer ']'
+ functions-common:is_fedora:533           :   '[' Ubuntu = RedHatEnterprise ']'
+ functions-common:is_fedora:534           :   '[' Ubuntu = RedHatEnterpriseLinux ']'
+ functions-common:is_fedora:535           :   '[' Ubuntu = RockyLinux ']'
+ functions-common:is_fedora:536           :   '[' Ubuntu = CentOS ']'
+ functions-common:is_fedora:536           :   '[' Ubuntu = CentOSStream ']'
+ functions-common:is_fedora:537           :   '[' Ubuntu = AlmaLinux ']'
+ functions-common:is_fedora:538           :   '[' Ubuntu = OracleServer ']'
+ functions-common:is_fedora:538           :   '[' Ubuntu = Virtuozzo ']'
+ lib/nova:create_nova_conf:478            :   is_service_enabled n-api n-cond n-sched n-spice n-novnc n-sproxy
+ functions-common:is_service_enabled:2076 :   return 0
+ lib/nova:create_nova_conf:482            :   [[ superconductor == \s\i\n\g\l\e\c\o\n\d\u\c\t\o\r ]]
+ lib/nova:create_nova_conf:485            :   local db=nova_cell0
+ lib/nova:create_nova_conf:488            :   iniset /etc/nova/nova.conf filter_scheduler track_instance_changes False
++ lib/nova:create_nova_conf:491            :   database_connection_url nova_cell0
++ lib/database:database_connection_url:134 :   local db=nova_cell0
++ lib/database:database_connection_url:135 :   database_connection_url_mysql nova_cell0
++ lib/databases/mysql:database_connection_url_mysql:251 :   local db=nova_cell0
++ lib/databases/mysql:database_connection_url_mysql:252 :   local plugin
++ lib/databases/mysql:database_connection_url_mysql:256 :   [[ True == \T\r\u\e ]]
++ lib/databases/mysql:database_connection_url_mysql:257 :   is_service_enabled mysql
++ functions-common:is_service_enabled:2076 :   return 0
++ lib/databases/mysql:database_connection_url_mysql:258 :   plugin='&plugin=dbcounter'
++ lib/databases/mysql:database_connection_url_mysql:262 :   echo 'mysql+pymysql://root:ossdbg1stack@127.0.0.1/nova_cell0?charset=utf8&plugin=dbcounter'
+ lib/nova:create_nova_conf:491            :   iniset /etc/nova/nova.conf database connection 'mysql+pymysql://root:ossdbg1stack@127.0.0.1/nova_cell0?charset=utf8&plugin=dbcounter'
++ lib/nova:create_nova_conf:492            :   database_connection_url nova_api
++ lib/database:database_connection_url:134 :   local db=nova_api
++ lib/database:database_connection_url:135 :   database_connection_url_mysql nova_api
++ lib/databases/mysql:database_connection_url_mysql:251 :   local db=nova_api
++ lib/databases/mysql:database_connection_url_mysql:252 :   local plugin
++ lib/databases/mysql:database_connection_url_mysql:256 :   [[ True == \T\r\u\e ]]
++ lib/databases/mysql:database_connection_url_mysql:257 :   is_service_enabled mysql
++ functions-common:is_service_enabled:2076 :   return 0
++ lib/databases/mysql:database_connection_url_mysql:258 :   plugin='&plugin=dbcounter'
++ lib/databases/mysql:database_connection_url_mysql:262 :   echo 'mysql+pymysql://root:ossdbg1stack@127.0.0.1/nova_api?charset=utf8&plugin=dbcounter'
+ lib/nova:create_nova_conf:492            :   iniset /etc/nova/nova.conf api_database connection 'mysql+pymysql://root:ossdbg1stack@127.0.0.1/nova_api?charset=utf8&plugin=dbcounter'
+ lib/nova:create_nova_conf:497            :   iniset /etc/nova/nova.conf cache enabled True
+ lib/nova:create_nova_conf:498            :   iniset /etc/nova/nova.conf cache backend dogpile.cache.memcached
+ lib/nova:create_nova_conf:499            :   iniset /etc/nova/nova.conf cache memcache_servers localhost:11211
+ lib/nova:create_nova_conf:502            :   is_service_enabled n-api
+ functions-common:is_service_enabled:2076 :   return 0
+ lib/nova:create_nova_conf:503            :   is_service_enabled n-api-meta
+ functions-common:is_service_enabled:2076 :   return 0
++ lib/nova:create_nova_conf:505            :   echo osapi_compute,metadata
++ lib/nova:create_nova_conf:505            :   sed s/,metadata//
+ lib/nova:create_nova_conf:505            :   NOVA_ENABLED_APIS=osapi_compute
+ lib/nova:create_nova_conf:507            :   iniset /etc/nova/nova.conf DEFAULT enabled_apis osapi_compute
+ lib/nova:create_nova_conf:508            :   [[ True == \T\r\u\e ]]
+ lib/nova:create_nova_conf:509            :   iniset /etc/nova/nova.conf oslo_policy enforce_new_defaults True
+ lib/nova:create_nova_conf:514            :   configure_keystone_authtoken_middleware /etc/nova/nova.conf nova
+ lib/keystone:configure_keystone_authtoken_middleware:413 :   local conf_file=/etc/nova/nova.conf
+ lib/keystone:configure_keystone_authtoken_middleware:414 :   local admin_user=nova
+ lib/keystone:configure_keystone_authtoken_middleware:415 :   local section=keystone_authtoken
+ lib/keystone:configure_keystone_authtoken_middleware:416 :   local service_type=
+ lib/keystone:configure_keystone_authtoken_middleware:418 :   configure_keystoneauth /etc/nova/nova.conf nova keystone_authtoken
+ lib/keystone:configure_keystoneauth:391  :   local conf_file=/etc/nova/nova.conf
+ lib/keystone:configure_keystoneauth:392  :   local admin_user=nova
+ lib/keystone:configure_keystoneauth:393  :   local section=keystone_authtoken
+ lib/keystone:configure_keystoneauth:395  :   iniset /etc/nova/nova.conf keystone_authtoken auth_type password
+ lib/keystone:configure_keystoneauth:396  :   iniset /etc/nova/nova.conf keystone_authtoken interface public
+ lib/keystone:configure_keystoneauth:397  :   iniset /etc/nova/nova.conf keystone_authtoken auth_url http://172.21.16.48/identity
+ lib/keystone:configure_keystoneauth:398  :   iniset /etc/nova/nova.conf keystone_authtoken username nova
+ lib/keystone:configure_keystoneauth:399  :   iniset /etc/nova/nova.conf keystone_authtoken password ossdbg1stack
+ lib/keystone:configure_keystoneauth:400  :   iniset /etc/nova/nova.conf keystone_authtoken user_domain_name Default
+ lib/keystone:configure_keystoneauth:401  :   iniset /etc/nova/nova.conf keystone_authtoken project_name service
+ lib/keystone:configure_keystoneauth:402  :   iniset /etc/nova/nova.conf keystone_authtoken project_domain_name Default
+ lib/keystone:configure_keystone_authtoken_middleware:419 :   iniset /etc/nova/nova.conf keystone_authtoken www_authenticate_uri http://172.21.16.48/identity
+ lib/keystone:configure_keystone_authtoken_middleware:420 :   iniset /etc/nova/nova.conf keystone_authtoken cafile /opt/stack/data/ca-bundle.pem
+ lib/keystone:configure_keystone_authtoken_middleware:421 :   iniset /etc/nova/nova.conf keystone_authtoken memcached_servers localhost:11211
+ lib/keystone:configure_keystone_authtoken_middleware:422 :   [[ -n '' ]]
+ lib/nova:create_nova_conf:517            :   is_service_enabled cinder
+ functions-common:is_service_enabled:2076 :   return 0
+ lib/nova:create_nova_conf:518            :   configure_cinder_access
+ lib/nova:configure_cinder_access:642     :   iniset /etc/nova/nova.conf cinder os_region_name RegionOne
+ lib/nova:configure_cinder_access:649     :   configure_keystoneauth /etc/nova/nova.conf nova cinder
+ lib/keystone:configure_keystoneauth:391  :   local conf_file=/etc/nova/nova.conf
+ lib/keystone:configure_keystoneauth:392  :   local admin_user=nova
+ lib/keystone:configure_keystoneauth:393  :   local section=cinder
+ lib/keystone:configure_keystoneauth:395  :   iniset /etc/nova/nova.conf cinder auth_type password
+ lib/keystone:configure_keystoneauth:396  :   iniset /etc/nova/nova.conf cinder interface public
+ lib/keystone:configure_keystoneauth:397  :   iniset /etc/nova/nova.conf cinder auth_url http://172.21.16.48/identity
+ lib/keystone:configure_keystoneauth:398  :   iniset /etc/nova/nova.conf cinder username nova
+ lib/keystone:configure_keystoneauth:399  :   iniset /etc/nova/nova.conf cinder password ossdbg1stack
+ lib/keystone:configure_keystoneauth:400  :   iniset /etc/nova/nova.conf cinder user_domain_name Default
+ lib/keystone:configure_keystoneauth:401  :   iniset /etc/nova/nova.conf cinder project_name service
+ lib/keystone:configure_keystoneauth:402  :   iniset /etc/nova/nova.conf cinder project_domain_name Default
+ lib/nova:configure_cinder_access:650     :   is_service_enabled tls-proxy
+ functions-common:is_service_enabled:2076 :   return 1
+ lib/nova:create_nova_conf:521            :   is_service_enabled manila
+ functions-common:is_service_enabled:2076 :   return 1
+ lib/nova:create_nova_conf:525            :   '[' -n /opt/stack/data/nova ']'
+ lib/nova:create_nova_conf:526            :   iniset /etc/nova/nova.conf DEFAULT state_path /opt/stack/data/nova
+ lib/nova:create_nova_conf:527            :   iniset /etc/nova/nova.conf oslo_concurrency lock_path /opt/stack/data/nova
+ lib/nova:create_nova_conf:529            :   '[' -n /opt/stack/data/nova/instances ']'
+ lib/nova:create_nova_conf:530            :   iniset /etc/nova/nova.conf DEFAULT instances_path /opt/stack/data/nova/instances
+ lib/nova:create_nova_conf:532            :   '[' False '!=' False ']'
+ lib/nova:create_nova_conf:535            :   '[' False '!=' False ']'
+ lib/nova:create_nova_conf:541            :   is_fedora
+ functions-common:is_fedora:526           :   [[ -z Ubuntu ]]
+ functions-common:is_fedora:530           :   '[' Ubuntu = Fedora ']'
+ functions-common:is_fedora:530           :   '[' Ubuntu = 'Red Hat' ']'
+ functions-common:is_fedora:531           :   '[' Ubuntu = openEuler ']'
+ functions-common:is_fedora:532           :   '[' Ubuntu = RedHatEnterpriseServer ']'
+ functions-common:is_fedora:533           :   '[' Ubuntu = RedHatEnterprise ']'
+ functions-common:is_fedora:534           :   '[' Ubuntu = RedHatEnterpriseLinux ']'
+ functions-common:is_fedora:535           :   '[' Ubuntu = RockyLinux ']'
+ functions-common:is_fedora:536           :   '[' Ubuntu = CentOS ']'
+ functions-common:is_fedora:536           :   '[' Ubuntu = CentOSStream ']'
+ functions-common:is_fedora:537           :   '[' Ubuntu = AlmaLinux ']'
+ functions-common:is_fedora:538           :   '[' Ubuntu = OracleServer ']'
+ functions-common:is_fedora:538           :   '[' Ubuntu = Virtuozzo ']'
+ lib/nova:create_nova_conf:546            :   setup_logging /etc/nova/nova.conf
+ functions:setup_logging:693              :   setup_systemd_logging /etc/nova/nova.conf
+ functions:setup_systemd_logging:710      :   local conf_file=/etc/nova/nova.conf
++ functions:setup_systemd_logging:715      :   trueorfalse False USE_JOURNAL
+ functions:setup_systemd_logging:715      :   USE_JOURNAL=False
+ functions:setup_systemd_logging:716      :   local pidstr=
+ functions:setup_systemd_logging:717      :   [[ False == \T\r\u\e ]]
+ functions:setup_systemd_logging:721      :   pidstr='(pid=%(process)d) '
+ functions:setup_systemd_logging:723      :   iniset /etc/nova/nova.conf DEFAULT logging_debug_format_suffix '[00;33m{{(pid=%(process)d) %(funcName)s %(pathname)s:%(lineno)d}}[00m'
+ functions:setup_systemd_logging:725      :   iniset /etc/nova/nova.conf DEFAULT logging_context_format_string '%(color)s%(levelname)s %(name)s [[01;36m%(global_request_id)s %(request_id)s [00;36m%(project_name)s %(user_name)s%(color)s] [01;35m%(instance)s%(color)s%(message)s[00m'
+ functions:setup_systemd_logging:726      :   iniset /etc/nova/nova.conf DEFAULT logging_default_format_string '%(color)s%(levelname)s %(name)s [[00;36m-%(color)s] [01;35m%(instance)s%(color)s%(message)s[00m'
+ functions:setup_systemd_logging:727      :   iniset /etc/nova/nova.conf DEFAULT logging_exception_prefix 'ERROR %(name)s [01;35m%(instance)s[00m'
+ functions:setup_systemd_logging:730      :   iniset /etc/nova/nova.conf DEFAULT log_color False
+ lib/nova:create_nova_conf:548            :   iniset /etc/nova/nova.conf upgrade_levels compute auto
+ lib/nova:create_nova_conf:550            :   is_service_enabled n-api
+ functions-common:is_service_enabled:2076 :   return 0
+ lib/nova:create_nova_conf:551            :   write_uwsgi_config /etc/nova/nova-api-uwsgi.ini nova.wsgi.osapi_compute:application /compute '' nova-api
+ lib/apache:write_uwsgi_config:243        :   local conf=/etc/nova/nova-api-uwsgi.ini
+ lib/apache:write_uwsgi_config:244        :   local wsgi=nova.wsgi.osapi_compute:application
+ lib/apache:write_uwsgi_config:245        :   local url=/compute
+ lib/apache:write_uwsgi_config:246        :   local http=
+ lib/apache:write_uwsgi_config:247        :   local name=nova-api
+ lib/apache:write_uwsgi_config:249        :   '[' -z nova-api ']'
+ lib/apache:write_uwsgi_config:255        :   local socket_dir=/var/run/uwsgi
+ lib/apache:write_uwsgi_config:259        :   sudo mkdir -p /etc/tmpfiles.d/
+ lib/apache:write_uwsgi_config:260        :   echo 'd /var/run/uwsgi 0755 slave root'
+ lib/apache:write_uwsgi_config:260        :   sudo tee /etc/tmpfiles.d/uwsgi.conf
d /var/run/uwsgi 0755 slave root
+ lib/apache:write_uwsgi_config:261        :   sudo systemd-tmpfiles --create /etc/tmpfiles.d/uwsgi.conf
/etc/tmpfiles.d/uwsgi.conf:1: Line references path below legacy directory /var/run/, updating /var/run/uwsgi → /run/uwsgi; please update the tmpfiles.d/ drop-in file accordingly.
+ lib/apache:write_uwsgi_config:263        :   local socket=/var/run/uwsgi/nova-api.socket
+ lib/apache:write_uwsgi_config:266        :   rm -rf /etc/nova/nova-api-uwsgi.ini
+ lib/apache:write_uwsgi_config:270        :   [[ nova.wsgi.osapi_compute:application =~ ^[a-zA-Z0-9_.]+:[a-zA-Z0-9_]+$ ]]
+ lib/apache:write_uwsgi_config:271        :   iniset /etc/nova/nova-api-uwsgi.ini uwsgi module nova.wsgi.osapi_compute:application
+ lib/apache:write_uwsgi_config:276        :   iniset /etc/nova/nova-api-uwsgi.ini uwsgi processes 10
+ lib/apache:write_uwsgi_config:278        :   iniset /etc/nova/nova-api-uwsgi.ini uwsgi master true
+ lib/apache:write_uwsgi_config:280        :   iniset /etc/nova/nova-api-uwsgi.ini uwsgi die-on-term true
+ lib/apache:write_uwsgi_config:281        :   iniset /etc/nova/nova-api-uwsgi.ini uwsgi exit-on-reload false
+ lib/apache:write_uwsgi_config:284        :   iniset /etc/nova/nova-api-uwsgi.ini uwsgi worker-reload-mercy 80
+ lib/apache:write_uwsgi_config:285        :   iniset /etc/nova/nova-api-uwsgi.ini uwsgi enable-threads true
+ lib/apache:write_uwsgi_config:286        :   iniset /etc/nova/nova-api-uwsgi.ini uwsgi plugins http,python3
+ lib/apache:write_uwsgi_config:288        :   iniset /etc/nova/nova-api-uwsgi.ini uwsgi thunder-lock true
+ lib/apache:write_uwsgi_config:290        :   iniset /etc/nova/nova-api-uwsgi.ini uwsgi hook-master-start 'unix_signal:15 gracefully_kill_them_all'
+ lib/apache:write_uwsgi_config:292        :   iniset /etc/nova/nova-api-uwsgi.ini uwsgi buffer-size 65535
+ lib/apache:write_uwsgi_config:294        :   iniset /etc/nova/nova-api-uwsgi.ini uwsgi add-header 'Connection: close'
+ lib/apache:write_uwsgi_config:296        :   iniset /etc/nova/nova-api-uwsgi.ini uwsgi lazy-apps true
+ lib/apache:write_uwsgi_config:298        :   iniset /etc/nova/nova-api-uwsgi.ini uwsgi start-time %t
+ lib/apache:write_uwsgi_config:301        :   [[ -n '' ]]
+ lib/apache:write_uwsgi_config:304        :   local apache_conf=
++ lib/apache:write_uwsgi_config:305        :   apache_site_config_for nova-api
++ lib/apache:apache_site_config_for:174    :   local site=nova-api
++ lib/apache:apache_site_config_for:175    :   is_ubuntu
++ functions-common:is_ubuntu:546           :   [[ -z deb ]]
++ functions-common:is_ubuntu:549           :   '[' deb = deb ']'
++ lib/apache:apache_site_config_for:177    :   echo /etc/apache2/sites-available/nova-api.conf
+ lib/apache:write_uwsgi_config:305        :   apache_conf=/etc/apache2/sites-available/nova-api.conf
+ lib/apache:write_uwsgi_config:306        :   iniset /etc/nova/nova-api-uwsgi.ini uwsgi socket /var/run/uwsgi/nova-api.socket
+ lib/apache:write_uwsgi_config:307        :   iniset /etc/nova/nova-api-uwsgi.ini uwsgi chmod-socket 666
+ lib/apache:write_uwsgi_config:308        :   echo 'ProxyPass "/compute" "unix:/var/run/uwsgi/nova-api.socket|uwsgi://uwsgi-uds-nova-api" retry=0 acquire=1 '
+ lib/apache:write_uwsgi_config:308        :   sudo tee -a /etc/apache2/sites-available/nova-api.conf
ProxyPass "/compute" "unix:/var/run/uwsgi/nova-api.socket|uwsgi://uwsgi-uds-nova-api" retry=0 acquire=1 
+ lib/apache:write_uwsgi_config:309        :   enable_apache_site nova-api
+ lib/apache:enable_apache_site:191        :   local site=nova-api
+ lib/apache:enable_apache_site:193        :   enable_apache_mod version
+ lib/apache:enable_apache_mod:55          :   local mod=version
+ lib/apache:enable_apache_mod:56          :   local should_restart=
+ lib/apache:enable_apache_mod:58          :   is_ubuntu
+ functions-common:is_ubuntu:546           :   [[ -z deb ]]
+ functions-common:is_ubuntu:549           :   '[' deb = deb ']'
+ lib/apache:enable_apache_mod:61          :   [[ version != \v\e\r\s\i\o\n ]]
+ lib/apache:enable_apache_site:194        :   is_ubuntu
+ functions-common:is_ubuntu:546           :   [[ -z deb ]]
+ functions-common:is_ubuntu:549           :   '[' deb = deb ']'
+ lib/apache:enable_apache_site:195        :   sudo a2ensite nova-api
Enabling site nova-api.
To activate the new configuration, you need to run:
  systemctl reload apache2
+ lib/apache:write_uwsgi_config:310        :   restart_apache_server
+ lib/apache:restart_apache_server:238     :   restart_service apache2
+ functions-common:restart_service:2304    :   '[' -x /bin/systemctl ']'
+ functions-common:restart_service:2305    :   sudo /bin/systemctl restart apache2
+ lib/nova:create_nova_conf:554            :   is_service_enabled n-api-meta
+ functions-common:is_service_enabled:2076 :   return 0
+ lib/nova:create_nova_conf:555            :   write_uwsgi_config /etc/nova/nova-metadata-uwsgi.ini nova.wsgi.metadata:application '' 0.0.0.0:8775 nova-metadata
+ lib/apache:write_uwsgi_config:243        :   local conf=/etc/nova/nova-metadata-uwsgi.ini
+ lib/apache:write_uwsgi_config:244        :   local wsgi=nova.wsgi.metadata:application
+ lib/apache:write_uwsgi_config:245        :   local url=
+ lib/apache:write_uwsgi_config:246        :   local http=0.0.0.0:8775
+ lib/apache:write_uwsgi_config:247        :   local name=nova-metadata
+ lib/apache:write_uwsgi_config:249        :   '[' -z nova-metadata ']'
+ lib/apache:write_uwsgi_config:255        :   local socket_dir=/var/run/uwsgi
+ lib/apache:write_uwsgi_config:259        :   sudo mkdir -p /etc/tmpfiles.d/
+ lib/apache:write_uwsgi_config:260        :   echo 'd /var/run/uwsgi 0755 slave root'
+ lib/apache:write_uwsgi_config:260        :   sudo tee /etc/tmpfiles.d/uwsgi.conf
d /var/run/uwsgi 0755 slave root
+ lib/apache:write_uwsgi_config:261        :   sudo systemd-tmpfiles --create /etc/tmpfiles.d/uwsgi.conf
/etc/tmpfiles.d/uwsgi.conf:1: Line references path below legacy directory /var/run/, updating /var/run/uwsgi → /run/uwsgi; please update the tmpfiles.d/ drop-in file accordingly.
+ lib/apache:write_uwsgi_config:263        :   local socket=/var/run/uwsgi/nova-metadata.socket
+ lib/apache:write_uwsgi_config:266        :   rm -rf /etc/nova/nova-metadata-uwsgi.ini
+ lib/apache:write_uwsgi_config:270        :   [[ nova.wsgi.metadata:application =~ ^[a-zA-Z0-9_.]+:[a-zA-Z0-9_]+$ ]]
+ lib/apache:write_uwsgi_config:271        :   iniset /etc/nova/nova-metadata-uwsgi.ini uwsgi module nova.wsgi.metadata:application
+ lib/apache:write_uwsgi_config:276        :   iniset /etc/nova/nova-metadata-uwsgi.ini uwsgi processes 10
+ lib/apache:write_uwsgi_config:278        :   iniset /etc/nova/nova-metadata-uwsgi.ini uwsgi master true
+ lib/apache:write_uwsgi_config:280        :   iniset /etc/nova/nova-metadata-uwsgi.ini uwsgi die-on-term true
+ lib/apache:write_uwsgi_config:281        :   iniset /etc/nova/nova-metadata-uwsgi.ini uwsgi exit-on-reload false
+ lib/apache:write_uwsgi_config:284        :   iniset /etc/nova/nova-metadata-uwsgi.ini uwsgi worker-reload-mercy 80
+ lib/apache:write_uwsgi_config:285        :   iniset /etc/nova/nova-metadata-uwsgi.ini uwsgi enable-threads true
+ lib/apache:write_uwsgi_config:286        :   iniset /etc/nova/nova-metadata-uwsgi.ini uwsgi plugins http,python3
+ lib/apache:write_uwsgi_config:288        :   iniset /etc/nova/nova-metadata-uwsgi.ini uwsgi thunder-lock true
+ lib/apache:write_uwsgi_config:290        :   iniset /etc/nova/nova-metadata-uwsgi.ini uwsgi hook-master-start 'unix_signal:15 gracefully_kill_them_all'
+ lib/apache:write_uwsgi_config:292        :   iniset /etc/nova/nova-metadata-uwsgi.ini uwsgi buffer-size 65535
+ lib/apache:write_uwsgi_config:294        :   iniset /etc/nova/nova-metadata-uwsgi.ini uwsgi add-header 'Connection: close'
+ lib/apache:write_uwsgi_config:296        :   iniset /etc/nova/nova-metadata-uwsgi.ini uwsgi lazy-apps true
+ lib/apache:write_uwsgi_config:298        :   iniset /etc/nova/nova-metadata-uwsgi.ini uwsgi start-time %t
+ lib/apache:write_uwsgi_config:301        :   [[ -n 0.0.0.0:8775 ]]
+ lib/apache:write_uwsgi_config:302        :   iniset /etc/nova/nova-metadata-uwsgi.ini uwsgi http 0.0.0.0:8775
+ lib/nova:create_nova_conf:558            :   is_service_enabled ceilometer
+ functions-common:is_service_enabled:2076 :   return 1
+ lib/nova:create_nova_conf:566            :   iniset /etc/nova/nova.conf oslo_messaging_notifications driver messagingv2
++ lib/nova:create_nova_conf:567            :   get_notification_url
++ lib/rpc_backend:get_notification_url:136 :   local virtual_host=
++ lib/rpc_backend:get_notification_url:137 :   is_service_enabled rabbit
++ functions-common:is_service_enabled:2076 :   return 0
++ lib/rpc_backend:get_notification_url:138 :   echo rabbit://stackrabbit:ossdbg1stack@172.21.16.48:5672/
+ lib/nova:create_nova_conf:567            :   iniset /etc/nova/nova.conf oslo_messaging_notifications transport_url rabbit://stackrabbit:ossdbg1stack@172.21.16.48:5672/
+ lib/nova:create_nova_conf:568            :   iniset /etc/nova/nova.conf notifications notification_format unversioned
+ lib/nova:create_nova_conf:569            :   iniset_rpc_backend nova /etc/nova/nova.conf
+ lib/rpc_backend:iniset_rpc_backend:144   :   local package=nova
+ lib/rpc_backend:iniset_rpc_backend:145   :   local file=/etc/nova/nova.conf
+ lib/rpc_backend:iniset_rpc_backend:146   :   local section=DEFAULT
+ lib/rpc_backend:iniset_rpc_backend:147   :   local virtual_host=
+ lib/rpc_backend:iniset_rpc_backend:148   :   is_service_enabled rabbit
+ functions-common:is_service_enabled:2076 :   return 0
++ lib/rpc_backend:iniset_rpc_backend:149   :   get_transport_url ''
++ lib/rpc_backend:get_transport_url:126    :   local virtual_host=
++ lib/rpc_backend:get_transport_url:127    :   is_service_enabled rabbit
++ functions-common:is_service_enabled:2076 :   return 0
++ lib/rpc_backend:get_transport_url:128    :   echo rabbit://stackrabbit:ossdbg1stack@172.21.16.48:5672/
+ lib/rpc_backend:iniset_rpc_backend:149   :   iniset /etc/nova/nova.conf DEFAULT transport_url rabbit://stackrabbit:ossdbg1stack@172.21.16.48:5672/
+ lib/rpc_backend:iniset_rpc_backend:150   :   '[' -n '' ']'
+ lib/rpc_backend:iniset_rpc_backend:153   :   '[' -n '' ']'
+ lib/nova:create_nova_conf:571            :   iniset /etc/nova/nova.conf DEFAULT osapi_compute_workers 10
+ lib/nova:create_nova_conf:572            :   iniset /etc/nova/nova.conf DEFAULT metadata_workers 10
+ lib/nova:create_nova_conf:574            :   iniset /etc/nova/nova.conf conductor workers 10
+ lib/nova:create_nova_conf:576            :   is_service_enabled tls-proxy
+ functions-common:is_service_enabled:2076 :   return 1
+ lib/nova:create_nova_conf:581            :   iniset /etc/nova/nova.conf DEFAULT graceful_shutdown_timeout 5
+ lib/nova:create_nova_conf:583            :   '[' True == True ']'
+ lib/nova:create_nova_conf:584            :   init_nova_service_user_conf
+ lib/nova:init_nova_service_user_conf:822 :   iniset /etc/nova/nova.conf service_user send_service_user_token True
+ lib/nova:init_nova_service_user_conf:823 :   configure_keystoneauth /etc/nova/nova.conf nova service_user
+ lib/keystone:configure_keystoneauth:391  :   local conf_file=/etc/nova/nova.conf
+ lib/keystone:configure_keystoneauth:392  :   local admin_user=nova
+ lib/keystone:configure_keystoneauth:393  :   local section=service_user
+ lib/keystone:configure_keystoneauth:395  :   iniset /etc/nova/nova.conf service_user auth_type password
+ lib/keystone:configure_keystoneauth:396  :   iniset /etc/nova/nova.conf service_user interface public
+ lib/keystone:configure_keystoneauth:397  :   iniset /etc/nova/nova.conf service_user auth_url http://172.21.16.48/identity
+ lib/keystone:configure_keystoneauth:398  :   iniset /etc/nova/nova.conf service_user username nova
+ lib/keystone:configure_keystoneauth:399  :   iniset /etc/nova/nova.conf service_user password ossdbg1stack
+ lib/keystone:configure_keystoneauth:400  :   iniset /etc/nova/nova.conf service_user user_domain_name Default
+ lib/keystone:configure_keystoneauth:401  :   iniset /etc/nova/nova.conf service_user project_name service
+ lib/keystone:configure_keystoneauth:402  :   iniset /etc/nova/nova.conf service_user project_domain_name Default
+ lib/nova:create_nova_conf:587            :   is_service_enabled n-cond
+ functions-common:is_service_enabled:2076 :   return 0
++ lib/nova:create_nova_conf:588            :   seq 1 1
+ lib/nova:create_nova_conf:588            :   for i in $(seq 1 $NOVA_NUM_CELLS)
+ lib/nova:create_nova_conf:589            :   local conf
+ lib/nova:create_nova_conf:590            :   local vhost
++ lib/nova:create_nova_conf:591            :   conductor_conf 1
++ lib/nova:conductor_conf:827              :   local cell=1
++ lib/nova:conductor_conf:828              :   echo /etc/nova/nova_cell1.conf
+ lib/nova:create_nova_conf:591            :   conf=/etc/nova/nova_cell1.conf
+ lib/nova:create_nova_conf:592            :   vhost=nova_cell1
+ lib/nova:create_nova_conf:594            :   rm -f /etc/nova/nova_cell1.conf
++ lib/nova:create_nova_conf:595            :   database_connection_url nova_cell1
++ lib/database:database_connection_url:134 :   local db=nova_cell1
++ lib/database:database_connection_url:135 :   database_connection_url_mysql nova_cell1
++ lib/databases/mysql:database_connection_url_mysql:251 :   local db=nova_cell1
++ lib/databases/mysql:database_connection_url_mysql:252 :   local plugin
++ lib/databases/mysql:database_connection_url_mysql:256 :   [[ True == \T\r\u\e ]]
++ lib/databases/mysql:database_connection_url_mysql:257 :   is_service_enabled mysql
++ functions-common:is_service_enabled:2076 :   return 0
++ lib/databases/mysql:database_connection_url_mysql:258 :   plugin='&plugin=dbcounter'
++ lib/databases/mysql:database_connection_url_mysql:262 :   echo 'mysql+pymysql://root:ossdbg1stack@127.0.0.1/nova_cell1?charset=utf8&plugin=dbcounter'
+ lib/nova:create_nova_conf:595            :   iniset /etc/nova/nova_cell1.conf database connection 'mysql+pymysql://root:ossdbg1stack@127.0.0.1/nova_cell1?charset=utf8&plugin=dbcounter'
+ lib/nova:create_nova_conf:596            :   iniset /etc/nova/nova_cell1.conf conductor workers 10
+ lib/nova:create_nova_conf:597            :   iniset /etc/nova/nova_cell1.conf DEFAULT debug True
+ lib/nova:create_nova_conf:599            :   [[ superconductor == \s\i\n\g\l\e\c\o\n\d\u\c\t\o\r ]]
+ lib/nova:create_nova_conf:602            :   rpc_backend_add_vhost nova_cell1
+ lib/rpc_backend:rpc_backend_add_vhost:112 :   local vhost=nova_cell1
+ lib/rpc_backend:rpc_backend_add_vhost:113 :   is_service_enabled rabbit
+ functions-common:is_service_enabled:2076 :   return 0
++ lib/rpc_backend:rpc_backend_add_vhost:114 :   sudo rabbitmqctl list_vhosts
++ lib/rpc_backend:rpc_backend_add_vhost:114 :   grep nova_cell1
+ lib/rpc_backend:rpc_backend_add_vhost:114 :   '[' -z nova_cell1 ']'
+ lib/nova:create_nova_conf:603            :   iniset_rpc_backend nova /etc/nova/nova_cell1.conf DEFAULT nova_cell1
+ lib/rpc_backend:iniset_rpc_backend:144   :   local package=nova
+ lib/rpc_backend:iniset_rpc_backend:145   :   local file=/etc/nova/nova_cell1.conf
+ lib/rpc_backend:iniset_rpc_backend:146   :   local section=DEFAULT
+ lib/rpc_backend:iniset_rpc_backend:147   :   local virtual_host=nova_cell1
+ lib/rpc_backend:iniset_rpc_backend:148   :   is_service_enabled rabbit
+ functions-common:is_service_enabled:2076 :   return 0
++ lib/rpc_backend:iniset_rpc_backend:149   :   get_transport_url nova_cell1
++ lib/rpc_backend:get_transport_url:126    :   local virtual_host=nova_cell1
++ lib/rpc_backend:get_transport_url:127    :   is_service_enabled rabbit
++ functions-common:is_service_enabled:2076 :   return 0
++ lib/rpc_backend:get_transport_url:128    :   echo rabbit://stackrabbit:ossdbg1stack@172.21.16.48:5672/nova_cell1
+ lib/rpc_backend:iniset_rpc_backend:149   :   iniset /etc/nova/nova_cell1.conf DEFAULT transport_url rabbit://stackrabbit:ossdbg1stack@172.21.16.48:5672/nova_cell1
+ lib/rpc_backend:iniset_rpc_backend:150   :   '[' -n '' ']'
+ lib/rpc_backend:iniset_rpc_backend:153   :   '[' -n '' ']'
+ lib/nova:create_nova_conf:607            :   is_service_enabled placement placement-client
+ functions-common:is_service_enabled:2076 :   return 0
+ lib/nova:create_nova_conf:608            :   configure_placement_nova_compute /etc/nova/nova_cell1.conf
+ lib/nova:configure_placement_nova_compute:636 :   local conf=/etc/nova/nova_cell1.conf
+ lib/nova:configure_placement_nova_compute:637 :   configure_keystoneauth /etc/nova/nova_cell1.conf nova placement
+ lib/keystone:configure_keystoneauth:391  :   local conf_file=/etc/nova/nova_cell1.conf
+ lib/keystone:configure_keystoneauth:392  :   local admin_user=nova
+ lib/keystone:configure_keystoneauth:393  :   local section=placement
+ lib/keystone:configure_keystoneauth:395  :   iniset /etc/nova/nova_cell1.conf placement auth_type password
+ lib/keystone:configure_keystoneauth:396  :   iniset /etc/nova/nova_cell1.conf placement interface public
+ lib/keystone:configure_keystoneauth:397  :   iniset /etc/nova/nova_cell1.conf placement auth_url http://172.21.16.48/identity
+ lib/keystone:configure_keystoneauth:398  :   iniset /etc/nova/nova_cell1.conf placement username nova
+ lib/keystone:configure_keystoneauth:399  :   iniset /etc/nova/nova_cell1.conf placement password ossdbg1stack
+ lib/keystone:configure_keystoneauth:400  :   iniset /etc/nova/nova_cell1.conf placement user_domain_name Default
+ lib/keystone:configure_keystoneauth:401  :   iniset /etc/nova/nova_cell1.conf placement project_name service
+ lib/keystone:configure_keystoneauth:402  :   iniset /etc/nova/nova_cell1.conf placement project_domain_name Default
+ lib/nova:create_nova_conf:612            :   setup_logging /etc/nova/nova_cell1.conf
+ functions:setup_logging:693              :   setup_systemd_logging /etc/nova/nova_cell1.conf
+ functions:setup_systemd_logging:710      :   local conf_file=/etc/nova/nova_cell1.conf
++ functions:setup_systemd_logging:715      :   trueorfalse False USE_JOURNAL
+ functions:setup_systemd_logging:715      :   USE_JOURNAL=False
+ functions:setup_systemd_logging:716      :   local pidstr=
+ functions:setup_systemd_logging:717      :   [[ False == \T\r\u\e ]]
+ functions:setup_systemd_logging:721      :   pidstr='(pid=%(process)d) '
+ functions:setup_systemd_logging:723      :   iniset /etc/nova/nova_cell1.conf DEFAULT logging_debug_format_suffix '[00;33m{{(pid=%(process)d) %(funcName)s %(pathname)s:%(lineno)d}}[00m'
+ functions:setup_systemd_logging:725      :   iniset /etc/nova/nova_cell1.conf DEFAULT logging_context_format_string '%(color)s%(levelname)s %(name)s [[01;36m%(global_request_id)s %(request_id)s [00;36m%(project_name)s %(user_name)s%(color)s] [01;35m%(instance)s%(color)s%(message)s[00m'
+ functions:setup_systemd_logging:726      :   iniset /etc/nova/nova_cell1.conf DEFAULT logging_default_format_string '%(color)s%(levelname)s %(name)s [[00;36m-%(color)s] [01;35m%(instance)s%(color)s%(message)s[00m'
+ functions:setup_systemd_logging:727      :   iniset /etc/nova/nova_cell1.conf DEFAULT logging_exception_prefix 'ERROR %(name)s [01;35m%(instance)s[00m'
+ functions:setup_systemd_logging:730      :   iniset /etc/nova/nova_cell1.conf DEFAULT log_color False
+ lib/nova:create_nova_conf:619            :   [[ superconductor == \s\i\n\g\l\e\c\o\n\d\u\c\t\o\r ]]
++ lib/nova:create_nova_conf:622            :   seq 1 1
+ lib/nova:create_nova_conf:622            :   for i in $(seq 1 $NOVA_NUM_CELLS)
+ lib/nova:create_nova_conf:623            :   local conf
+ lib/nova:create_nova_conf:624            :   local offset
++ lib/nova:create_nova_conf:625            :   conductor_conf 1
++ lib/nova:conductor_conf:827              :   local cell=1
++ lib/nova:conductor_conf:828              :   echo /etc/nova/nova_cell1.conf
+ lib/nova:create_nova_conf:625            :   conf=/etc/nova/nova_cell1.conf
+ lib/nova:create_nova_conf:626            :   offset=0
+ lib/nova:create_nova_conf:627            :   configure_console_proxies /etc/nova/nova_cell1.conf 0
+ lib/nova:configure_console_proxies:726   :   local conf=/etc/nova/nova_cell1.conf
+ lib/nova:configure_console_proxies:727   :   local offset=0
+ lib/nova:configure_console_proxies:731   :   offset=0
+ lib/nova:configure_console_proxies:733   :   is_service_enabled n-novnc
+ functions-common:is_service_enabled:2076 :   return 0
+ lib/nova:configure_console_proxies:734   :   iniset /etc/nova/nova_cell1.conf vnc novncproxy_host 0.0.0.0
+ lib/nova:configure_console_proxies:735   :   iniset /etc/nova/nova_cell1.conf vnc novncproxy_port 6080
+ lib/nova:configure_console_proxies:737   :   is_nova_console_proxy_compute_tls_enabled
+ lib/nova:is_nova_console_proxy_compute_tls_enabled:192 :   [[ False = \T\r\u\e ]]
+ lib/nova:is_nova_console_proxy_compute_tls_enabled:193 :   return 1
+ lib/nova:configure_console_proxies:765   :   is_service_enabled n-spice
+ functions-common:is_service_enabled:2076 :   return 1
+ lib/nova:configure_console_proxies:770   :   is_service_enabled n-sproxy
+ functions-common:is_service_enabled:2076 :   return 1
+ lib/nova:configure_nova:373              :   is_service_enabled n-cpu
+ functions-common:is_service_enabled:2076 :   return 0
+ lib/nova:configure_nova:373              :   [[ -r /home/slave/devstack/lib/nova_plugins/hypervisor-libvirt ]]
+ lib/nova:configure_nova:375              :   configure_nova_hypervisor
+ lib/nova_plugins/hypervisor-libvirt:configure_nova_hypervisor:40 :   configure_libvirt
+ lib/nova_plugins/functions-libvirt:configure_libvirt:153 :   is_service_enabled neutron
+ functions-common:is_service_enabled:2076 :   return 0
+ lib/nova_plugins/functions-libvirt:configure_libvirt:153 :   sudo grep -q '^cgroup_device_acl' /etc/libvirt/qemu.conf
+ lib/nova_plugins/functions-libvirt:configure_libvirt:166 :   is_fedora
+ functions-common:is_fedora:526           :   [[ -z Ubuntu ]]
+ functions-common:is_fedora:530           :   '[' Ubuntu = Fedora ']'
+ functions-common:is_fedora:530           :   '[' Ubuntu = 'Red Hat' ']'
+ functions-common:is_fedora:531           :   '[' Ubuntu = openEuler ']'
+ functions-common:is_fedora:532           :   '[' Ubuntu = RedHatEnterpriseServer ']'
+ functions-common:is_fedora:533           :   '[' Ubuntu = RedHatEnterprise ']'
+ functions-common:is_fedora:534           :   '[' Ubuntu = RedHatEnterpriseLinux ']'
+ functions-common:is_fedora:535           :   '[' Ubuntu = RockyLinux ']'
+ functions-common:is_fedora:536           :   '[' Ubuntu = CentOS ']'
+ functions-common:is_fedora:536           :   '[' Ubuntu = CentOSStream ']'
+ functions-common:is_fedora:537           :   '[' Ubuntu = AlmaLinux ']'
+ functions-common:is_fedora:538           :   '[' Ubuntu = OracleServer ']'
+ functions-common:is_fedora:538           :   '[' Ubuntu = Virtuozzo ']'
+ lib/nova_plugins/functions-libvirt:configure_libvirt:185 :   getent group libvirt
+ lib/nova_plugins/functions-libvirt:configure_libvirt:188 :   add_user_to_group slave libvirt
+ functions-common:add_user_to_group:2189  :   local user=slave
+ functions-common:add_user_to_group:2190  :   local group=libvirt
+ functions-common:add_user_to_group:2192  :   sudo usermod -a -G libvirt slave
+ lib/nova_plugins/functions-libvirt:configure_libvirt:191 :   [[ True = \T\r\u\e ]]
+ lib/nova_plugins/functions-libvirt:configure_libvirt:192 :   is_ubuntu
+ functions-common:is_ubuntu:546           :   [[ -z deb ]]
+ functions-common:is_ubuntu:549           :   '[' deb = deb ']'
+ lib/nova_plugins/functions-libvirt:configure_libvirt:197 :   local 'log_filters=1:libvirt.c 1:qemu 1:conf 1:security 3:object 3:event 3:json 3:file 1:util 1:cpu'
+ lib/nova_plugins/functions-libvirt:configure_libvirt:201 :   local log_outputs=1:file:/var/log/libvirt/libvirtd.log
+ lib/nova_plugins/functions-libvirt:configure_libvirt:202 :   sudo grep -q '^log_filters="1:libvirt.c 1:qemu 1:conf 1:security 3:object 3:event 3:json 3:file 1:util 1:cpu"' /etc/libvirt/libvirtd.conf
+ lib/nova_plugins/functions-libvirt:configure_libvirt:205 :   sudo grep -q '^log_outputs="1:file:/var/log/libvirt/libvirtd.log"' /etc/libvirt/libvirtd.conf
+ lib/nova_plugins/functions-libvirt:configure_libvirt:210 :   is_nova_console_proxy_compute_tls_enabled
+ lib/nova:is_nova_console_proxy_compute_tls_enabled:192 :   [[ False = \T\r\u\e ]]
+ lib/nova:is_nova_console_proxy_compute_tls_enabled:193 :   return 1
+ lib/nova_plugins/functions-libvirt:configure_libvirt:228 :   restart_service libvirtd
+ functions-common:restart_service:2304    :   '[' -x /bin/systemctl ']'
+ functions-common:restart_service:2305    :   sudo /bin/systemctl restart libvirtd
+ lib/nova_plugins/functions-libvirt:configure_libvirt:234 :   restart_service virtlogd
+ functions-common:restart_service:2304    :   '[' -x /bin/systemctl ']'
+ functions-common:restart_service:2305    :   sudo /bin/systemctl restart virtlogd
+ lib/nova_plugins/hypervisor-libvirt:configure_nova_hypervisor:41 :   iniset /etc/nova/nova.conf libvirt virt_type kvm
+ lib/nova_plugins/hypervisor-libvirt:configure_nova_hypervisor:42 :   iniset /etc/nova/nova.conf libvirt cpu_mode custom
+ lib/nova_plugins/hypervisor-libvirt:configure_nova_hypervisor:43 :   '[' custom == custom ']'
+ lib/nova_plugins/hypervisor-libvirt:configure_nova_hypervisor:44 :   iniset /etc/nova/nova.conf libvirt cpu_models Nehalem
+ lib/nova_plugins/hypervisor-libvirt:configure_nova_hypervisor:47 :   iniset /etc/nova/nova.conf DEFAULT pointer_model ps2mouse
+ lib/nova_plugins/hypervisor-libvirt:configure_nova_hypervisor:48 :   iniset /etc/nova/nova.conf libvirt live_migration_uri qemu+ssh://slave@%s/system
+ lib/nova_plugins/hypervisor-libvirt:configure_nova_hypervisor:49 :   iniset /etc/nova/nova.conf DEFAULT default_ephemeral_format ext4
+ lib/nova_plugins/hypervisor-libvirt:configure_nova_hypervisor:50 :   iniset /etc/nova/nova.conf DEFAULT compute_driver libvirt.LibvirtDriver
+ lib/nova_plugins/hypervisor-libvirt:configure_nova_hypervisor:52 :   is_arch ppc64
++ functions-common:is_arch:519             :   uname -m
+ functions-common:is_arch:519             :   [[ x86_64 == \p\p\c\6\4 ]]
+ lib/nova_plugins/hypervisor-libvirt:configure_nova_hypervisor:57 :   is_arch aarch64
++ functions-common:is_arch:519             :   uname -m
+ functions-common:is_arch:519             :   [[ x86_64 == \a\a\r\c\h\6\4 ]]
+ lib/nova_plugins/hypervisor-libvirt:configure_nova_hypervisor:65 :   isset ENABLE_FILE_INJECTION
+ functions-common:isset:266               :   [[ -v ENABLE_FILE_INJECTION ]]
+ lib/nova_plugins/hypervisor-libvirt:configure_nova_hypervisor:73 :   [[ kvm = \p\a\r\a\l\l\e\l\s ]]
+ lib/nova_plugins/hypervisor-libvirt:configure_nova_hypervisor:80 :   [[ '' == \L\V\M ]]
+ ./stack.sh:main:965                      :   is_service_enabled placement
+ functions-common:is_service_enabled:2076 :   return 0
+ ./stack.sh:main:967                      :   stack_install_service placement
+ lib/stack:stack_install_service:20       :   local service=placement
+ lib/stack:stack_install_service:21       :   type install_placement
+ lib/stack:stack_install_service:23       :   [[ False = True ]]
+ lib/stack:stack_install_service:32       :   install_placement
+ lib/placement:install_placement:121      :   pip_install_gr osc-placement
+ inc/python:pip_install_gr:94             :   local name=osc-placement
+ inc/python:pip_install_gr:95             :   local clean_name
++ inc/python:pip_install_gr:96             :   get_from_global_requirements osc-placement
++ inc/python:get_from_global_requirements:241 :   local package=osc-placement
++ inc/python:get_from_global_requirements:242 :   local required_pkg
+++ inc/python:get_from_global_requirements:243 :   grep -i -h '^osc-placement' /opt/stack/requirements/global-requirements.txt
+++ inc/python:get_from_global_requirements:243 :   cut -d# -f1
++ inc/python:get_from_global_requirements:243 :   required_pkg='osc-placement  '
++ inc/python:get_from_global_requirements:244 :   [[ osc-placement   == '' ]]
++ inc/python:get_from_global_requirements:247 :   echo osc-placement
+ inc/python:pip_install_gr:96             :   clean_name=osc-placement
+ inc/python:pip_install_gr:97             :   pip_install osc-placement
Using python 3.12 to install osc-placement
+ inc/python:pip_install:210               :   env http_proxy= https_proxy= no_proxy= PIP_FIND_LINKS= /opt/stack/data/venv/bin/pip install -c /opt/stack/requirements/upper-constraints.txt osc-placement
Collecting osc-placement
  Using cached osc_placement-4.9.0-py3-none-any.whl.metadata (2.1 kB)
Requirement already satisfied: pbr>=2.0.0 in /opt/stack/data/venv/lib/python3.12/site-packages (from osc-placement) (7.0.3)
Requirement already satisfied: keystoneauth1>=3.3.0 in /opt/stack/data/venv/lib/python3.12/site-packages (from osc-placement) (5.15.0)
Requirement already satisfied: osc-lib>=1.2.0 in /opt/stack/data/venv/lib/python3.12/site-packages (from osc-placement) (4.7.0)
Requirement already satisfied: oslo.utils>=3.37.0 in /opt/stack/data/venv/lib/python3.12/site-packages (from osc-placement) (10.1.1)
Requirement already satisfied: iso8601>=2.0.0 in /opt/stack/data/venv/lib/python3.12/site-packages (from keystoneauth1>=3.3.0->osc-placement) (2.1.0)
Requirement already satisfied: requests>=2.14.2 in /opt/stack/data/venv/lib/python3.12/site-packages (from keystoneauth1>=3.3.0->osc-placement) (2.34.2)
Requirement already satisfied: stevedore>=1.20.0 in /opt/stack/data/venv/lib/python3.12/site-packages (from keystoneauth1>=3.3.0->osc-placement) (5.9.1)
Requirement already satisfied: os-service-types>=1.2.0 in /opt/stack/data/venv/lib/python3.12/site-packages (from keystoneauth1>=3.3.0->osc-placement) (1.9.0)
Requirement already satisfied: typing-extensions>=4.12 in /opt/stack/data/venv/lib/python3.12/site-packages (from keystoneauth1>=3.3.0->osc-placement) (4.16.0)
Requirement already satisfied: cliff>=4.9.0 in /opt/stack/data/venv/lib/python3.12/site-packages (from osc-lib>=1.2.0->osc-placement) (4.15.0)
Requirement already satisfied: openstacksdk>=4.12.0 in /opt/stack/data/venv/lib/python3.12/site-packages (from osc-lib>=1.2.0->osc-placement) (4.18.0)
Requirement already satisfied: oslo.i18n>=3.15.3 in /opt/stack/data/venv/lib/python3.12/site-packages (from osc-lib>=1.2.0->osc-placement) (6.9.0)
Requirement already satisfied: autopage>=0.4.0 in /opt/stack/data/venv/lib/python3.12/site-packages (from cliff>=4.9.0->osc-lib>=1.2.0->osc-placement) (0.6.0)
Requirement already satisfied: cmd2>=3.0.0 in /opt/stack/data/venv/lib/python3.12/site-packages (from cliff>=4.9.0->osc-lib>=1.2.0->osc-placement) (4.2.0)
Requirement already satisfied: PrettyTable>=0.7.2 in /opt/stack/data/venv/lib/python3.12/site-packages (from cliff>=4.9.0->osc-lib>=1.2.0->osc-placement) (3.18.0)
Requirement already satisfied: PyYAML>=3.12 in /opt/stack/data/venv/lib/python3.12/site-packages (from cliff>=4.9.0->osc-lib>=1.2.0->osc-placement) (6.0.3)
Requirement already satisfied: prompt-toolkit>=3.0.53 in /opt/stack/data/venv/lib/python3.12/site-packages (from cmd2>=3.0.0->cliff>=4.9.0->osc-lib>=1.2.0->osc-placement) (3.0.53)
Requirement already satisfied: pyperclip>=1.8.2 in /opt/stack/data/venv/lib/python3.12/site-packages (from cmd2>=3.0.0->cliff>=4.9.0->osc-lib>=1.2.0->osc-placement) (1.11.0)
Requirement already satisfied: rich>=15.0.0 in /opt/stack/data/venv/lib/python3.12/site-packages (from cmd2>=3.0.0->cliff>=4.9.0->osc-lib>=1.2.0->osc-placement) (15.0.0)
Requirement already satisfied: rich-argparse>=1.7.2 in /opt/stack/data/venv/lib/python3.12/site-packages (from cmd2>=3.0.0->cliff>=4.9.0->osc-lib>=1.2.0->osc-placement) (1.8.0)
Requirement already satisfied: cryptography>=2.7 in /opt/stack/data/venv/lib/python3.12/site-packages (from openstacksdk>=4.12.0->osc-lib>=1.2.0->osc-placement) (43.0.3)
Requirement already satisfied: decorator>=4.4.1 in /opt/stack/data/venv/lib/python3.12/site-packages (from openstacksdk>=4.12.0->osc-lib>=1.2.0->osc-placement) (5.3.1)
Requirement already satisfied: dogpile.cache>=0.6.5 in /opt/stack/data/venv/lib/python3.12/site-packages (from openstacksdk>=4.12.0->osc-lib>=1.2.0->osc-placement) (1.5.0)
Requirement already satisfied: jmespath>=0.9.0 in /opt/stack/data/venv/lib/python3.12/site-packages (from openstacksdk>=4.12.0->osc-lib>=1.2.0->osc-placement) (1.1.0)
Requirement already satisfied: jsonpatch!=1.20,>=1.16 in /opt/stack/data/venv/lib/python3.12/site-packages (from openstacksdk>=4.12.0->osc-lib>=1.2.0->osc-placement) (1.33)
Requirement already satisfied: platformdirs>=3 in /opt/stack/data/venv/lib/python3.12/site-packages (from openstacksdk>=4.12.0->osc-lib>=1.2.0->osc-placement) (4.11.3)
Requirement already satisfied: psutil>=3.2.2 in /opt/stack/data/venv/lib/python3.12/site-packages (from openstacksdk>=4.12.0->osc-lib>=1.2.0->osc-placement) (7.2.2)
Requirement already satisfied: cffi>=1.12 in /opt/stack/data/venv/lib/python3.12/site-packages (from cryptography>=2.7->openstacksdk>=4.12.0->osc-lib>=1.2.0->osc-placement) (2.1.1)
Requirement already satisfied: pycparser in /opt/stack/data/venv/lib/python3.12/site-packages (from cffi>=1.12->cryptography>=2.7->openstacksdk>=4.12.0->osc-lib>=1.2.0->osc-placement) (3.0)
Requirement already satisfied: jsonpointer>=1.9 in /opt/stack/data/venv/lib/python3.12/site-packages (from jsonpatch!=1.20,>=1.16->openstacksdk>=4.12.0->osc-lib>=1.2.0->osc-placement) (3.1.1)
Requirement already satisfied: netaddr>=0.10.0 in /opt/stack/data/venv/lib/python3.12/site-packages (from oslo.utils>=3.37.0->osc-placement) (1.3.0)
Requirement already satisfied: pyparsing>=2.1.0 in /opt/stack/data/venv/lib/python3.12/site-packages (from oslo.utils>=3.37.0->osc-placement) (3.3.2)
Requirement already satisfied: packaging>=20.4 in /opt/stack/data/venv/lib/python3.12/site-packages (from oslo.utils>=3.37.0->osc-placement) (26.3)
Requirement already satisfied: setuptools in /opt/stack/data/venv/lib/python3.12/site-packages (from pbr>=2.0.0->osc-placement) (84.0.0)
Requirement already satisfied: wcwidth>=0.3.5 in /opt/stack/data/venv/lib/python3.12/site-packages (from PrettyTable>=0.7.2->cliff>=4.9.0->osc-lib>=1.2.0->osc-placement) (0.8.2)
Requirement already satisfied: charset_normalizer<4,>=2 in /opt/stack/data/venv/lib/python3.12/site-packages (from requests>=2.14.2->keystoneauth1>=3.3.0->osc-placement) (3.5.0)
Requirement already satisfied: idna<4,>=2.5 in /opt/stack/data/venv/lib/python3.12/site-packages (from requests>=2.14.2->keystoneauth1>=3.3.0->osc-placement) (3.18)
Requirement already satisfied: urllib3<3,>=1.26 in /opt/stack/data/venv/lib/python3.12/site-packages (from requests>=2.14.2->keystoneauth1>=3.3.0->osc-placement) (2.7.0)
Requirement already satisfied: certifi>=2023.5.7 in /usr/lib/python3/dist-packages (from requests>=2.14.2->keystoneauth1>=3.3.0->osc-placement) (2023.11.17)
Requirement already satisfied: markdown-it-py>=2.2.0 in /opt/stack/data/venv/lib/python3.12/site-packages (from rich>=15.0.0->cmd2>=3.0.0->cliff>=4.9.0->osc-lib>=1.2.0->osc-placement) (4.2.0)
Requirement already satisfied: pygments<3.0.0,>=2.13.0 in /opt/stack/data/venv/lib/python3.12/site-packages (from rich>=15.0.0->cmd2>=3.0.0->cliff>=4.9.0->osc-lib>=1.2.0->osc-placement) (2.20.0)
Requirement already satisfied: mdurl~=0.1 in /usr/lib/python3/dist-packages (from markdown-it-py>=2.2.0->rich>=15.0.0->cmd2>=3.0.0->cliff>=4.9.0->osc-lib>=1.2.0->osc-placement) (0.1.2)
Using cached osc_placement-4.9.0-py3-none-any.whl (65 kB)
Installing collected packages: osc-placement
Successfully installed osc-placement-4.9.0
+ inc/python:pip_install:216               :   result=0
+ inc/python:pip_install:218               :   time_stop pip_install
+ functions-common:time_stop:2420          :   local name
+ functions-common:time_stop:2421          :   local end_time
+ functions-common:time_stop:2422          :   local elapsed_time
+ functions-common:time_stop:2423          :   local total
+ functions-common:time_stop:2424          :   local start_time
+ functions-common:time_stop:2426          :   name=pip_install
+ functions-common:time_stop:2427          :   start_time=1787877754482
+ functions-common:time_stop:2429          :   [[ -z 1787877754482 ]]
++ functions-common:time_stop:2432          :   date +%s%3N
+ functions-common:time_stop:2432          :   end_time=1787877756128
+ functions-common:time_stop:2433          :   elapsed_time=1646
+ functions-common:time_stop:2434          :   total=109683
+ functions-common:time_stop:2436          :   _TIME_START[$name]=
+ functions-common:time_stop:2437          :   _TIME_TOTAL[$name]=111329
+ inc/python:pip_install:219               :   return 0
+ lib/placement:install_placement:122      :   git_clone https://opendev.org/openstack/placement.git /opt/stack/placement master
+ functions-common:git_clone:589           :   local git_remote=https://opendev.org/openstack/placement.git
+ functions-common:git_clone:590           :   local git_dest=/opt/stack/placement
+ functions-common:git_clone:591           :   local git_ref=master
+ functions-common:git_clone:592           :   local orig_dir
++ functions-common:git_clone:593           :   pwd
+ functions-common:git_clone:593           :   orig_dir=/home/slave/devstack
+ functions-common:git_clone:594           :   local git_clone_flags=
++ functions-common:git_clone:596           :   trueorfalse False RECLONE
+ functions-common:git_clone:596           :   RECLONE=False
+ functions-common:git_clone:597           :   [[ 0 -gt 0 ]]
+ functions-common:git_clone:601           :   [[ False = \T\r\u\e ]]
+ functions-common:git_clone:610           :   echo master
+ functions-common:git_clone:610           :   egrep -q '^refs'
+ functions-common:git_clone:624           :   [[ ! -d /opt/stack/placement ]]
+ functions-common:git_clone:634           :   [[ False = \T\r\u\e ]]
+ functions-common:git_clone:669           :   sudo git config --system --add safe.directory /opt/stack/placement
+ functions-common:git_clone:672           :   cd /opt/stack/placement
+ functions-common:git_clone:673           :   git show --oneline
+ functions-common:git_clone:673           :   head -1
0d503c6d Merge "Check overall capacity before generating candidates"
+ functions-common:git_clone:674           :   cd /home/slave/devstack
+ lib/placement:install_placement:123      :   setup_develop /opt/stack/placement
+ inc/python:setup_develop:353             :   local bindep
+ inc/python:setup_develop:354             :   [[ /opt/stack/placement == -bindep* ]]
+ inc/python:setup_develop:358             :   local project_dir=/opt/stack/placement
+ inc/python:setup_develop:359             :   local extras=
+ inc/python:setup_develop:360             :   _setup_package_with_constraints_edit /opt/stack/placement -e
+ inc/python:_setup_package_with_constraints_edit:379 :   local bindep
+ inc/python:_setup_package_with_constraints_edit:380 :   [[ /opt/stack/placement == -bindep* ]]
+ inc/python:_setup_package_with_constraints_edit:384 :   local project_dir=/opt/stack/placement
+ inc/python:_setup_package_with_constraints_edit:385 :   local flags=-e
+ inc/python:_setup_package_with_constraints_edit:386 :   local extras=
++ inc/python:_setup_package_with_constraints_edit:393 :   cd /opt/stack/placement
++ inc/python:_setup_package_with_constraints_edit:393 :   pwd
+ inc/python:_setup_package_with_constraints_edit:393 :   project_dir=/opt/stack/placement
+ inc/python:_setup_package_with_constraints_edit:395 :   '[' -n /opt/stack/requirements ']'
+ inc/python:_setup_package_with_constraints_edit:399 :   local name
++ inc/python:_setup_package_with_constraints_edit:400 :   awk '/^name.*=/ {print $3}' /opt/stack/placement/setup.cfg
+ inc/python:_setup_package_with_constraints_edit:400 :   name=openstack-placement
+ inc/python:_setup_package_with_constraints_edit:401 :   '[' -z openstack-placement ']'
+ inc/python:_setup_package_with_constraints_edit:405 :   /opt/stack/requirements/.venv/bin/edit-constraints /opt/stack/requirements/upper-constraints.txt -- openstack-placement
+ inc/python:_setup_package_with_constraints_edit:408 :   setup_package /opt/stack/placement -e
+ inc/python:setup_package:436             :   local bindep=0
+ inc/python:setup_package:437             :   local bindep_flag=
+ inc/python:setup_package:438             :   local bindep_profiles=
+ inc/python:setup_package:439             :   [[ /opt/stack/placement == -bindep* ]]
+ inc/python:setup_package:444             :   local project_dir=/opt/stack/placement
+ inc/python:setup_package:445             :   local flags=-e
+ inc/python:setup_package:446             :   local extras=
+ inc/python:setup_package:450             :   [[ -n -e ]]
+ inc/python:setup_package:450             :   [[ -z '' ]]
+ inc/python:setup_package:450             :   [[ ! -e =~ ^-.* ]]
+ inc/python:setup_package:455             :   [[ ! -z '' ]]
+ inc/python:setup_package:460             :   [[ 0 == 1 ]]
+ inc/python:setup_package:464             :   pip_install -e /opt/stack/placement
Using python 3.12 to install /opt/stack/placement
+ inc/python:pip_install:210               :   env http_proxy= https_proxy= no_proxy= PIP_FIND_LINKS= /opt/stack/data/venv/bin/pip install -c /opt/stack/requirements/upper-constraints.txt -e /opt/stack/placement
Obtaining file:///opt/stack/placement
  Installing build dependencies: started
  Installing build dependencies: finished with status 'done'
  Checking if build backend supports build_editable: started
  Checking if build backend supports build_editable: finished with status 'done'
  Getting requirements to build editable: started
  Getting requirements to build editable: finished with status 'done'
  Preparing editable metadata (pyproject.toml): started
  Preparing editable metadata (pyproject.toml): finished with status 'done'
Requirement already satisfied: pbr>=3.1.1 in /opt/stack/data/venv/lib/python3.12/site-packages (from openstack-placement==16.0.0.0b2.dev5) (7.0.3)
Requirement already satisfied: SQLAlchemy>=1.4.0 in /opt/stack/data/venv/lib/python3.12/site-packages (from openstack-placement==16.0.0.0b2.dev5) (2.0.52)
Requirement already satisfied: keystonemiddleware>=4.18.0 in /opt/stack/data/venv/lib/python3.12/site-packages (from openstack-placement==16.0.0.0b2.dev5) (13.0.0)
Requirement already satisfied: Routes>=2.3.1 in /usr/lib/python3/dist-packages (from openstack-placement==16.0.0.0b2.dev5) (2.5.1)
Requirement already satisfied: WebOb>=1.8.2 in /opt/stack/data/venv/lib/python3.12/site-packages (from openstack-placement==16.0.0.0b2.dev5) (1.8.11)
Requirement already satisfied: jsonschema>=3.2.0 in /opt/stack/data/venv/lib/python3.12/site-packages (from openstack-placement==16.0.0.0b2.dev5) (4.26.0)
Requirement already satisfied: requests>=2.25.0 in /opt/stack/data/venv/lib/python3.12/site-packages (from openstack-placement==16.0.0.0b2.dev5) (2.34.2)
Requirement already satisfied: oslo.concurrency>=3.26.0 in /opt/stack/data/venv/lib/python3.12/site-packages (from openstack-placement==16.0.0.0b2.dev5) (7.6.1)
Requirement already satisfied: oslo.config>=6.7.0 in /opt/stack/data/venv/lib/python3.12/site-packages (from openstack-placement==16.0.0.0b2.dev5) (10.7.0)
Requirement already satisfied: oslo.context>=2.22.0 in /opt/stack/data/venv/lib/python3.12/site-packages (from openstack-placement==16.0.0.0b2.dev5) (6.5.0)
Requirement already satisfied: oslo.log>=4.3.0 in /opt/stack/data/venv/lib/python3.12/site-packages (from openstack-placement==16.0.0.0b2.dev5) (8.3.0)
Requirement already satisfied: oslo.serialization>=2.25.0 in /opt/stack/data/venv/lib/python3.12/site-packages (from openstack-placement==16.0.0.0b2.dev5) (5.11.0)
Requirement already satisfied: oslo.utils>=4.5.0 in /opt/stack/data/venv/lib/python3.12/site-packages (from openstack-placement==16.0.0.0b2.dev5) (10.1.1)
Requirement already satisfied: oslo.db>=8.6.0 in /opt/stack/data/venv/lib/python3.12/site-packages (from openstack-placement==16.0.0.0b2.dev5) (18.1.0)
Requirement already satisfied: oslo.policy>=6.0.0 in /opt/stack/data/venv/lib/python3.12/site-packages (from openstack-placement==16.0.0.0b2.dev5) (6.0.0)
Requirement already satisfied: oslo.middleware>=3.31.0 in /opt/stack/data/venv/lib/python3.12/site-packages (from openstack-placement==16.0.0.0b2.dev5) (8.2.0)
Requirement already satisfied: oslo.upgradecheck>=1.3.0 in /opt/stack/data/venv/lib/python3.12/site-packages (from openstack-placement==16.0.0.0b2.dev5) (2.8.0)
Requirement already satisfied: os-resource-classes>=1.1.0 in /opt/stack/data/venv/lib/python3.12/site-packages (from openstack-placement==16.0.0.0b2.dev5) (1.1.0)
Requirement already satisfied: os-traits>=3.3.0 in /opt/stack/data/venv/lib/python3.12/site-packages (from openstack-placement==16.0.0.0b2.dev5) (3.9.0)
Requirement already satisfied: microversion-parse>=0.2.1 in /opt/stack/data/venv/lib/python3.12/site-packages (from openstack-placement==16.0.0.0b2.dev5) (2.1.0)
Requirement already satisfied: attrs>=22.2.0 in /opt/stack/data/venv/lib/python3.12/site-packages (from jsonschema>=3.2.0->openstack-placement==16.0.0.0b2.dev5) (26.1.0)
Requirement already satisfied: jsonschema-specifications>=2023.03.6 in /opt/stack/data/venv/lib/python3.12/site-packages (from jsonschema>=3.2.0->openstack-placement==16.0.0.0b2.dev5) (2025.9.1)
Requirement already satisfied: referencing>=0.28.4 in /opt/stack/data/venv/lib/python3.12/site-packages (from jsonschema>=3.2.0->openstack-placement==16.0.0.0b2.dev5) (0.37.0)
Requirement already satisfied: rpds-py>=0.25.0 in /opt/stack/data/venv/lib/python3.12/site-packages (from jsonschema>=3.2.0->openstack-placement==16.0.0.0b2.dev5) (2026.6.3)
Requirement already satisfied: keystoneauth1>=3.12.0 in /opt/stack/data/venv/lib/python3.12/site-packages (from keystonemiddleware>=4.18.0->openstack-placement==16.0.0.0b2.dev5) (5.15.0)
Requirement already satisfied: oslo.cache>=3.11.0 in /opt/stack/data/venv/lib/python3.12/site-packages (from keystonemiddleware>=4.18.0->openstack-placement==16.0.0.0b2.dev5) (4.3.0)
Requirement already satisfied: oslo.i18n>=3.15.3 in /opt/stack/data/venv/lib/python3.12/site-packages (from keystonemiddleware>=4.18.0->openstack-placement==16.0.0.0b2.dev5) (6.9.0)
Requirement already satisfied: pycadf>=1.1.0 in /opt/stack/data/venv/lib/python3.12/site-packages (from keystonemiddleware>=4.18.0->openstack-placement==16.0.0.0b2.dev5) (4.1.0)
Requirement already satisfied: PyJWT>=2.4.0 in /opt/stack/data/venv/lib/python3.12/site-packages (from keystonemiddleware>=4.18.0->openstack-placement==16.0.0.0b2.dev5) (2.13.0)
Requirement already satisfied: python-keystoneclient>=3.20.0 in /opt/stack/data/venv/lib/python3.12/site-packages (from keystonemiddleware>=4.18.0->openstack-placement==16.0.0.0b2.dev5) (5.8.0)
Requirement already satisfied: iso8601>=2.0.0 in /opt/stack/data/venv/lib/python3.12/site-packages (from keystoneauth1>=3.12.0->keystonemiddleware>=4.18.0->openstack-placement==16.0.0.0b2.dev5) (2.1.0)
Requirement already satisfied: stevedore>=1.20.0 in /opt/stack/data/venv/lib/python3.12/site-packages (from keystoneauth1>=3.12.0->keystonemiddleware>=4.18.0->openstack-placement==16.0.0.0b2.dev5) (5.9.1)
Requirement already satisfied: os-service-types>=1.2.0 in /opt/stack/data/venv/lib/python3.12/site-packages (from keystoneauth1>=3.12.0->keystonemiddleware>=4.18.0->openstack-placement==16.0.0.0b2.dev5) (1.9.0)
Requirement already satisfied: typing-extensions>=4.12 in /opt/stack/data/venv/lib/python3.12/site-packages (from keystoneauth1>=3.12.0->keystonemiddleware>=4.18.0->openstack-placement==16.0.0.0b2.dev5) (4.16.0)
Requirement already satisfied: dogpile.cache>=1.3.3 in /opt/stack/data/venv/lib/python3.12/site-packages (from oslo.cache>=3.11.0->keystonemiddleware>=4.18.0->openstack-placement==16.0.0.0b2.dev5) (1.5.0)
Requirement already satisfied: decorator>=4.0.0 in /opt/stack/data/venv/lib/python3.12/site-packages (from dogpile.cache>=1.3.3->oslo.cache>=3.11.0->keystonemiddleware>=4.18.0->openstack-placement==16.0.0.0b2.dev5) (5.3.1)
Requirement already satisfied: fasteners>=0.7.0 in /opt/stack/data/venv/lib/python3.12/site-packages (from oslo.concurrency>=3.26.0->openstack-placement==16.0.0.0b2.dev5) (0.20)
Requirement already satisfied: debtcollector>=3.0.0 in /opt/stack/data/venv/lib/python3.12/site-packages (from oslo.concurrency>=3.26.0->openstack-placement==16.0.0.0b2.dev5) (3.1.0)
Requirement already satisfied: wrapt>=2.1.0 in /opt/stack/data/venv/lib/python3.12/site-packages (from debtcollector>=3.0.0->oslo.concurrency>=3.26.0->openstack-placement==16.0.0.0b2.dev5) (2.3.0)
Requirement already satisfied: netaddr>=0.7.18 in /opt/stack/data/venv/lib/python3.12/site-packages (from oslo.config>=6.7.0->openstack-placement==16.0.0.0b2.dev5) (1.3.0)
Requirement already satisfied: rfc3986>=1.2.0 in /usr/lib/python3/dist-packages (from oslo.config>=6.7.0->openstack-placement==16.0.0.0b2.dev5) (2.0.0)
Requirement already satisfied: PyYAML>=5.1 in /opt/stack/data/venv/lib/python3.12/site-packages (from oslo.config>=6.7.0->openstack-placement==16.0.0.0b2.dev5) (6.0.3)
Requirement already satisfied: alembic>=0.9.6 in /opt/stack/data/venv/lib/python3.12/site-packages (from oslo.db>=8.6.0->openstack-placement==16.0.0.0b2.dev5) (1.19.1)
Requirement already satisfied: testresources>=2.0.0 in /opt/stack/data/venv/lib/python3.12/site-packages (from oslo.db>=8.6.0->openstack-placement==16.0.0.0b2.dev5) (2.1.2)
Requirement already satisfied: testscenarios>=0.4 in /opt/stack/data/venv/lib/python3.12/site-packages (from oslo.db>=8.6.0->openstack-placement==16.0.0.0b2.dev5) (0.6.2)
Requirement already satisfied: Mako in /opt/stack/data/venv/lib/python3.12/site-packages (from alembic>=0.9.6->oslo.db>=8.6.0->openstack-placement==16.0.0.0b2.dev5) (1.4.1)
Requirement already satisfied: python-dateutil>=2.7.0 in /opt/stack/data/venv/lib/python3.12/site-packages (from oslo.log>=4.3.0->openstack-placement==16.0.0.0b2.dev5) (2.9.0.post0)
Requirement already satisfied: bcrypt>=3.1.3 in /opt/stack/data/venv/lib/python3.12/site-packages (from oslo.middleware>=3.31.0->openstack-placement==16.0.0.0b2.dev5) (5.0.0)
Requirement already satisfied: Jinja2>=2.10 in /opt/stack/data/venv/lib/python3.12/site-packages (from oslo.middleware>=3.31.0->openstack-placement==16.0.0.0b2.dev5) (3.1.6)
Requirement already satisfied: statsd>=3.2.1 in /usr/lib/python3/dist-packages (from oslo.middleware>=3.31.0->openstack-placement==16.0.0.0b2.dev5) (4.0.1)
Requirement already satisfied: MarkupSafe>=2.0 in /opt/stack/data/venv/lib/python3.12/site-packages (from Jinja2>=2.10->oslo.middleware>=3.31.0->openstack-placement==16.0.0.0b2.dev5) (3.0.3)
Requirement already satisfied: msgpack>=0.5.2 in /opt/stack/data/venv/lib/python3.12/site-packages (from oslo.serialization>=2.25.0->openstack-placement==16.0.0.0b2.dev5) (1.2.1)
Requirement already satisfied: PrettyTable>=0.7.1 in /opt/stack/data/venv/lib/python3.12/site-packages (from oslo.upgradecheck>=1.3.0->openstack-placement==16.0.0.0b2.dev5) (3.18.0)
Requirement already satisfied: pyparsing>=2.1.0 in /opt/stack/data/venv/lib/python3.12/site-packages (from oslo.utils>=4.5.0->openstack-placement==16.0.0.0b2.dev5) (3.3.2)
Requirement already satisfied: packaging>=20.4 in /opt/stack/data/venv/lib/python3.12/site-packages (from oslo.utils>=4.5.0->openstack-placement==16.0.0.0b2.dev5) (26.3)
Requirement already satisfied: psutil>=3.2.2 in /opt/stack/data/venv/lib/python3.12/site-packages (from oslo.utils>=4.5.0->openstack-placement==16.0.0.0b2.dev5) (7.2.2)
Requirement already satisfied: setuptools in /opt/stack/data/venv/lib/python3.12/site-packages (from pbr>=3.1.1->openstack-placement==16.0.0.0b2.dev5) (84.0.0)
Requirement already satisfied: wcwidth>=0.3.5 in /opt/stack/data/venv/lib/python3.12/site-packages (from PrettyTable>=0.7.1->oslo.upgradecheck>=1.3.0->openstack-placement==16.0.0.0b2.dev5) (0.8.2)
Requirement already satisfied: six>=1.5 in /opt/stack/data/venv/lib/python3.12/site-packages (from python-dateutil>=2.7.0->oslo.log>=4.3.0->openstack-placement==16.0.0.0b2.dev5) (1.17.0)
Requirement already satisfied: charset_normalizer<4,>=2 in /opt/stack/data/venv/lib/python3.12/site-packages (from requests>=2.25.0->openstack-placement==16.0.0.0b2.dev5) (3.5.0)
Requirement already satisfied: idna<4,>=2.5 in /opt/stack/data/venv/lib/python3.12/site-packages (from requests>=2.25.0->openstack-placement==16.0.0.0b2.dev5) (3.18)
Requirement already satisfied: urllib3<3,>=1.26 in /opt/stack/data/venv/lib/python3.12/site-packages (from requests>=2.25.0->openstack-placement==16.0.0.0b2.dev5) (2.7.0)
Requirement already satisfied: certifi>=2023.5.7 in /usr/lib/python3/dist-packages (from requests>=2.25.0->openstack-placement==16.0.0.0b2.dev5) (2023.11.17)
Requirement already satisfied: greenlet>=1 in /opt/stack/data/venv/lib/python3.12/site-packages (from SQLAlchemy>=1.4.0->openstack-placement==16.0.0.0b2.dev5) (3.5.5)
Building wheels for collected packages: openstack-placement
  Building editable for openstack-placement (pyproject.toml): started
  Building editable for openstack-placement (pyproject.toml): finished with status 'done'
  Created wheel for openstack-placement: filename=openstack_placement-16.0.0.0b2.dev5-0.editable-py3-none-any.whl size=8836 sha256=cf3841a58bd09763b9471f6f746174983e2db3ad73998f0377d8375dd9e59349
  Stored in directory: /tmp/pip-ephem-wheel-cache-b8jjefu3/wheels/0f/d8/4f/e8707957c726bd4763e71d7ed0672723b81ca99945904983a6
Successfully built openstack-placement
Installing collected packages: openstack-placement
Successfully installed openstack-placement-16.0.0.0b2.dev5
+ inc/python:pip_install:216               :   result=0
+ inc/python:pip_install:218               :   time_stop pip_install
+ functions-common:time_stop:2420          :   local name
+ functions-common:time_stop:2421          :   local end_time
+ functions-common:time_stop:2422          :   local elapsed_time
+ functions-common:time_stop:2423          :   local total
+ functions-common:time_stop:2424          :   local start_time
+ functions-common:time_stop:2426          :   name=pip_install
+ functions-common:time_stop:2427          :   start_time=1787877756423
+ functions-common:time_stop:2429          :   [[ -z 1787877756423 ]]
++ functions-common:time_stop:2432          :   date +%s%3N
+ functions-common:time_stop:2432          :   end_time=1787877761010
+ functions-common:time_stop:2433          :   elapsed_time=4587
+ functions-common:time_stop:2434          :   total=111329
+ functions-common:time_stop:2436          :   _TIME_START[$name]=
+ functions-common:time_stop:2437          :   _TIME_TOTAL[$name]=115916
+ inc/python:pip_install:219               :   return 0
+ inc/python:setup_package:466             :   [[ -e == \-\e ]]
+ inc/python:setup_package:466             :   [[ True == \F\a\l\s\e ]]
+ inc/python:_setup_package_with_constraints_edit:412 :   use_library_from_git /opt/stack/placement
+ inc/python:use_library_from_git:266      :   local name=/opt/stack/placement
+ inc/python:use_library_from_git:267      :   local enabled=1
+ inc/python:use_library_from_git:268      :   [[ os-brick = \A\L\L ]]
+ inc/python:use_library_from_git:268      :   [[ ,os-brick, =~ ,/opt/stack/placement, ]]
+ inc/python:use_library_from_git:269      :   return 1
+ lib/stack:stack_install_service:33       :   [[ False = True ]]
+ ./stack.sh:main:968                      :   configure_placement
+ lib/placement:configure_placement:88     :   sudo install -d -o slave /etc/placement
+ lib/placement:configure_placement:89     :   create_placement_conf
+ lib/placement:create_placement_conf:78   :   rm -f /etc/placement/placement.conf
++ lib/placement:create_placement_conf:79   :   database_connection_url placement
++ lib/database:database_connection_url:134 :   local db=placement
++ lib/database:database_connection_url:135 :   database_connection_url_mysql placement
++ lib/databases/mysql:database_connection_url_mysql:251 :   local db=placement
++ lib/databases/mysql:database_connection_url_mysql:252 :   local plugin
++ lib/databases/mysql:database_connection_url_mysql:256 :   [[ True == \T\r\u\e ]]
++ lib/databases/mysql:database_connection_url_mysql:257 :   is_service_enabled mysql
++ functions-common:is_service_enabled:2076 :   return 0
++ lib/databases/mysql:database_connection_url_mysql:258 :   plugin='&plugin=dbcounter'
++ lib/databases/mysql:database_connection_url_mysql:262 :   echo 'mysql+pymysql://root:ossdbg1stack@127.0.0.1/placement?charset=utf8&plugin=dbcounter'
+ lib/placement:create_placement_conf:79   :   iniset /etc/placement/placement.conf placement_database connection 'mysql+pymysql://root:ossdbg1stack@127.0.0.1/placement?charset=utf8&plugin=dbcounter'
+ lib/placement:create_placement_conf:80   :   iniset /etc/placement/placement.conf DEFAULT debug True
+ lib/placement:create_placement_conf:81   :   iniset /etc/placement/placement.conf api auth_strategy keystone
+ lib/placement:create_placement_conf:82   :   configure_keystone_authtoken_middleware /etc/placement/placement.conf placement
+ lib/keystone:configure_keystone_authtoken_middleware:413 :   local conf_file=/etc/placement/placement.conf
+ lib/keystone:configure_keystone_authtoken_middleware:414 :   local admin_user=placement
+ lib/keystone:configure_keystone_authtoken_middleware:415 :   local section=keystone_authtoken
+ lib/keystone:configure_keystone_authtoken_middleware:416 :   local service_type=
+ lib/keystone:configure_keystone_authtoken_middleware:418 :   configure_keystoneauth /etc/placement/placement.conf placement keystone_authtoken
+ lib/keystone:configure_keystoneauth:391  :   local conf_file=/etc/placement/placement.conf
+ lib/keystone:configure_keystoneauth:392  :   local admin_user=placement
+ lib/keystone:configure_keystoneauth:393  :   local section=keystone_authtoken
+ lib/keystone:configure_keystoneauth:395  :   iniset /etc/placement/placement.conf keystone_authtoken auth_type password
+ lib/keystone:configure_keystoneauth:396  :   iniset /etc/placement/placement.conf keystone_authtoken interface public
+ lib/keystone:configure_keystoneauth:397  :   iniset /etc/placement/placement.conf keystone_authtoken auth_url http://172.21.16.48/identity
+ lib/keystone:configure_keystoneauth:398  :   iniset /etc/placement/placement.conf keystone_authtoken username placement
+ lib/keystone:configure_keystoneauth:399  :   iniset /etc/placement/placement.conf keystone_authtoken password ossdbg1stack
+ lib/keystone:configure_keystoneauth:400  :   iniset /etc/placement/placement.conf keystone_authtoken user_domain_name Default
+ lib/keystone:configure_keystoneauth:401  :   iniset /etc/placement/placement.conf keystone_authtoken project_name service
+ lib/keystone:configure_keystoneauth:402  :   iniset /etc/placement/placement.conf keystone_authtoken project_domain_name Default
+ lib/keystone:configure_keystone_authtoken_middleware:419 :   iniset /etc/placement/placement.conf keystone_authtoken www_authenticate_uri http://172.21.16.48/identity
+ lib/keystone:configure_keystone_authtoken_middleware:420 :   iniset /etc/placement/placement.conf keystone_authtoken cafile /opt/stack/data/ca-bundle.pem
+ lib/keystone:configure_keystone_authtoken_middleware:421 :   iniset /etc/placement/placement.conf keystone_authtoken memcached_servers localhost:11211
+ lib/keystone:configure_keystone_authtoken_middleware:422 :   [[ -n '' ]]
+ lib/placement:create_placement_conf:83   :   setup_logging /etc/placement/placement.conf
+ functions:setup_logging:693              :   setup_systemd_logging /etc/placement/placement.conf
+ functions:setup_systemd_logging:710      :   local conf_file=/etc/placement/placement.conf
++ functions:setup_systemd_logging:715      :   trueorfalse False USE_JOURNAL
+ functions:setup_systemd_logging:715      :   USE_JOURNAL=False
+ functions:setup_systemd_logging:716      :   local pidstr=
+ functions:setup_systemd_logging:717      :   [[ False == \T\r\u\e ]]
+ functions:setup_systemd_logging:721      :   pidstr='(pid=%(process)d) '
+ functions:setup_systemd_logging:723      :   iniset /etc/placement/placement.conf DEFAULT logging_debug_format_suffix '[00;33m{{(pid=%(process)d) %(funcName)s %(pathname)s:%(lineno)d}}[00m'
+ functions:setup_systemd_logging:725      :   iniset /etc/placement/placement.conf DEFAULT logging_context_format_string '%(color)s%(levelname)s %(name)s [[01;36m%(global_request_id)s %(request_id)s [00;36m%(project_name)s %(user_name)s%(color)s] [01;35m%(instance)s%(color)s%(message)s[00m'
+ functions:setup_systemd_logging:726      :   iniset /etc/placement/placement.conf DEFAULT logging_default_format_string '%(color)s%(levelname)s %(name)s [[00;36m-%(color)s] [01;35m%(instance)s%(color)s%(message)s[00m'
+ functions:setup_systemd_logging:727      :   iniset /etc/placement/placement.conf DEFAULT logging_exception_prefix 'ERROR %(name)s [01;35m%(instance)s[00m'
+ functions:setup_systemd_logging:730      :   iniset /etc/placement/placement.conf DEFAULT log_color False
+ lib/placement:configure_placement:91     :   write_uwsgi_config /etc/placement/placement-uwsgi.ini placement.wsgi.api:application /placement '' placement-api
+ lib/apache:write_uwsgi_config:243        :   local conf=/etc/placement/placement-uwsgi.ini
+ lib/apache:write_uwsgi_config:244        :   local wsgi=placement.wsgi.api:application
+ lib/apache:write_uwsgi_config:245        :   local url=/placement
+ lib/apache:write_uwsgi_config:246        :   local http=
+ lib/apache:write_uwsgi_config:247        :   local name=placement-api
+ lib/apache:write_uwsgi_config:249        :   '[' -z placement-api ']'
+ lib/apache:write_uwsgi_config:255        :   local socket_dir=/var/run/uwsgi
+ lib/apache:write_uwsgi_config:259        :   sudo mkdir -p /etc/tmpfiles.d/
+ lib/apache:write_uwsgi_config:260        :   echo 'd /var/run/uwsgi 0755 slave root'
+ lib/apache:write_uwsgi_config:260        :   sudo tee /etc/tmpfiles.d/uwsgi.conf
d /var/run/uwsgi 0755 slave root
+ lib/apache:write_uwsgi_config:261        :   sudo systemd-tmpfiles --create /etc/tmpfiles.d/uwsgi.conf
/etc/tmpfiles.d/uwsgi.conf:1: Line references path below legacy directory /var/run/, updating /var/run/uwsgi → /run/uwsgi; please update the tmpfiles.d/ drop-in file accordingly.
+ lib/apache:write_uwsgi_config:263        :   local socket=/var/run/uwsgi/placement-api.socket
+ lib/apache:write_uwsgi_config:266        :   rm -rf /etc/placement/placement-uwsgi.ini
+ lib/apache:write_uwsgi_config:270        :   [[ placement.wsgi.api:application =~ ^[a-zA-Z0-9_.]+:[a-zA-Z0-9_]+$ ]]
+ lib/apache:write_uwsgi_config:271        :   iniset /etc/placement/placement-uwsgi.ini uwsgi module placement.wsgi.api:application
+ lib/apache:write_uwsgi_config:276        :   iniset /etc/placement/placement-uwsgi.ini uwsgi processes 10
+ lib/apache:write_uwsgi_config:278        :   iniset /etc/placement/placement-uwsgi.ini uwsgi master true
+ lib/apache:write_uwsgi_config:280        :   iniset /etc/placement/placement-uwsgi.ini uwsgi die-on-term true
+ lib/apache:write_uwsgi_config:281        :   iniset /etc/placement/placement-uwsgi.ini uwsgi exit-on-reload false
+ lib/apache:write_uwsgi_config:284        :   iniset /etc/placement/placement-uwsgi.ini uwsgi worker-reload-mercy 80
+ lib/apache:write_uwsgi_config:285        :   iniset /etc/placement/placement-uwsgi.ini uwsgi enable-threads true
+ lib/apache:write_uwsgi_config:286        :   iniset /etc/placement/placement-uwsgi.ini uwsgi plugins http,python3
+ lib/apache:write_uwsgi_config:288        :   iniset /etc/placement/placement-uwsgi.ini uwsgi thunder-lock true
+ lib/apache:write_uwsgi_config:290        :   iniset /etc/placement/placement-uwsgi.ini uwsgi hook-master-start 'unix_signal:15 gracefully_kill_them_all'
+ lib/apache:write_uwsgi_config:292        :   iniset /etc/placement/placement-uwsgi.ini uwsgi buffer-size 65535
+ lib/apache:write_uwsgi_config:294        :   iniset /etc/placement/placement-uwsgi.ini uwsgi add-header 'Connection: close'
+ lib/apache:write_uwsgi_config:296        :   iniset /etc/placement/placement-uwsgi.ini uwsgi lazy-apps true
+ lib/apache:write_uwsgi_config:298        :   iniset /etc/placement/placement-uwsgi.ini uwsgi start-time %t
+ lib/apache:write_uwsgi_config:301        :   [[ -n '' ]]
+ lib/apache:write_uwsgi_config:304        :   local apache_conf=
++ lib/apache:write_uwsgi_config:305        :   apache_site_config_for placement-api
++ lib/apache:apache_site_config_for:174    :   local site=placement-api
++ lib/apache:apache_site_config_for:175    :   is_ubuntu
++ functions-common:is_ubuntu:546           :   [[ -z deb ]]
++ functions-common:is_ubuntu:549           :   '[' deb = deb ']'
++ lib/apache:apache_site_config_for:177    :   echo /etc/apache2/sites-available/placement-api.conf
+ lib/apache:write_uwsgi_config:305        :   apache_conf=/etc/apache2/sites-available/placement-api.conf
+ lib/apache:write_uwsgi_config:306        :   iniset /etc/placement/placement-uwsgi.ini uwsgi socket /var/run/uwsgi/placement-api.socket
+ lib/apache:write_uwsgi_config:307        :   iniset /etc/placement/placement-uwsgi.ini uwsgi chmod-socket 666
+ lib/apache:write_uwsgi_config:308        :   echo 'ProxyPass "/placement" "unix:/var/run/uwsgi/placement-api.socket|uwsgi://uwsgi-uds-placement-api" retry=0 acquire=1 '
+ lib/apache:write_uwsgi_config:308        :   sudo tee -a /etc/apache2/sites-available/placement-api.conf
ProxyPass "/placement" "unix:/var/run/uwsgi/placement-api.socket|uwsgi://uwsgi-uds-placement-api" retry=0 acquire=1 
+ lib/apache:write_uwsgi_config:309        :   enable_apache_site placement-api
+ lib/apache:enable_apache_site:191        :   local site=placement-api
+ lib/apache:enable_apache_site:193        :   enable_apache_mod version
+ lib/apache:enable_apache_mod:55          :   local mod=version
+ lib/apache:enable_apache_mod:56          :   local should_restart=
+ lib/apache:enable_apache_mod:58          :   is_ubuntu
+ functions-common:is_ubuntu:546           :   [[ -z deb ]]
+ functions-common:is_ubuntu:549           :   '[' deb = deb ']'
+ lib/apache:enable_apache_mod:61          :   [[ version != \v\e\r\s\i\o\n ]]
+ lib/apache:enable_apache_site:194        :   is_ubuntu
+ functions-common:is_ubuntu:546           :   [[ -z deb ]]
+ functions-common:is_ubuntu:549           :   '[' deb = deb ']'
+ lib/apache:enable_apache_site:195        :   sudo a2ensite placement-api
Enabling site placement-api.
To activate the new configuration, you need to run:
  systemctl reload apache2
+ lib/apache:write_uwsgi_config:310        :   restart_apache_server
+ lib/apache:restart_apache_server:238     :   restart_service apache2
+ functions-common:restart_service:2304    :   '[' -x /bin/systemctl ']'
+ functions-common:restart_service:2305    :   sudo /bin/systemctl restart apache2
+ lib/placement:configure_placement:92     :   [[ True == \T\r\u\e ]]
+ lib/placement:configure_placement:93     :   iniset /etc/placement/placement.conf oslo_policy enforce_new_defaults True
+ ./stack.sh:main:975                      :   is_service_enabled placement placement-client
+ functions-common:is_service_enabled:2076 :   return 0
+ ./stack.sh:main:976                      :   is_service_enabled n-cpu
+ functions-common:is_service_enabled:2076 :   return 0
+ ./stack.sh:main:977                      :   configure_placement_nova_compute
+ lib/nova:configure_placement_nova_compute:636 :   local conf=/etc/nova/nova.conf
+ lib/nova:configure_placement_nova_compute:637 :   configure_keystoneauth /etc/nova/nova.conf nova placement
+ lib/keystone:configure_keystoneauth:391  :   local conf_file=/etc/nova/nova.conf
+ lib/keystone:configure_keystoneauth:392  :   local admin_user=nova
+ lib/keystone:configure_keystoneauth:393  :   local section=placement
+ lib/keystone:configure_keystoneauth:395  :   iniset /etc/nova/nova.conf placement auth_type password
+ lib/keystone:configure_keystoneauth:396  :   iniset /etc/nova/nova.conf placement interface public
+ lib/keystone:configure_keystoneauth:397  :   iniset /etc/nova/nova.conf placement auth_url http://172.21.16.48/identity
+ lib/keystone:configure_keystoneauth:398  :   iniset /etc/nova/nova.conf placement username nova
+ lib/keystone:configure_keystoneauth:399  :   iniset /etc/nova/nova.conf placement password ossdbg1stack
+ lib/keystone:configure_keystoneauth:400  :   iniset /etc/nova/nova.conf placement user_domain_name Default
+ lib/keystone:configure_keystoneauth:401  :   iniset /etc/nova/nova.conf placement project_name service
+ lib/keystone:configure_keystoneauth:402  :   iniset /etc/nova/nova.conf placement project_domain_name Default
+ ./stack.sh:main:981                      :   is_service_enabled horizon
+ functions-common:is_service_enabled:2076 :   return 0
+ ./stack.sh:main:983                      :   stack_install_service horizon
+ lib/stack:stack_install_service:20       :   local service=horizon
+ lib/stack:stack_install_service:21       :   type install_horizon
+ lib/stack:stack_install_service:23       :   [[ False = True ]]
+ lib/stack:stack_install_service:32       :   install_horizon
+ lib/horizon:install_horizon:174          :   install_apache_wsgi
+ lib/apache:install_apache_wsgi:131       :   is_ubuntu
+ functions-common:is_ubuntu:546           :   [[ -z deb ]]
+ functions-common:is_ubuntu:549           :   '[' deb = deb ']'
+ lib/apache:install_apache_wsgi:133       :   install_package apache2
+ functions-common:install_package:1438    :   update_package_repo
+ functions-common:update_package_repo:1412 :   NO_UPDATE_REPOS=False
+ functions-common:update_package_repo:1413 :   REPOS_UPDATED=True
+ functions-common:update_package_repo:1414 :   RETRY_UPDATE=False
+ functions-common:update_package_repo:1416 :   [[ False = \T\r\u\e ]]
+ functions-common:update_package_repo:1420 :   is_ubuntu
+ functions-common:is_ubuntu:546           :   [[ -z deb ]]
+ functions-common:is_ubuntu:549           :   '[' deb = deb ']'
+ functions-common:update_package_repo:1421 :   apt_get_update
+ functions-common:apt_get_update:1166     :   [[ True == \T\r\u\e ]]
+ functions-common:apt_get_update:1166     :   [[ False != \T\r\u\e ]]
+ functions-common:apt_get_update:1167     :   return
+ functions-common:install_package:1439    :   real_install_package apache2
+ functions-common:real_install_package:1426 :   is_ubuntu
+ functions-common:is_ubuntu:546           :   [[ -z deb ]]
+ functions-common:is_ubuntu:549           :   '[' deb = deb ']'
+ functions-common:real_install_package:1427 :   apt_get install apache2
+ functions-common:apt_get:1207            :   sudo DEBIAN_FRONTEND=noninteractive http_proxy= https_proxy= no_proxy= apt-get --option Dpkg::Options::=--force-confold --assume-yes install apache2
Reading package lists...
Building dependency tree...
Reading state information...
apache2 is already the newest version (2.4.58-1ubuntu8.15).
The following packages were automatically installed and are no longer required:
  alembic keystone-common pycadf-common python3-alembic python3-amqp
  python3-aniso8601 python3-asgiref python3-bs4 python3-cssselect
  python3-debtcollector python3-decorator python3-defusedxml python3-dnspython
  python3-dogpile.cache python3-elementpath python3-eventlet python3-fasteners
  python3-flask python3-flask-restful python3-futurist python3-greenlet
  python3-html5lib python3-iso8601 python3-itsdangerous python3-keystoneauth1
  python3-keystoneclient python3-keystonemiddleware python3-kombu python3-ldap
  python3-lxml python3-mako python3-memcache python3-migrate python3-monotonic
  python3-msgpack python3-os-service-types python3-oslo.cache
  python3-oslo.concurrency python3-oslo.config python3-oslo.context
  python3-oslo.db python3-oslo.i18n python3-oslo.log python3-oslo.metrics
  python3-oslo.middleware python3-oslo.policy python3-oslo.serialization
  python3-oslo.upgradecheck python3-oslo.utils python3-osprofiler
  python3-passlib python3-paste python3-pastedeploy python3-pastedeploy-tpl
  python3-pastescript python3-prometheus-client python3-pyasyncore
  python3-pycadf python3-pyinotify python3-pymysql python3-pysaml2
  python3-repoze.lru python3-rfc3986 python3-routes python3-scrypt
  python3-simplejson python3-soupsieve python3-sqlalchemy
  python3-sqlalchemy-ext python3-sqlparse python3-statsd python3-tempita
  python3-tenacity python3-testscenarios python3-vine python3-webencodings
  python3-webob python3-werkzeug python3-wrapt python3-xmlschema xmlsec1
Use 'sudo apt autoremove' to remove them.
0 upgraded, 0 newly installed, 0 to remove and 80 not upgraded.
+ functions-common:apt_get:1211            :   result=0
+ functions-common:apt_get:1214            :   time_stop apt-get
+ functions-common:time_stop:2420          :   local name
+ functions-common:time_stop:2421          :   local end_time
+ functions-common:time_stop:2422          :   local elapsed_time
+ functions-common:time_stop:2423          :   local total
+ functions-common:time_stop:2424          :   local start_time
+ functions-common:time_stop:2426          :   name=apt-get
+ functions-common:time_stop:2427          :   start_time=1787877762943
+ functions-common:time_stop:2429          :   [[ -z 1787877762943 ]]
++ functions-common:time_stop:2432          :   date +%s%3N
+ functions-common:time_stop:2432          :   end_time=1787877763557
+ functions-common:time_stop:2433          :   elapsed_time=614
+ functions-common:time_stop:2434          :   total=6553
+ functions-common:time_stop:2436          :   _TIME_START[$name]=
+ functions-common:time_stop:2437          :   _TIME_TOTAL[$name]=7167
+ functions-common:apt_get:1215            :   return 0
+ lib/apache:install_apache_wsgi:134       :   is_package_installed libapache2-mod-wsgi
+ functions-common:is_package_installed:1447 :   [[ -z libapache2-mod-wsgi ]]
+ functions-common:is_package_installed:1451 :   [[ -z deb ]]
+ functions-common:is_package_installed:1455 :   [[ deb = \d\e\b ]]
+ functions-common:is_package_installed:1456 :   dpkg -s libapache2-mod-wsgi
+ lib/apache:install_apache_wsgi:137       :   install_package libapache2-mod-wsgi-py3
+ functions-common:install_package:1438    :   update_package_repo
+ functions-common:update_package_repo:1412 :   NO_UPDATE_REPOS=False
+ functions-common:update_package_repo:1413 :   REPOS_UPDATED=True
+ functions-common:update_package_repo:1414 :   RETRY_UPDATE=False
+ functions-common:update_package_repo:1416 :   [[ False = \T\r\u\e ]]
+ functions-common:update_package_repo:1420 :   is_ubuntu
+ functions-common:is_ubuntu:546           :   [[ -z deb ]]
+ functions-common:is_ubuntu:549           :   '[' deb = deb ']'
+ functions-common:update_package_repo:1421 :   apt_get_update
+ functions-common:apt_get_update:1166     :   [[ True == \T\r\u\e ]]
+ functions-common:apt_get_update:1166     :   [[ False != \T\r\u\e ]]
+ functions-common:apt_get_update:1167     :   return
+ functions-common:install_package:1439    :   real_install_package libapache2-mod-wsgi-py3
+ functions-common:real_install_package:1426 :   is_ubuntu
+ functions-common:is_ubuntu:546           :   [[ -z deb ]]
+ functions-common:is_ubuntu:549           :   '[' deb = deb ']'
+ functions-common:real_install_package:1427 :   apt_get install libapache2-mod-wsgi-py3
+ functions-common:apt_get:1207            :   sudo DEBIAN_FRONTEND=noninteractive http_proxy= https_proxy= no_proxy= apt-get --option Dpkg::Options::=--force-confold --assume-yes install libapache2-mod-wsgi-py3
Reading package lists...
Building dependency tree...
Reading state information...
libapache2-mod-wsgi-py3 is already the newest version (5.0.0-1build2).
The following packages were automatically installed and are no longer required:
  alembic keystone-common pycadf-common python3-alembic python3-amqp
  python3-aniso8601 python3-asgiref python3-bs4 python3-cssselect
  python3-debtcollector python3-decorator python3-defusedxml python3-dnspython
  python3-dogpile.cache python3-elementpath python3-eventlet python3-fasteners
  python3-flask python3-flask-restful python3-futurist python3-greenlet
  python3-html5lib python3-iso8601 python3-itsdangerous python3-keystoneauth1
  python3-keystoneclient python3-keystonemiddleware python3-kombu python3-ldap
  python3-lxml python3-mako python3-memcache python3-migrate python3-monotonic
  python3-msgpack python3-os-service-types python3-oslo.cache
  python3-oslo.concurrency python3-oslo.config python3-oslo.context
  python3-oslo.db python3-oslo.i18n python3-oslo.log python3-oslo.metrics
  python3-oslo.middleware python3-oslo.policy python3-oslo.serialization
  python3-oslo.upgradecheck python3-oslo.utils python3-osprofiler
  python3-passlib python3-paste python3-pastedeploy python3-pastedeploy-tpl
  python3-pastescript python3-prometheus-client python3-pyasyncore
  python3-pycadf python3-pyinotify python3-pymysql python3-pysaml2
  python3-repoze.lru python3-rfc3986 python3-routes python3-scrypt
  python3-simplejson python3-soupsieve python3-sqlalchemy
  python3-sqlalchemy-ext python3-sqlparse python3-statsd python3-tempita
  python3-tenacity python3-testscenarios python3-vine python3-webencodings
  python3-webob python3-werkzeug python3-wrapt python3-xmlschema xmlsec1
Use 'sudo apt autoremove' to remove them.
0 upgraded, 0 newly installed, 0 to remove and 80 not upgraded.
+ functions-common:apt_get:1211            :   result=0
+ functions-common:apt_get:1214            :   time_stop apt-get
+ functions-common:time_stop:2420          :   local name
+ functions-common:time_stop:2421          :   local end_time
+ functions-common:time_stop:2422          :   local elapsed_time
+ functions-common:time_stop:2423          :   local total
+ functions-common:time_stop:2424          :   local start_time
+ functions-common:time_stop:2426          :   name=apt-get
+ functions-common:time_stop:2427          :   start_time=1787877763659
+ functions-common:time_stop:2429          :   [[ -z 1787877763659 ]]
++ functions-common:time_stop:2432          :   date +%s%3N
+ functions-common:time_stop:2432          :   end_time=1787877764281
+ functions-common:time_stop:2433          :   elapsed_time=622
+ functions-common:time_stop:2434          :   total=7167
+ functions-common:time_stop:2436          :   _TIME_START[$name]=
+ functions-common:time_stop:2437          :   _TIME_TOTAL[$name]=7789
+ functions-common:apt_get:1215            :   return 0
+ lib/apache:install_apache_wsgi:152       :   enable_apache_mod wsgi
+ lib/apache:enable_apache_mod:55          :   local mod=wsgi
+ lib/apache:enable_apache_mod:56          :   local should_restart=
+ lib/apache:enable_apache_mod:58          :   is_ubuntu
+ functions-common:is_ubuntu:546           :   [[ -z deb ]]
+ functions-common:is_ubuntu:549           :   '[' deb = deb ']'
+ lib/apache:enable_apache_mod:61          :   [[ wsgi != \v\e\r\s\i\o\n ]]
+ lib/apache:enable_apache_mod:61          :   a2query -m wsgi
wsgi (enabled by maintainer script)
+ lib/horizon:install_horizon:178          :   pip_install_gr pymemcache
+ inc/python:pip_install_gr:94             :   local name=pymemcache
+ inc/python:pip_install_gr:95             :   local clean_name
++ inc/python:pip_install_gr:96             :   get_from_global_requirements pymemcache
++ inc/python:get_from_global_requirements:241 :   local package=pymemcache
++ inc/python:get_from_global_requirements:242 :   local required_pkg
+++ inc/python:get_from_global_requirements:243 :   grep -i -h '^pymemcache' /opt/stack/requirements/global-requirements.txt
+++ inc/python:get_from_global_requirements:243 :   cut -d# -f1
++ inc/python:get_from_global_requirements:243 :   required_pkg='pymemcache!=1.3.0  '
++ inc/python:get_from_global_requirements:244 :   [[ pymemcache!=1.3.0   == '' ]]
++ inc/python:get_from_global_requirements:247 :   echo 'pymemcache!=1.3.0'
+ inc/python:pip_install_gr:96             :   clean_name='pymemcache!=1.3.0'
+ inc/python:pip_install_gr:97             :   pip_install 'pymemcache!=1.3.0'
Using python 3.12 to install pymemcache!=1.3.0
+ inc/python:pip_install:210               :   env http_proxy= https_proxy= no_proxy= PIP_FIND_LINKS= /opt/stack/data/venv/bin/pip install -c /opt/stack/requirements/upper-constraints.txt 'pymemcache!=1.3.0'
Collecting pymemcache!=1.3.0
  Using cached pymemcache-4.0.0-py2.py3-none-any.whl.metadata (14 kB)
Using cached pymemcache-4.0.0-py2.py3-none-any.whl (60 kB)
Installing collected packages: pymemcache
Successfully installed pymemcache-4.0.0
+ inc/python:pip_install:216               :   result=0
+ inc/python:pip_install:218               :   time_stop pip_install
+ functions-common:time_stop:2420          :   local name
+ functions-common:time_stop:2421          :   local end_time
+ functions-common:time_stop:2422          :   local elapsed_time
+ functions-common:time_stop:2423          :   local total
+ functions-common:time_stop:2424          :   local start_time
+ functions-common:time_stop:2426          :   name=pip_install
+ functions-common:time_stop:2427          :   start_time=1787877764400
+ functions-common:time_stop:2429          :   [[ -z 1787877764400 ]]
++ functions-common:time_stop:2432          :   date +%s%3N
+ functions-common:time_stop:2432          :   end_time=1787877765975
+ functions-common:time_stop:2433          :   elapsed_time=1575
+ functions-common:time_stop:2434          :   total=115916
+ functions-common:time_stop:2436          :   _TIME_START[$name]=
+ functions-common:time_stop:2437          :   _TIME_TOTAL[$name]=117491
+ inc/python:pip_install:219               :   return 0
+ lib/horizon:install_horizon:180          :   git_clone https://opendev.org/openstack/horizon.git /opt/stack/horizon master
+ functions-common:git_clone:589           :   local git_remote=https://opendev.org/openstack/horizon.git
+ functions-common:git_clone:590           :   local git_dest=/opt/stack/horizon
+ functions-common:git_clone:591           :   local git_ref=master
+ functions-common:git_clone:592           :   local orig_dir
++ functions-common:git_clone:593           :   pwd
+ functions-common:git_clone:593           :   orig_dir=/home/slave/devstack
+ functions-common:git_clone:594           :   local git_clone_flags=
++ functions-common:git_clone:596           :   trueorfalse False RECLONE
+ functions-common:git_clone:596           :   RECLONE=False
+ functions-common:git_clone:597           :   [[ 0 -gt 0 ]]
+ functions-common:git_clone:601           :   [[ False = \T\r\u\e ]]
+ functions-common:git_clone:610           :   echo master
+ functions-common:git_clone:610           :   egrep -q '^refs'
+ functions-common:git_clone:624           :   [[ ! -d /opt/stack/horizon ]]
+ functions-common:git_clone:634           :   [[ False = \T\r\u\e ]]
+ functions-common:git_clone:669           :   sudo git config --system --add safe.directory /opt/stack/horizon
+ functions-common:git_clone:672           :   cd /opt/stack/horizon
+ functions-common:git_clone:673           :   git show --oneline
+ functions-common:git_clone:673           :   head -1
777a2cb58 Add filtering to the image metadata form
+ functions-common:git_clone:674           :   cd /home/slave/devstack
+ lib/stack:stack_install_service:33       :   [[ False = True ]]
+ ./stack.sh:main:986                      :   is_service_enabled tls-proxy
+ functions-common:is_service_enabled:2076 :   return 1
+ ./stack.sh:main:990                      :   is_service_enabled cinder
+ functions-common:is_service_enabled:2076 :   return 0
+ ./stack.sh:main:992                      :   init_os_brick
+ lib/cinder:init_os_brick:524             :   mkdir -p /opt/stack/data/os_brick
+ lib/cinder:init_os_brick:525             :   is_service_enabled cinder
+ functions-common:is_service_enabled:2076 :   return 0
+ lib/cinder:init_os_brick:526             :   iniset /etc/cinder/cinder.conf os_brick lock_path /opt/stack/data/os_brick
+ lib/cinder:init_os_brick:528             :   is_service_enabled nova
+ functions-common:is_service_enabled:2076 :   return 0
+ lib/cinder:init_os_brick:529             :   iniset /etc/nova/nova.conf os_brick lock_path /opt/stack/data/os_brick
+ lib/cinder:init_os_brick:531             :   is_service_enabled glance
+ functions-common:is_service_enabled:2076 :   return 0
+ lib/cinder:init_os_brick:532             :   iniset /etc/glance/glance-api.conf os_brick lock_path /opt/stack/data/os_brick
+ lib/cinder:init_os_brick:533             :   iniset /etc/glance/glance-cache.conf os_brick lock_path /opt/stack/data/os_brick
+ ./stack.sh:main:999                      :   run_phase stack install
+ functions-common:run_phase:1848          :   local mode=stack
+ functions-common:run_phase:1849          :   local phase=install
+ functions-common:run_phase:1850          :   [[ -d /home/slave/devstack/extras.d ]]
+ functions-common:run_phase:1851          :   local extra_plugin_file_name
+ functions-common:run_phase:1852          :   for extra_plugin_file_name in $TOP_DIR/extras.d/*.sh
+ functions-common:run_phase:1857          :   local exceptions=80-tempest.sh
+ functions-common:run_phase:1858          :   local extra
++ functions-common:run_phase:1859          :   basename /home/slave/devstack/extras.d/80-tempest.sh
+ functions-common:run_phase:1859          :   extra=80-tempest.sh
+ functions-common:run_phase:1860          :   [[ 80-tempest.sh =~ 80-tempest\.sh ]]
+ functions-common:run_phase:1864          :   [[ -r /home/slave/devstack/extras.d/80-tempest.sh ]]
+ functions-common:run_phase:1864          :   source /home/slave/devstack/extras.d/80-tempest.sh stack install
++ extras.d/80-tempest.sh:source:3          :   is_service_enabled tempest
++ functions-common:is_service_enabled:2076 :   return 0
++ extras.d/80-tempest.sh:source:4          :   [[ stack == \s\o\u\r\c\e ]]
++ extras.d/80-tempest.sh:source:7          :   [[ stack == \s\t\a\c\k ]]
++ extras.d/80-tempest.sh:source:7          :   [[ install == \i\n\s\t\a\l\l ]]
++ extras.d/80-tempest.sh:source:8          :   echo_summary 'Installing Tempest'
++ ./stack.sh:echo_summary:444              :   [[ -t 3 ]]
++ ./stack.sh:echo_summary:450              :   echo -e Installing Tempest
++ extras.d/80-tempest.sh:source:9          :   async_runfunc install_tempest
++ inc/async:async_runfunc:116              :   async_run install_tempest install_tempest
++ inc/async:async_inner:63                 :   install_tempest
[1779027 Async install_tempest:1804272]: running: install_tempest
++ extras.d/80-tempest.sh:source:27         :   [[ stack == \u\n\s\t\a\c\k ]]
++ extras.d/80-tempest.sh:source:32         :   [[ stack == \c\l\e\a\n ]]
+ functions-common:run_phase:1869          :   [[ stack == \s\o\u\r\c\e ]]
+ functions-common:run_phase:1872          :   [[ stack == \o\v\e\r\r\i\d\e\_\d\e\f\a\u\l\t\s ]]
+ functions-common:run_phase:1875          :   run_plugins stack install
+ functions-common:run_plugins:1834        :   local mode=stack
+ functions-common:run_plugins:1835        :   local phase=install
+ functions-common:run_plugins:1837        :   local plugins=
+ functions-common:run_plugins:1838        :   local plugin
+ ./stack.sh:main:1002                     :   use_library_from_git python-openstackclient
+ inc/python:use_library_from_git:266      :   local name=python-openstackclient
+ inc/python:use_library_from_git:267      :   local enabled=1
+ inc/python:use_library_from_git:268      :   [[ os-brick = \A\L\L ]]
+ inc/python:use_library_from_git:268      :   [[ ,os-brick, =~ ,python-openstackclient, ]]
+ inc/python:use_library_from_git:269      :   return 1
+ ./stack.sh:main:1006                     :   pip_install_gr python-openstackclient
+ inc/python:pip_install_gr:94             :   local name=python-openstackclient
+ inc/python:pip_install_gr:95             :   local clean_name
++ inc/python:pip_install_gr:96             :   get_from_global_requirements python-openstackclient
++ inc/python:get_from_global_requirements:241 :   local package=python-openstackclient
++ inc/python:get_from_global_requirements:242 :   local required_pkg
+++ inc/python:get_from_global_requirements:243 :   grep -i -h '^python-openstackclient' /opt/stack/requirements/global-requirements.txt
+++ inc/python:get_from_global_requirements:243 :   cut -d# -f1
++ inc/python:get_from_global_requirements:243 :   required_pkg='python-openstackclient!=7.3.0,!=7.3.1  '
++ inc/python:get_from_global_requirements:244 :   [[ python-openstackclient!=7.3.0,!=7.3.1   == '' ]]
++ inc/python:get_from_global_requirements:247 :   echo 'python-openstackclient!=7.3.0,!=7.3.1'
+ inc/python:pip_install_gr:96             :   clean_name='python-openstackclient!=7.3.0,!=7.3.1'
+ inc/python:pip_install_gr:97             :   pip_install 'python-openstackclient!=7.3.0,!=7.3.1'
Using python 3.12 to install python-openstackclient!=7.3.0,!=7.3.1
+ inc/python:pip_install:210               :   env http_proxy= https_proxy= no_proxy= PIP_FIND_LINKS= /opt/stack/data/venv/bin/pip install -c /opt/stack/requirements/upper-constraints.txt 'python-openstackclient!=7.3.0,!=7.3.1'
Collecting python-openstackclient!=7.3.0,!=7.3.1
  Using cached python_openstackclient-10.2.1-py3-none-any.whl.metadata (10 kB)
Requirement already satisfied: cryptography>=2.7 in /opt/stack/data/venv/lib/python3.12/site-packages (from python-openstackclient!=7.3.0,!=7.3.1) (43.0.3)
Requirement already satisfied: cliff>=4.13.0 in /opt/stack/data/venv/lib/python3.12/site-packages (from python-openstackclient!=7.3.0,!=7.3.1) (4.15.0)
Requirement already satisfied: iso8601>=0.1.11 in /opt/stack/data/venv/lib/python3.12/site-packages (from python-openstackclient!=7.3.0,!=7.3.1) (2.1.0)
Requirement already satisfied: openstacksdk>=4.16.0 in /opt/stack/data/venv/lib/python3.12/site-packages (from python-openstackclient!=7.3.0,!=7.3.1) (4.18.0)
Requirement already satisfied: osc-lib>=4.6.0 in /opt/stack/data/venv/lib/python3.12/site-packages (from python-openstackclient!=7.3.0,!=7.3.1) (4.7.0)
Requirement already satisfied: oslo.i18n>=3.15.3 in /opt/stack/data/venv/lib/python3.12/site-packages (from python-openstackclient!=7.3.0,!=7.3.1) (6.9.0)
Requirement already satisfied: python-keystoneclient>=3.22.0 in /opt/stack/data/venv/lib/python3.12/site-packages (from python-openstackclient!=7.3.0,!=7.3.1) (5.8.0)
Collecting python-manilaclient>=6.0.0 (from python-openstackclient!=7.3.0,!=7.3.1)
  Using cached python_manilaclient-6.2.0-py3-none-any.whl.metadata (5.5 kB)
Requirement already satisfied: requests>=2.27.0 in /opt/stack/data/venv/lib/python3.12/site-packages (from python-openstackclient!=7.3.0,!=7.3.1) (2.34.2)
Requirement already satisfied: stevedore>=2.0.1 in /opt/stack/data/venv/lib/python3.12/site-packages (from python-openstackclient!=7.3.0,!=7.3.1) (5.9.1)
Requirement already satisfied: autopage>=0.4.0 in /opt/stack/data/venv/lib/python3.12/site-packages (from cliff>=4.13.0->python-openstackclient!=7.3.0,!=7.3.1) (0.6.0)
Requirement already satisfied: cmd2>=3.0.0 in /opt/stack/data/venv/lib/python3.12/site-packages (from cliff>=4.13.0->python-openstackclient!=7.3.0,!=7.3.1) (4.2.0)
Requirement already satisfied: PrettyTable>=0.7.2 in /opt/stack/data/venv/lib/python3.12/site-packages (from cliff>=4.13.0->python-openstackclient!=7.3.0,!=7.3.1) (3.18.0)
Requirement already satisfied: PyYAML>=3.12 in /opt/stack/data/venv/lib/python3.12/site-packages (from cliff>=4.13.0->python-openstackclient!=7.3.0,!=7.3.1) (6.0.3)
Requirement already satisfied: prompt-toolkit>=3.0.53 in /opt/stack/data/venv/lib/python3.12/site-packages (from cmd2>=3.0.0->cliff>=4.13.0->python-openstackclient!=7.3.0,!=7.3.1) (3.0.53)
Requirement already satisfied: pyperclip>=1.8.2 in /opt/stack/data/venv/lib/python3.12/site-packages (from cmd2>=3.0.0->cliff>=4.13.0->python-openstackclient!=7.3.0,!=7.3.1) (1.11.0)
Requirement already satisfied: rich>=15.0.0 in /opt/stack/data/venv/lib/python3.12/site-packages (from cmd2>=3.0.0->cliff>=4.13.0->python-openstackclient!=7.3.0,!=7.3.1) (15.0.0)
Requirement already satisfied: rich-argparse>=1.7.2 in /opt/stack/data/venv/lib/python3.12/site-packages (from cmd2>=3.0.0->cliff>=4.13.0->python-openstackclient!=7.3.0,!=7.3.1) (1.8.0)
Requirement already satisfied: cffi>=1.12 in /opt/stack/data/venv/lib/python3.12/site-packages (from cryptography>=2.7->python-openstackclient!=7.3.0,!=7.3.1) (2.1.1)
Requirement already satisfied: pycparser in /opt/stack/data/venv/lib/python3.12/site-packages (from cffi>=1.12->cryptography>=2.7->python-openstackclient!=7.3.0,!=7.3.1) (3.0)
Requirement already satisfied: decorator>=4.4.1 in /opt/stack/data/venv/lib/python3.12/site-packages (from openstacksdk>=4.16.0->python-openstackclient!=7.3.0,!=7.3.1) (5.3.1)
Requirement already satisfied: dogpile.cache>=0.6.5 in /opt/stack/data/venv/lib/python3.12/site-packages (from openstacksdk>=4.16.0->python-openstackclient!=7.3.0,!=7.3.1) (1.5.0)
Requirement already satisfied: jmespath>=0.9.0 in /opt/stack/data/venv/lib/python3.12/site-packages (from openstacksdk>=4.16.0->python-openstackclient!=7.3.0,!=7.3.1) (1.1.0)
Requirement already satisfied: jsonpatch!=1.20,>=1.16 in /opt/stack/data/venv/lib/python3.12/site-packages (from openstacksdk>=4.16.0->python-openstackclient!=7.3.0,!=7.3.1) (1.33)
Requirement already satisfied: keystoneauth1>=5.10.0 in /opt/stack/data/venv/lib/python3.12/site-packages (from openstacksdk>=4.16.0->python-openstackclient!=7.3.0,!=7.3.1) (5.15.0)
Requirement already satisfied: os-service-types>=1.8.1 in /opt/stack/data/venv/lib/python3.12/site-packages (from openstacksdk>=4.16.0->python-openstackclient!=7.3.0,!=7.3.1) (1.9.0)
Requirement already satisfied: pbr!=2.1.0,>=2.0.0 in /opt/stack/data/venv/lib/python3.12/site-packages (from openstacksdk>=4.16.0->python-openstackclient!=7.3.0,!=7.3.1) (7.0.3)
Requirement already satisfied: platformdirs>=3 in /opt/stack/data/venv/lib/python3.12/site-packages (from openstacksdk>=4.16.0->python-openstackclient!=7.3.0,!=7.3.1) (4.11.3)
Requirement already satisfied: psutil>=3.2.2 in /opt/stack/data/venv/lib/python3.12/site-packages (from openstacksdk>=4.16.0->python-openstackclient!=7.3.0,!=7.3.1) (7.2.2)
Requirement already satisfied: jsonpointer>=1.9 in /opt/stack/data/venv/lib/python3.12/site-packages (from jsonpatch!=1.20,>=1.16->openstacksdk>=4.16.0->python-openstackclient!=7.3.0,!=7.3.1) (3.1.1)
Requirement already satisfied: typing-extensions>=4.12 in /opt/stack/data/venv/lib/python3.12/site-packages (from keystoneauth1>=5.10.0->openstacksdk>=4.16.0->python-openstackclient!=7.3.0,!=7.3.1) (4.16.0)
Requirement already satisfied: oslo.utils>=3.33.0 in /opt/stack/data/venv/lib/python3.12/site-packages (from osc-lib>=4.6.0->python-openstackclient!=7.3.0,!=7.3.1) (10.1.1)
Requirement already satisfied: netaddr>=0.10.0 in /opt/stack/data/venv/lib/python3.12/site-packages (from oslo.utils>=3.33.0->osc-lib>=4.6.0->python-openstackclient!=7.3.0,!=7.3.1) (1.3.0)
Requirement already satisfied: pyparsing>=2.1.0 in /opt/stack/data/venv/lib/python3.12/site-packages (from oslo.utils>=3.33.0->osc-lib>=4.6.0->python-openstackclient!=7.3.0,!=7.3.1) (3.3.2)
Requirement already satisfied: packaging>=20.4 in /opt/stack/data/venv/lib/python3.12/site-packages (from oslo.utils>=3.33.0->osc-lib>=4.6.0->python-openstackclient!=7.3.0,!=7.3.1) (26.3)
Requirement already satisfied: setuptools in /opt/stack/data/venv/lib/python3.12/site-packages (from pbr!=2.1.0,>=2.0.0->openstacksdk>=4.16.0->python-openstackclient!=7.3.0,!=7.3.1) (84.0.0)
Requirement already satisfied: wcwidth>=0.3.5 in /opt/stack/data/venv/lib/python3.12/site-packages (from PrettyTable>=0.7.2->cliff>=4.13.0->python-openstackclient!=7.3.0,!=7.3.1) (0.8.2)
Requirement already satisfied: debtcollector>=1.2.0 in /opt/stack/data/venv/lib/python3.12/site-packages (from python-keystoneclient>=3.22.0->python-openstackclient!=7.3.0,!=7.3.1) (3.1.0)
Requirement already satisfied: oslo.config>=5.2.0 in /opt/stack/data/venv/lib/python3.12/site-packages (from python-keystoneclient>=3.22.0->python-openstackclient!=7.3.0,!=7.3.1) (10.7.0)
Requirement already satisfied: oslo.serialization>=2.18.0 in /opt/stack/data/venv/lib/python3.12/site-packages (from python-keystoneclient>=3.22.0->python-openstackclient!=7.3.0,!=7.3.1) (5.11.0)
Requirement already satisfied: wrapt>=2.1.0 in /opt/stack/data/venv/lib/python3.12/site-packages (from debtcollector>=1.2.0->python-keystoneclient>=3.22.0->python-openstackclient!=7.3.0,!=7.3.1) (2.3.0)
Requirement already satisfied: rfc3986>=1.2.0 in /usr/lib/python3/dist-packages (from oslo.config>=5.2.0->python-keystoneclient>=3.22.0->python-openstackclient!=7.3.0,!=7.3.1) (2.0.0)
Requirement already satisfied: msgpack>=0.5.2 in /opt/stack/data/venv/lib/python3.12/site-packages (from oslo.serialization>=2.18.0->python-keystoneclient>=3.22.0->python-openstackclient!=7.3.0,!=7.3.1) (1.2.1)
Requirement already satisfied: oslo.log>=3.36.0 in /opt/stack/data/venv/lib/python3.12/site-packages (from python-manilaclient>=6.0.0->python-openstackclient!=7.3.0,!=7.3.1) (8.3.0)
Requirement already satisfied: oslo.context>=2.21.0 in /opt/stack/data/venv/lib/python3.12/site-packages (from oslo.log>=3.36.0->python-manilaclient>=6.0.0->python-openstackclient!=7.3.0,!=7.3.1) (6.5.0)
Requirement already satisfied: python-dateutil>=2.7.0 in /opt/stack/data/venv/lib/python3.12/site-packages (from oslo.log>=3.36.0->python-manilaclient>=6.0.0->python-openstackclient!=7.3.0,!=7.3.1) (2.9.0.post0)
Requirement already satisfied: six>=1.5 in /opt/stack/data/venv/lib/python3.12/site-packages (from python-dateutil>=2.7.0->oslo.log>=3.36.0->python-manilaclient>=6.0.0->python-openstackclient!=7.3.0,!=7.3.1) (1.17.0)
Requirement already satisfied: charset_normalizer<4,>=2 in /opt/stack/data/venv/lib/python3.12/site-packages (from requests>=2.27.0->python-openstackclient!=7.3.0,!=7.3.1) (3.5.0)
Requirement already satisfied: idna<4,>=2.5 in /opt/stack/data/venv/lib/python3.12/site-packages (from requests>=2.27.0->python-openstackclient!=7.3.0,!=7.3.1) (3.18)
Requirement already satisfied: urllib3<3,>=1.26 in /opt/stack/data/venv/lib/python3.12/site-packages (from requests>=2.27.0->python-openstackclient!=7.3.0,!=7.3.1) (2.7.0)
Requirement already satisfied: certifi>=2023.5.7 in /usr/lib/python3/dist-packages (from requests>=2.27.0->python-openstackclient!=7.3.0,!=7.3.1) (2023.11.17)
Requirement already satisfied: markdown-it-py>=2.2.0 in /opt/stack/data/venv/lib/python3.12/site-packages (from rich>=15.0.0->cmd2>=3.0.0->cliff>=4.13.0->python-openstackclient!=7.3.0,!=7.3.1) (4.2.0)
Requirement already satisfied: pygments<3.0.0,>=2.13.0 in /opt/stack/data/venv/lib/python3.12/site-packages (from rich>=15.0.0->cmd2>=3.0.0->cliff>=4.13.0->python-openstackclient!=7.3.0,!=7.3.1) (2.20.0)
Requirement already satisfied: mdurl~=0.1 in /usr/lib/python3/dist-packages (from markdown-it-py>=2.2.0->rich>=15.0.0->cmd2>=3.0.0->cliff>=4.13.0->python-openstackclient!=7.3.0,!=7.3.1) (0.1.2)
Using cached python_openstackclient-10.2.1-py3-none-any.whl (1.3 MB)
Using cached python_manilaclient-6.2.0-py3-none-any.whl (412 kB)
Installing collected packages: python-manilaclient, python-openstackclient

Successfully installed python-manilaclient-6.2.0 python-openstackclient-10.2.1
+ inc/python:pip_install:216               :   result=0
+ inc/python:pip_install:218               :   time_stop pip_install
+ functions-common:time_stop:2420          :   local name
+ functions-common:time_stop:2421          :   local end_time
+ functions-common:time_stop:2422          :   local elapsed_time
+ functions-common:time_stop:2423          :   local total
+ functions-common:time_stop:2424          :   local start_time
+ functions-common:time_stop:2426          :   name=pip_install
+ functions-common:time_stop:2427          :   start_time=1787877766538
+ functions-common:time_stop:2429          :   [[ -z 1787877766538 ]]
++ functions-common:time_stop:2432          :   date +%s%3N
+ functions-common:time_stop:2432          :   end_time=1787877770629
+ functions-common:time_stop:2433          :   elapsed_time=4091
+ functions-common:time_stop:2434          :   total=117491
+ functions-common:time_stop:2436          :   _TIME_START[$name]=
+ functions-common:time_stop:2437          :   _TIME_TOTAL[$name]=121582
+ inc/python:pip_install:219               :   return 0
+ ./stack.sh:main:1007                     :   is_service_enabled openstack-cli-server
+ functions-common:is_service_enabled:2076 :   return 1
+ ./stack.sh:main:1014                     :   install_oscwrap
++ functions-common:install_oscwrap:2470    :   mktemp
+ functions-common:install_oscwrap:2470    :   OSCWRAP_TIMER_FILE=/tmp/tmp.eqX9fNzEw7
+ functions-common:install_oscwrap:2473    :   shopt -s expand_aliases
+ functions-common:install_oscwrap:2476    :   unalias -a
+ functions-common:install_oscwrap:2478    :   alias openstack=oscwrap
+ ./stack.sh:main:1019                     :   [[ False != \F\a\l\s\e ]]
+ ./stack.sh:main:1059                     :   '[' -f /opt/stack/data/ca-bundle.pem ']'
+ ./stack.sh:main:1067                     :   is_service_enabled mysql postgresql
+ functions-common:is_service_enabled:2076 :   return 0
+ ./stack.sh:main:1068                     :   configure_database
+ lib/database:configure_database:128      :   configure_database_mysql
+ lib/databases/mysql:configure_database_mysql:60 :   local my_conf mysql slow_log my_client_conf
+ lib/databases/mysql:configure_database_mysql:61 :   echo_summary 'Configuring and starting MySQL'
+ ./stack.sh:echo_summary:444              :   [[ -t 3 ]]
+ ./stack.sh:echo_summary:450              :   echo -e Configuring and starting MySQL
+ lib/databases/mysql:configure_database_mysql:63 :   is_ubuntu
+ functions-common:is_ubuntu:546           :   [[ -z deb ]]
+ functions-common:is_ubuntu:549           :   '[' deb = deb ']'
+ lib/databases/mysql:configure_database_mysql:64 :   my_conf=/etc/mysql/my.cnf
+ lib/databases/mysql:configure_database_mysql:76 :   is_ubuntu
+ functions-common:is_ubuntu:546           :   [[ -z deb ]]
+ functions-common:is_ubuntu:549           :   '[' deb = deb ']'
+ lib/databases/mysql:configure_database_mysql:77 :   is_fips_enabled
++ functions-common:is_fips_enabled:2541    :   cat /proc/sys/crypto/fips_enabled
cat: /proc/sys/crypto/fips_enabled: No such file or directory
+ functions-common:is_fips_enabled:2541    :   fips=
+ functions-common:is_fips_enabled:2542    :   '[' '' == 1 ']'
++ lib/databases/mysql:configure_database_mysql:85 :   ipv6_unquote 0.0.0.0
++ functions-common:ipv6_unquote:2218       :   echo 0.0.0.0
++ functions-common:ipv6_unquote:2218       :   tr -d '[]'
+ lib/databases/mysql:configure_database_mysql:85 :   iniset -sudo /etc/mysql/my.cnf mysqld bind-address 0.0.0.0
tee: /etc/mysql/my.cnf: No such file or directory
exit_trap: cleaning up child processes
Error on exit
ovs-vsctl: unix:/var/run/openvswitch/db.sock: database connection failed (No such file or directory)
ovs-vsctl: unix:/var/run/openvswitch/db.sock: database connection failed (No such file or directory)
